!Copyright (C) 1991-2013 Altera Corporation
!Your use of Altera Corporation's design tools, logic functions 
!and other software and tools, and its AMPP partner logic 
!functions, and any output files from any of the foregoing 
!(including device programming or simulation files), and any 
!associated documentation or information are expressly subject 
!to the terms and conditions of the Altera Program License 
!Subscription Agreement, Altera MegaCore Function License 
!Agreement, or other applicable license agreement, including, 
!without limitation, that your use is for the sole purpose of 
!programming logic devices manufactured by Altera and sold by 
!Altera or its authorized distributors.  Please refer to the 
!applicable agreement for further details.
!
!Quartus II SVF converter 13.0
!
!Device #1: EP2C8 - /media/AES67/FPGA/boards/altera/cyc2/output_files/cyc2.sof Thu Jul 30 14:28:30 2026
!
!NOTE "USERCODE" "004CE1EB";
!
!NOTE "CHECKSUM" "004CE1EB";
!
!
!
FREQUENCY 2.50E+07 HZ;
!
!
!
TRST ABSENT;
ENDDR IDLE;
ENDIR IRPAUSE;
STATE IDLE;
SIR 10 TDI (002);
RUNTEST IDLE 25000 TCK ENDSTATE IDLE;
SDR 1983392 TDI (00000000FFFFFFFFFFFFFFFFFFFFFFFFFFFFFFFFFFFFFFFFFFFFFFFFFFFFFFFFFFFFFFFFFFFFFFFF9C0F0000000000000000000000000000000000000000000000000000000000000000000000000000000000000000000000000000000000000000000000000000000000000000000000000000000000
	00000000000000000000000000000000000000000000000000000000008000000000000000000000000000000000000000000040000000000000000000000000000000000000000000000000000000000000000000007606000000000000000000000000000000000000000000000000000000000000000000000000000000
	0000000000000000000000000000000000000000000000000000000000000000000000000000000000000000000000000000000000000000000000800000000000000000000000000000000000000000000000000000000000000000000000000000000000000000000000000000000000000000000000000000000013B000
	00000000000000000000000000000000000000000000000000000000000000000000000000000000000000000000000000000000000000000000000000000000000000000000000000000000000000000000000000000000000000000000000000000000000000000000000000000000000000000000000000000000000000
	0000000000000000000000000000000000000000000000000000000000000000000000F9B9000000000000000000000000000000000000000000000000000000000000000000000000000000000000000000000000000000000000000000000000000000000000000000000000000000000000000000000000000000000000
	0000000000000000800000000000000080000000000000000000000000000000000000000000400000000000000000000000000000000000000000000000000000000000000000000013B000000000000000000000000000000000000000000000000000000000000000000000000000000000000000000000000000000000
	00000000000000000000000000000000000000000000000000000000000000000000000000000000000000000000000000000000000000000000000000000000000000000000000000000000000000000000000000000000000000000000000000000000000000000000000000000013DA0000000000000400000000000000
	00000000000004000000000000000000000000000000800000000000000040000000000000002000000000000000000000000000200000000000000000000400800000000000000000001000040000000000000002000000100000000000000000000000000000000000000020000000000000000000000000000000000002
	0000001000000000000000000002000000000000000013B000000000000000000000000000000000000000000000000000000000000000000000000000000000000000000000000000000000000000000000000000000000000000000000000000000000000000000000000000000000000000000000000000000000000000
	00000000000000000000000000000000000000000000000000000000000000000000000000000000000000000000000000000000000000000000000013B00000000000000000000000000000000000000000000000000000000000000000000000000000000000000000000000000000000000000000000000000000000000
	00000000000000000000000000000000000000000000000000000000000000000000000000000000000000000000000000000000000000000000000000000000000000000000000000000000000000000000000000000000000000000000000000000EF6000020000800020080001000000080000000000002000000100000
	00800000000800000040000000040000000000080004000000000004000000000008000400400000000400000000000800020000000000000000000000000002000000000000008100000000000000400000000000810000000000040040000000040000000000000000004000200004000000200000000000000000000400
	0000000000000000008A7A0200000010000000000000000000020000001000000000000000000000000000000004000000000000000000000000000000000000000800000000000000000000000000080002000000000000000000000000000200000000000000800000000000000000000000000888000000000000000000
	0000000000002000000000004000000800000000000000000008080000000000000000000800000000001000000000303E000020000800020000001000040080000000000002000000100004008000000008000000400000000400800000000800000040000000040000002000080000004000000004000000200008000200
	00000000040080000000000002000000100004008100000000000200400810000000810000000000000840000800040000002000000000084000000004000000200800000200000010000C0008000000000002000019D000002000080002000000100000008000000000000200000010000000800000000800000040000000
	04000000000008000000000000000400000000000800000040000000040000000000080002000000000000000000000000000200000000000000810000000000000040000000000081000000000000004000000004000000000000000000400000000400000020000000000000000000040000000000000000000013B00000
	00000000000000000000000000000000000000000000000000000000000000000000000000000000000000000000000000000000000000000000000000000000000000000000000000000000000000000000000000000000000000000000000000000000000000000000000000000000000000000000000000000000000000
	00000000000000000000000000000000000000000000000000000000000000000000410500000000000000000000000000000000000000000000000000000000000000000000000040000000000000000000000000000000000000000000000000000000400000000000000000000000000000000000000000000000000000
	00000000000000000000000000000040000000000000000000000000000000000000000000000000000000000000000000000000000000000000000000040000000000000000000074C50000000008000000000000000000000000000000000000000000000000000000080000000000000000000000000000000000000000
	000000000000000000000000000000000000000000000000000000000000000000000000000000000000000000000100000000000000000000000000010000000000004000000000000000000000000000000000000400000000000000000000000000000000000000000000000013B0000000000000000000000000000000
	00000000000000000000000000000000000000000000000000000000000000000000000000000000000000000000000000000000000000000000000000000000000000000000000000000000000000000000000000000000000000000000000000000000000000000000000000000000000000000000000000000000000000
	000000000000000000000000000000000000000000B8480000000000000000000000000000000000000000000000000000000000000000000000000000000000000000000000000000000000000000000000000000000000400000000000000000000000000000000000000000000000000000000000000000000000000000
	000000000000000000000000000000000000000000000000000000000000000000000000000000000000000000000000000400000000000000000063DD000000000008000000000000000000000000000000000000000000000000000000000000000000000000000000000000000000000000000000000000000000000000
	0000000000000000000000000000000000000000000000000000000000000000000000000000000000400000000000000000000000000000000000000000000000000000000000000000000000000000000000000000000000000000000000000013B000000000000000000000000000000000000000000000000000000000
	00000000000000000000000000000000000000000000000000000000000000000000000000000000000000000000000000000000000000000000000000000000000000000000000000000000000000000000000000000000000000000000000000000000000000000000000000000000000000000000000000000000000000
	000000000000000013B0000000000000000000000000000000000000000000000000000000000000000000000000000000000000000000000000000000000000000000000000000000000000000000000000000000000000000000000000000000000000000000000000000000000000000000000000000000000000000000
	000000000000000000000000000000000000000000000000000000000000000000000000000000000000000000004E1800000000000000000000000000000000000000000000000000000000000000000000000000000000000000000000000000000000000000000000000000000000000000000000000000000000000000
	00000000000000000000000000000000000000000000000000000000000000000001000000000000000000000000000000000000000000000000000400000000000000000000000000000000000000000000000073FD0000000000000000000000000000000000000000000000000000000000000000080000004000000000
	000000000000000000000000000000000000000000000000000000000000000000000000000000000000000000000000000000000000000000000100000000000000000000000000000000000000004000000000000000000000000000000000000000000000000000000000000000000000000000000000000013B0000000
	00000000000000000000000000000000000000000000000000000000000000000000000000000000000000000000000000000000000000000000000000000000000000000000000000000000000000000000000000000000000000000000000000000000000000000000000000000000000000000000000000000000000000
	000000000000000000000000000000000000000000000000000000000000000000D0F50000000000000000000000000000000000000000000000000000000000000000000000000000000000000000000000000000000000000000000000000000000000004000000000000000000000000000000000000000000000000000
	0000000000000000000000000000000000000000000000000000000000000000000000000000000000000000000000000000000000000000000000000000050000000000000000D0F5000000000000000000000000000000000000000000000000000000000000000000000000000000000000000000000000000000000000
	0000000000000000000000004000000000000000000000000000000000000000000000000000000000000000000000000000000000000000000000000000000000000000000000000000000000000000000000000000000000000000000000000000000005000000000000000013B000000000000000000000000000000000
	00000000000000000000000000000000000000000000000000000000000000000000000000000000000000000000000000000000000000000000000000000000000000000000000000000000000000000000000000000000000000000000000000000000000000000000000000000000000000000000000000000000000000
	0000000000000000000000000000000000000000A18C000000000000000000000000000000000000000001000000000000000000000000000000000000000000000000000000000000000000000000000000000000000000000000000000000000000000000000008000000000000000000000000000000000000000000000
	000000000000000000000000000000000000000000000000000000000000800000000000000000000040000000000000000000000000000000004A2200000000000000000000000000000000000800000040000000000000000000000000000000000000040000000000000000000000000000000000000000000000200000
	000000000000000200000000000000000000000000000400000000000000000000000000000000004000000001000000100020000010000000000000000000000000000000000024008000401000004000000000000000000000000000000000FA020010100080180000000000000000000000000010001020000800000000
	00000000080000000000000000000000040004000000000000000000000000000000000240001008000800000000000002000008000000800000000001000000000800000800000020000004000000000018002018000004000020240000040000000000001000240012000000000000400004000000000000001000400000
	080000000000004F7510001000009000000000000000000000000000000000002008000000000000000008000000000000000000000400000000000000000000000000000000000000024000000000080000000000000200000000000000800000010400000000000000000000000000000004000000000000000800002000
	000000040000000000000000001024001200000000004000100000000000000000100000000008000000000000D32B0000000000080000000000000000000008000010401000000000000000000000000000000000000000040000000000040000000000000000000000000000000000200010080000000000000000000000
	00000000000000000000000000000800000000000020000000000040000019000010000004002000001000040000000000000000000000000000002400000040000000400000000000000000000000000000006766000000000000000000000000000000000000000000000000000000000000000000000000000000000000
	00000000000000000000000000000000000000000000000000000000000000000200000000000800000000000000000000000000000008000000000000000000000000000000002000100000000000200000000000000000000000000000000000008000040000000000000000000040000000000000000000971F00000000
	00000000000000000000000000001000000000000000000000280000004000000000020000000000000000000000000000000000000000000000000000000000000800000000000000000000000100000000000010000000000000000000000000000800000000000000000000000000000000000000000000000000000000
	2000100000000000000000000000000000000000000000000000000000000400E85B800000000000000000000000000040000000000000000000040000000000000000000000040000000000000000400000000000000000000040000000000000000000000000000000000000000000000000000000400000004A00000000
	0000000000000040000000000000001000000000000004000000001000000000000000000000000000004030000000000000020000080000000010000000002000000000000015D500800000000000000000000000000040000000000000000000040000000800000040000004000200000000004000000000000000000000
	000000000000000000000000000800000000000000000000000001000000000000005800000000000000000000004000000000000000100000000000000000000000100000000000000000002000000040201000000000020000000000000000000000000020000000000000D4B30000000000000000000000000000000000
	00001000000000000000002000000000000000000000000000000000000000000000000000000000400000000000000000000000000000000000000000000000000000400000000002000000000000000000000000000800000000000000000000040000000000000000000000000000000000100000000000000000000000
	00000800000000100000000000000000040000F58400000000010000000000000080000000000000100000001000000000200000000008000000400000000000000000000000480000000000000000000000000020000000040002002048120000000000000000000000000000000000000000000000000000000000080000
	000000000400000000001000000840200000000000000020000010000000000000020000000000000000000000100000480000004000000000E8AA0000010000200001000020040000000000004000000000000000000000481000000200000038100020880000080000000000100000080001000040080800000440080000
	00000000000000000000000000040000002000000008000000100008000020001000400200000018000008800000000000000000100040080841000041100000022000400000000000040002000000000000200400000000000000800400004DAC000001000001000100000000008000000000004000000000000000002800
	00000000000000400000000000000000000000401000000800000000000000080400000000040000002040100000000000000000000000000000080000000000000000000020000000000000000000000000000000001000000030400800000000002000000010000000000002000000000000000000000000000000080000
	004080000000A2B8000000000020000000000000000000000000100000000010000000000040100000080000082000102008000008000000080000000000000000000000000020000048000002000000000A000000000000000000000000000000000000001000080000000000104800000008000000080400000000000008
	00000000400040000001100000220040000000000000040002000000000000100000004000000000000480008936000001000000000004000000200000000000000000000000000000000000020000001000000080000000000000000000000000000100000000000000400000000000000000000000000000000000000000
	00200000000000000000000000000000000000001000001000000080000000000000000000000000000100000008000000400000000000000000000000020000000000040000002000000000000080000000672A902C6012102C60820428449220086096340840B2240940B2240940B2300902B4264912A03449D200A009D2
	2420199204045992200558932409409A244D00D224691090244D02902049021024419204284D9224006992040040B2060940B0040900B2044902B0064912A014499A20A451920020499204004B82240158932409409A244900D22409009264090092646910000401121668051030486916320048042001002084802C481200
	2C489200284892040848922408489224094092240940922449009424490280244952002449D204204992040449922404489224014092240D009224490090244D0280244912002449920020499204004992240048B2260940B2240900B2244900B0244902A024491A202449920020499204004B922400489224014092240900
	92244900926449028264691200244912006849120448491634004816240100B9BD00200080000000000000001000000000004000000000001000000814000000000008000420081000000800002000000000000020000800040040100000000004000010004810000800000000400000000000004048000000000000480800
	000000000040000000084200000000000000082004500200004800000400000400400000000000040C100000001000044C0000000010000000000000400200084800000000B1350000000000000000104000001000000000400004104008041000000000000000000000000000000400000800000008000400000000000000
	00100000200000080000004820100200200000482000100000001008000010000000100008001040080010004000000008000000400400000000000008202010480020000000041000002410000804100000000000080000020800000000000000000000000800000200000D221C1C98303038301438281C30141C54447C5C
	7C74304C2C242C0468287C7E1030222828082CAC3C7CFC5C747C107838383C383C39585C454810001810181C5C1C1818783818185010183A7830181048080010000078503030181868680818484860782000103008086A2838CC107898185050141416060A0818513C34756C14141C042C0C7C185C5C1E4E4646065E1E1E1E
	1E5A4A4A125E5A16467A521E1E121202920066D8141498301018001010601C101018705034545C54704C08042800000034541010060C2C0C3428343CFC18141C30783838383C7C7C181C05041000181018145410303870381838401010125010281048184450404028187878101800002038080818182000407042404A083C
	4C1C7C88080018243C5C4C5A4A18502C34252404041C043C0C74385C1C1E0E540606160C0E1E1E1A520A025E0A06066A520A0A5E5E485A00EA7A801438B8383034303130381C1C14545464743830242C2C2C2C3C642C6A783030222A28209C242C6CE8E87078306838383028393058480D0100000808100054541848187850
	10125212521050400008484460505850705050282828286878080800086068605042480A42FA5E5038D0900010545052525A505918387C1D151414140C2C0C7C5C5C580C4C484C1C5C3C3C367E525E52125A5E10503E364C4C46464242003622981C38B838303838387818181C141C1C3C3C3830242C282C2C2C2424307430
	3020202C2424242C3C6C283C3C30783838303C7C5C1818444450400000200014103878207858181252105010506800285848500818485818186068606008086868787828282010606028606E4254305030607820301810585078383C7C5454545400002C2C2C2C4C0C1E065C0E1E1E3C3E327C12521010581810101E164C4C
	525A0C8E00B13B080080000800000009000000080000000800000000000000000000000004000000000000000000000004000000000000000004000000044000000000000004000000600000004000000040000000400000004000000040002000400020004000204000002040000020400000004008000040000000420000
	00400000004000000000000000000000000002000000020000000008000000000000040040001400400000012B2030309000081010584014201000042004505060104024141C1020203050041000100C28000030044450007870083030140810681404100000000000341000301800103008102210202A0840040810401008
	0018383020081808080002005810100810181020080062000C040804100800702008120A080A2800100430240000141018182810144C5856401A0848084A12401050084A00100450481200100A020208007537000001002020200020202000001850002820001020201000202400484428202C2028000000340C1830282400
	0840000008242C100808000410100040000C3C4020280840102818420800301000200018000408000000000000005018280000000050000000180000000000184428282000001410245400200000081004501010000404000044000004081C00040414102016020810103C4850001020000804981800008CFC1C0401201010
	4020010000100004005050042000440C082000005C10080018000C0420002C08406008005804003008002010000400100450000010100820000C001000082000042012100028381028200810500000084800001000001018000828000A0008400208080A020210100000380808040800121050300400080000040840202004
	284800020000445212400404084802400042040000020000001080400200F8CD0000000000004000450010000000000000000000000030000004100000000214000410201000802004002000000000202000100001000000080000104000000020000000200000000000000000002408080028002000000800000000000000
	0000000008020000001000100480100000000004000010100220000500000008000000500000000000000004421000040240000008040808402000400000000000088000BF5F040001000020002000000000000000006000002030440000200000080000200020000000000400082800040000000000000804080800001000
	0000000000004808000008000000000020000824000000000010000000000018000000000008000800100200000000000008000000080000100800000008000000000000000000000020000008400008020800000A001000080240001000000010082008000080000000D9B400080000000000000800000010005000480400
	100000042000000804400420000810000000204000000004302000000020002000000000040000000020000034000000002008000000000000000000001000000010000020000000000020000000200000001008002000000000080000000014200420120000000400000404000400001000040C1010040400040004001400
	1000400800100004000200000004080000F4E1000000200000000000200000000000000000004000400000000040200000000400001000080014200040000808400010000000000000004000000000400C00080000100800000020000800201000040804002008000000000000001000000010100010000040000010000000
	00000020006000004000000000000000106000100000400000000000000000001000004000020000140000042000001000000008024000814800200010000000100040000000000020000000000000000000000000082008000000200000000000000040000000000000000000000000000010400000000000000000200000
	00180210000800080010000000000800000800000000001000004000000000000000000A000000001000000000000002000010001000000000000050000800600000020010000000000800000000000000000000000000000210000000CA060000001010002000000010240000540000000010000000001000000000000000
	000804000028000000001000006010200000201C00000000000000000010100400201000000000020010102020000400000040002000000000004000100840081008000802000002000000001000000800000000080400201000000004000000000000080800000804000000020C0800000048000002080050000000000000
	12000000734B20100000000000100000000004000000041000200400000000000000001000000400000800000810180000001000000010040040180400000000000008000000100000001000000000200000001000000010001010004000001008000200000000000000080000000000020004000000180000080012000020
	000008001000000810002000100000104800000040000004000000000000020000000010000000008000DC1B0400200010080000100000200008000000000040000808101400300010400000000000080400000010004008000808000000000000000000100000106010200000004000100800200000000000086000080000
	000000000000000010000800100000000010200000004002000860000000080000000000000040000000280010040044000400440000004000000000001000000200006000000002000000000800100039C3100000802000000020000000100000001020000000200004002840000028180000200000000040040060000000
	10000008140000001400140000000000040000001800000000421408024010000000100000000000080000000800080000000000000000080000080A00000C04000020200010000800000808001000000000000000000000200000400018004000104022001000400010044000100000000000020000DD6810280000000400
	00004000000000000000000010144000000408000000080810000000000408022024000000001800042400000000000000000000000400100040100008040000082000000000000000000000000800000000000001000010000020000000200008000020004000040000200008102000480000040000242040022020100020
	4000000804000040000010084900000000000000080000400806008000FF9C000010000012000000201000000880022800000800001008402218400000004044000400000000541000000800241008004000000800040000040010102808000008001008001000420808001008000210000000000000200008002800080804
	00410008001000000800000518220000001010000000000020022800000000040000000004000000201000080510006800020010002040004000000220046000002200AEB720001000021400000000000008000080000000000400001800021000000000400000000400004010002000080004100000000000000000000000
	000020000010000800080000000040080000000000001000000000080000000000080800100401000000200000000800040000000000000000002000000020000820000000000020000000000000200000004000000800100000000000000000000000040004000000FEAE0000000000000000402000040000220020001800
	40100000480000400000000000440000100000001000000010000004000400000008000000040800180000401000001000081800200200000010000000040000200000000000002000000000200000080010020000100120124000003000100000100000020000000004002008000020600000000010000010040020020808
	41002400000000002A6000620000200042DD08100000000000000000100000002000080000000000000000240008000810080000000018042600040000000028000800600000000004000000001000040008400000000400000000000800000802000004000020000020000801000000000840000000000002080010000028
	000004000000080000004800000004002000440002001004004000080008040001400000001000000000404000000000000800000200BA3F0000000000000000000000000000080000200400001008400000004400600000000000000040080000000000040000000400000000000000040000000000000000040000400088
	0000000200100010400000080000000000280000500000001804484000000000080000000000000000000000180000100000000040000000000002000000000000000450000040000000004800100000420000081000000030000000BB0E004002204004080000000208000040000008002000002000400C20080000200008
	00200000001000000020040008200A003800002000022000000000100008000840080000001000080040100000080010080050084000440002000828004000020000000C4000002840002008000008003820001000002000081020000010200000002004004200200000200200002240200000004000004800010000000000
	4810009FE600400000000408000000000200000048082024001000084048000044600020000800200000000810000000040C002000002C000000202000040000001000000004480000004088100000120000000058100040100008000002200850000840180244400004080800204800000800080008000020000030000000
	10000000102000022000040002402000001000000200400000404010000000480001000000200840009601000020020040000000000800000000000000000000000020040008200000000000000000004000000000002000000A00001000000000020000000000000000080000000800000000080000400010000008000008
	40000440080000000020000008000000400000000000200000000000102000181000000008002040000000000000000000000000000460000240200000200800000040020000081000000010100000761E00000000000000000000000000000000000000000000000004000000000000000400000024400000000000240008
	00000048000000000204000002240800000000000000080200444000000000020000081000000810000000100000000200000000000000000000000000000000040002000000100000001000200002000000000020000000000000000C00000000000000400200000000000000020200000000000098DF0000010020004C00
	200000000400002200200000042000000028100200280000400200000018001008A00000000410040000000C08000001400040080000060048000004000000001002040010400000000600000062000048020400001004002008000800000822000200180800208810004C0000024800004000080001004042080000021048
	000000000240005002000008000001100C00001068000010480001002EC200000100200000082000000000000002002000000420000000201200082000000040000008200010082004000000100008000000080000044000200008000200004000000008000052000000004000000210000010400000084004000000000000
	08000800000000000200000000080000004000100240000010080000004000020000000000004000000A0400401000000002080001100000001042000010C8010000B878000000000000004000000000000400000000000000000000000C000000000000000400004004000000000020040804000040000C00000200000006
	00000004000800000400020044000004000210000000080000080200001200000010020004002000000000280000000800000800241200080400000800400020000002000000002000021008000000000000004002000000400000080000000008000200000080001CC5010001000000000004000000200000000000000000
	00000000000000000002000000000000008000000200000000000000000000010000000000000040000000000000000000000000000008000000000000000000000000004000000000000000000000000000001000000080000000000000000000000000000100000000000080400000100000000000000000000000000000
	040000022800000000000000000000F27480240C121060088204600C922040289624400892344100823049408624094A94260952803409D004A00BD2042009D20420099224254A930029409A246500D2286102802C6912902469020024699204204D9224006992260048B0240148B6240108B224410AB0264112A430499A24
	A4419A2020499224204992042148930429429A046900D204290090442102804C2812024D211204480D122648601004094032240900D55B802448120024489200204892040048922400489224014092240940922449409024494280244952002449D2042049D2040049922424489224014092240D00922C4900902C49128024
	491200244992002049920400499226004892240140962409009224490090244902842449120424499A0020499204004992240048922401429224090092244900906449028064491200644912006049120440491224004812240100BCE600042000000020000000000000000000040000200400082000000820000000200400
	02240008002000181A2000000A200000000004001000004000000410000800000048001000080000004000100000080200000010000808000000000004400002104040040000480000004200001000000050002000004800001000000050000008000000000200000010020000020000001000000092000000100000001010
	8000FC4B004000800000000000000000000000000000000400000804000008000000000000000800000008000000000004000000040008000000000000000000001000080400020004000240040002080000104800000248000412480004124800001000000000000024000000040002002400000020000248000012000000
	0200000012000000120000001202080000020000000000000000000000000000000240000002400026AAC44420A05454101440404060040424004424446404142C3C5C7C1C7C0C4E2C680C7C06661ECA3634C64406124E4E2E6E4E6E26276464113C10001010343C4A0E28482A5A6E0A0E6A027E065E624A00300810561612
	1276161A7E1A4A7A682C3C5E1A18583C7C283C484C1A8C3C1CAA385212125262621A3A12127A58533A72321212180A7A3A5A7A581A6A5A48285B7B42026A4E4A3A4E4A02422B0B081A282842020087ACE46444C41414303020200400444424004424042454501C1C1C3C0C3C4C4C0C084E6C062E5E48165EAE6E266202460E
	460A2E4662242455747060383018184A0E20442A5E6E0A1C78127A06562018407A041246123C1C741C1E7E12481208585C7A2A18581C5C0E0C282C1E086C48CA487232004012021A3852523018533250101A00302252121A3A581A285A18380B6B10103A1A48304E0812127B5B4A5A28285212000FB2A4A4C0402434243020
	206040444424602444644464741C1C34342C5C2E6C0C4C3E6C2646BE7A1612F0F022306C740E4E4A4C0F0E6C645971707020201C1C6A6E4C6C6C2C4C6A642E60446000486A6A7206521454781A3E7E7A5E480A4A487C7A3C7A48484C1C7A2C2A2EDA7A5E7AFAFA30605240020A3818705052702B6352521A1238306A707A5A
	78124A686828795972125E7A782A4C5E10507B7B5A4A2878327200BFF6A4A4E4644454405060604040040404402444644014147C7C747024184C4C2C246C6C24024C483E7A3A7A004004442C6E080C4642242414305050202038380A0E40606C3E486A703E70586404486A383802521450581A2C687E5A68287A683C3A145A
	68686C28642848480628163A787810406260727A705032025070327270703220180832303018701208703838294922021A3A78284A1800001B1B1A0228782260009EBD400080204000002040000000400000004000200040002000400020000000200000002000000020000004200000002000000000000000044000200000
	0028000000204010002040001020400000204000000040000000400020004000200040002040000020400004204000042040000020400000204000200040002000400020000000200000002000000020000000200010002000100000001000004010000040100056B604000000400000000000000000000000040000000400
	0004400018640000004000404048000242404044004E0C00620C404E24000004200000300048000000000C000C0028060000000A125E220A00021A26040A3A02000E18200802001250102600040244140000080A0000125200001200100238102A00120002000010022010100A080000481002022840404009000042600850
	020002004000281200000020400011BC000400040004000440000004400000040000002400000010001404004442280C400008244648200C06085A1000460C4220000A242408000000000000002C0A0420080056040814560E140000001042080018025004000410060800501A0008004814080038000004244400040C0402
	1A4010020000080010080A001A00021000024010300048324848505200001840404000000200080A404010010260080280001200F326000000A0100014200000000004000000004404005014340018084018080C40000C0C06020804181208022000521800000E2000480800145C000010100C000448000412001210020820
	000C001804181000001804001C08400016120C2008060C100A101C00080E0802000E0A00281800200208100242100A005038005B000000000200021A1200021008001A0800220200100A400A40400000000A00080208820200006D3C0000000000000000000000042000040000040004000400000000000004000200000010
	040200840000080018080000400204000801000004001000004800000000000000000000080026140000220E0000002400000200000400000010000000000400000200000810000000800008000200000000000200000201100000080000004800080000080002004000000120000000220400000020000000000000004000
	00B0B00000000010000000000000000000000000000000100000001000200400080000000020000C0008000002000000140002000000000C2000000000080000040400280000002610000400100000100800000000000200104800000040020008000210080000000800040804020810080010000002000000000000002000
	080000000000000000002040000020020840084000400040080200000040000018000280008000D21C0000000404000000000000000004000000000000000000000008000040000000044000000040120800000002000000000000002800001000000010000000000800000408180000000000000200000200000400000008
	0400020000000000040000040000000000000000000000020200100000000000000000000810020000001000100000000000001000000000000000000000000000004000020000200000000000A576000000004000000040000000004000000000040050000000001010400000004000000640000000400004004000120004
	0C400640000000000000000040004000000002100000000000000008000404001800080200041208000C0000002000002002000020000000002000060000000020000000481008000040000010001002000040004A000012000008000000020010000000020000022010018000000000220000958500042000000000200000
	00000000000000000000000014000040000C00000008080000000000200000400000004020000220000000000040000000000000020000000000000000000008000000000050000200000000000000100008020000080000040800180000420000000048001000000200022000021000000200000000000200001000000040
	020000080000000002080000404800000008200000000810000000670000000000000000000000000000000000000000000000000800000000020000000800000040000000000008004400000040000008042000000000000020000000040000000A0010020800101000000000200000000000040000100200020400000004
	0000000000000800000000000000120008000000001000000010010800004000200200000008000010000000000000000000000002000002000002000000000094B300000000000000040000000000000000000000000000300000000000000000200000000802000200000E00200000460800000000000008002000400000
	0C000008000400000404020400040000000800000004100000000000000000080040180800021000140802000400000004080000000010000218000800000000002000001002081000004000000008401000024000080000080000000000000048000000000031A30000800000001400000000000000000000000000000400
	00040000400044000000000800000C4010004042100800080020082000000000140000001040000000000000000000500000000800000800100A0000100008000020080C1000100000001008100440000000020800100600020000100000080000020000000000000002005002000000001840100000000000000042000050
	400000000008000200000200006F5400040000000000000000000000000000004420000000040000001800000844084004420000000000000004000002000000000400000000000000000000000408000452000000000200004002020000001000084026100000120000000000001042000000000004000000040000200000
	00400000100010200008020840020000000000000000001A000000420000400000000000000000000000000000000200000000A3590000080000242000000000028440000000000004304000041000000400004000000002040008080000081000041000000002000000000200000010002402100000020004000010600002
	0200001010000010140800001008000020000800000009202000000000080800200000002000002000000020000100000008100000500200280000204000100000000040401002000800000000020008000202084800200000D09A0C0000000000000048020008020004402004100000040000084418020008040800440000
	40002640040004488208000004480408000004005004000010080800846808100A000004400C281402280A20004200008C002000460011001000010002040C00000004000004060004500410080210080010020422101000000000000020040010000200490220000401220018000261002A48000240100000002400000300
	289F0800000800000000000000000042040000000010600000000840100008000000440002000040000200001000028400000608000400000000000000000000080000040000000000544008201838021000020004000880000000002010001000012108000800000000040006000000100020080008000000000010000800
	0000000020080400000200024000204000100010002200020000400A000010000040242000006821000000000000200008020A04000400402004000004000000000004000000080002000000100064080C000400000800000040000800000200000008001A2000500080000402000020000002040000002200040010002020
	10044000010000000000000000000006080018000044100020020010000010000402000010011010000A00002040100000001100000400204000020800002000000000022008000000000300B5750400000000240000400000048000000000000400001000040014000A000004400200040008000000000000481000000000
	00000000000004500408100004000042280810080000000600000000000008500400080024080002000000000800000600042000000200000000200000040000000000200000032000000000000040080000002000400008000000010002000008014008000A000040000000020008000000E3890200000010040000000002
	000400100006000C000000480004001000000C000500080008000C08100240000000000200004200000410002004400000040200000000402000000800000600200000001210000000020012000800080002040100000800080400000000000800040000000040010040000000000000000000000000000200000000030000
	00004100000000000001000008014000000202000000004100371004000C9240000000400000104000020C400000104000240240084A00400020000004440020020400002C0A001004180008040A000008020400200210000002000820000A0420104010200240020000004A00180010000840000400422000002020000000
	28000C0020040200224000032800000A200808200800182200041220200000000008003008460122080600280600000008000200000040000C400200001000D3EC0006128C14000000400000024004021C40061408000006004800421800082401000C4400220400180204080210040010460000080C100402006000120600
	000200282800000008500402600202000010000800100010000A0800084000020000000800002408080024000802244201000840000B20400020080012000400003220000200000801220402020104410800040000010008000300400240400002000001008320000000000040000000000010000000000000000000404820
	040000000440000000000800000800042048000000000A0000080200000000200400000000000000000002402400000020100000000002004012000800021040000402000024200100200008000004000000000000000002002000000800000800002008000000000000000000000010004820000208200002000000000008
	000000000006080000104000CD390004001200000002020000120400400000000010000000020400000000080000004000000400080000000800000800040008000400001200004000000000000808021000000200002010000000000000000000000000000000002008001200000000000000000000010004480000044200
	0000000020200200000000100000020204000000000100000040000000000000000002000001000200C00002000000000000A73900000000100400400000000C0800082008060600000800100800020000402000040A0002001012400084001000000002000400200800000100040018000002440000000C08000000004800
	000040221002140410162000240800000000082906000A402000000C42000000100002018800000800080000000020284040014000500800882000000800400C004004000E060019002000180400001228400010C2041000B085000401000004000000000010000408000000100000001000000C0000400000000840000204
	00520800040000000800020800200400001200000000000000060808001800000A0000003000000000000002100004100000000008200800080004020060000000040800004C000002420000000000002022002000400000504002040000880000000040004804044006000200120800001900000090000040108004000051
	A201000210001000420200020800084000040A000600080200000000020008200004000000000000000000001800000004000400000008000000441000000000000200000400000000480000000040122000001000040220040000000010022A010008000000004000010000000000010C0000000808000000000000280000
	000012000000200009000000000000000800000401000020000000020A400002004210000080CD00000000040000000000000020000000000000000000000000100000000000000000000000008000000000000000000000000000010000000000000040000000000000000000000000000000000000000000200000000000
	0000000000000000000000000000000010000000800000000004000000000000000001000000000000004000000000000000000000000000000000000000000020000000000000800000005B4A92004800022448900420449232086884160048A2020148B620010896044102B026491280344B9A00A049980420439A04004B
	98240142912409529A244912D0244102922C4D0092244912102449821620459220086996220048962401409222090096244902902649028430499204A04B820424598A0000538024055A932409428A244910D2240D0290600002806D4D120020491206204D102408691224004812360100B2FD802448120024489200204892
	14084892340048922601489624090896244900902449028024491A0024499A0020499A04004B9A240048922401509224091292244900902C4D02802449120024499200204992040849922600489224014092260900922449009024490284244912002449920020499204004B92240448922401429224090092244D02906449
	02806C4D12002449120020491204004912240048122401005703830C0000004C00000048000000480002004808040040001200480002000800000008000400480824244012000448080004500000044A0200204000002810000068020004600000086C00000068000000080010404800000048200201402010000020004800
	240040082000400120004000200040002020400000244800002040000420000004240002082C000200600200046002000048000000000404484802000000E64C000004000000000002000000100000000000000400000004100000001000000400000000000000000002000000000000000000000010000004100000000000
	00000000000000000000000200000000000000020000000200000000000900000000001000080000000000000008000010080000020000000008000000000000000000000200080012020000100200000000080000020800000200000000000100000000CA972224D2D248440A0A424206420E5C2A0A640426263A0E3E3C52
	520A02341E2C2C0000020648E82A6E86261272081A041C04044657181E17161406346418384A02282E04020A02400836720E442A14604812720E4E2A02466C1772094132325C4D1C4C1C1E640C40280068148C6326CD0C5E4A1A0A7C2C582856473E0E2100202016061A0E52027E2A42446B0F6B4B6E6A42460A0A42400A2A
	8E082A064A000F031F17003F180E0C5252484200020A0A0642165432126C0C66667664363612121A12241C303402004E4E30202666A6223E6A0002545C54540E0E101643567062181408284A0A4C4E46462A226028125218543A102008165214543E16042C16721951020A302D306C040C6C0C4A280068140C5B0EE52C3432
	101254145C34120A2A08614044441A12383C70225C001A16731F21014E4A4A4E2A222A204E4A46482A0E4A0A4F4B53530074CA8AAC1218020A4A4A080A444646146A282C6C6662665664760010021A2A2C202402000E0EF8686624C6A45C0E184E4C544840091E584E514754427C202808684244466C6E6A2A2860565A6638
	4E782820765244026C6A2E24755A622B5B5B2D3D7034264010706A686800BC7C0646EDEC36226A6A1C4C684817345A78616144443E242E206E784A1C7E7E5F3B6E6A0A062E266A6A2A2A6E4A4E4E6E2A02464A4F5E5F001F380220929A020A0A0A40404A4A4E0C5A1A04446E6A0C0E2E2E484A000A0C1C383C080846462828
	6E2E6C2C5606184E180058404242180E02067062101428082A0A60660C084A0A2860767A56181A3868605A5A4C0C0C0E6C64745A521B2322657450143858006060606000004C2266656C565A121A34747C54527A1E3C2424606016141C10243260341616472B262222260406020262604A48068C460002464246171700C94A
	080082004800000048000000480012004800000048040208400000080000000800000008000000480000004A000000480000004A000000520000001000200002002048000020480000204800102048000000480000004800220048002000401020400010204000002040000020400000204000002040002000400024004000
	2400000024000210240000102400000024400000204000000040000400400004004000008A41000200040208000248000000044200100040000008240218000018000800242800140004003062002C02162C02000440000000481214065812100004381002000A200006000200000000160620040000000002040200020000
	16014000014404440C0000400C100048000014080C0518280C021A40102018080002120008002000120810020008520800080800020C000008000840000600000A020A00000204580200C57C0E24011204000200020002000A103000200430246010040218140212361410140000004020040026000400000C060004180416
	000C021000000208100000000800064600022000400034005002100008001000500406400A02010000200818000800000C0020000C000808085600180010001800300E10001218100C0402000050001422004A4020060A5301484800080A000620020A00020A800000000A09820110004C5820008500000600000002040A10
	0000020C200002160230244202000000200000040006080400040802206010101018120410001400000004042414020000080004080000000004080402000800024000000A0C0210000400012000190B02010922000C120C000800002004002110000100520000080000040042200000400004020802080800060840402442
	000002220402080208000800400008040A400089020900940B010000000400000004020000200002000000000200001200001000000400020000001000000080200000000000001004000000000100000008040014580002000000060000020000000600000020040000002000000008040000080000080005000000080200
	000010000000820000000000000000480008000803000000080000004000000000040008082048000000000000000400000028800002000000000000002B5500000110000800000000020000000000400020040002200000000000100220000000000010000600000000400400000800100400000000000000000000000800
	00080000000000000000001802100008000004000000020000260040000000000000000040000000004000001001100010041800100010001000300000000000184010020000080242000400000000040200040008000000000000000002018802000052280000020400000000000000000400000000040020000000000000
	00000000002004000000042000200000100000000000000400000400000000000000000000000000000000000000000000000000000000000200000000000010001100000000000010000000000000001000000000080000000000000000020010000000000000020000000000000000021000000008000002000000000002
	00000000000200000000108A00280000000000000000000018000010200000002010000000000000300000000000100600000400000020020004000000100010000000000000000010000000040000000000000030000000000000000200000800020240000100000001000000000400000000001000000400000000680000
	002008000000000008000008040000400002084000000040000A002000000000204002020008000800000000000001008E1A0400008000000200000800000000000008000000460004001000001200001800100000000000080004200008001000000000400200000254200000000000000000200000000000000000060000
	000000001000000004000000000000002208000000000000040008000008000400040100000002000400000048000000080020000000080040000200000100000002000000080000000800000000000000000000400025CF002400000402000000000806000000202000001000042002000410022000060000000040000002
	00200004000008004000081000000000080000000400000800000000020200000000000010000000000000100000000000000200000000000104000A00000004000800000020000018000010000010100010000204000000000000100000000020000200080000000000000000040000024000000200020000000300458600
	0200000000020002400000000200000004000000080018420000000400001004000008000000000002100002000000000008001200000002140800000000000200004020000000000400000600400000080400001000000000000000080C40200A00000008000800000C001008000100000800020004000000000044000000
	1000280200000800480002000040080002080A00080000000000080008000B00081000DAC6000200040200000000000000000200100000000020000004000A00080000000000000000042000000000200002001000040000001200000002101000000000000A04040000000000000000000000000000004000000600000001
	000000011000040800000004000028000000040800000010000000000000000200000200000000000000000040100004000000000000000000000000000400000400400000001800000D3500000000000000000000000000500000000000001000000000000000080000040000000400004000080604000010040200000400
	0408100400000200002000000000000000004804000004420000000000000200000000000000000102000000400000042800100000000000400000000802000200000020000000000000000000020004000A000000000140000000020C00000002000000020000000800000400000092690204000082200010100000020000
	0800100000042240082000000000000000000000400020001A000000000400121800004000000040000000000020048200002402100004021000400002000800004800020440000012004020000800000000010000000000204000002400000000004004045000040000000004480204200012000410900000801200001000
	040000000000100008400000004800020940001608004603000800160004000802000800081000400020500A00040000040206082C0030040C0004080804044004002208080404401A0004020C001020261000021800080080000402084008000000000440002200100002100C020408040A01200AC001040608401400000C
	010C42010008004804020902000000040A040800000040400400000A21000040044008004C48031102001A0900000212081E0100001000081701000058BE0800000000820000100000001800400000105000240000080000000000042000000800002000400000000008080404000800000000401000060020000090000000
	A0000008040000000000020800400200000040000004000004000000000000000400000000000008002400000008004208001404000800000404480000240010000200000000C400120800400000010210000000004000000A000001020B00000000DD5E000200000400080002000204000020000000020000400000000200
	0020000000020000041800000C0000020002000000001000040008000000000A000804000000000010004000080000000000000800100402000400001A2042200002C8000400004400000002200650010008004004000140000000000000080000014000400800000040100000000800400008001000000010000600001100
	004810000440080400C6E4000402140020100000000800000000082000000C000200200004020C08000014060048001400120004000420001050080240000200040020102008000200080006000600000200100040000400400020020400140208000008000108000000010902100000000748001000000000000000040200
	0000020400000000040200000802291480000000400000140601020000080108000C081204000000080000101201002A800204000C0000000250001000080008028800001600080000000204000008000408000200010804020208328000042040002000040418020002100200060020000806000000100000000000000800
	0000000000000800020008140007100840000400000000040008002002000C000002000C00000C000720000A04020000001002000004000404034208000000404002080008020220000080020802000C00000401005002005090001C0040000008000004020084100008400012100000100218001420080000400040000008
	0044000800401008140000882000048000001000180000000000480246008002000604004002000000000240040000000003280000000200200800600030004000000004001004480201000A0040000800002008421020020000080008004000012040040304002800420000400000000800400020401A0000080096B94400
	00841408024010081000020C0200881006480A0000001002160004080008000000024800000E4A0000924004006010200084340882001002001016082000000E40001204020002000400004A0000000000400C0000001C03080300104000200860001000400800000002001C480605080A000440012E0A0028060240022000
	00040808000046284000040104220000080A00006000000280400048200008080000D3BA12000810000000000040000000000884000000101000001000000800100000240008400000010000040008200000180004000800000000040000020000000000000002084000800004000000000000000000020000000200000024
	000800020000040000002400000020040000000000020000000800000000000000100000100200000000040100020140000240480002400000020000000008080204000012040100FBE20200001002000010000000000000008200000000200000000008000000000800004000040400000400001020001000000000800000
	0002000000102000001204000000040C0080000010020000000000401000000002000800000400080000000002000008000000000020000A000002000400080004001802040400000000000020010000010100002401101000000000000000000041000000400002000000200000B163048049000800800000000096000000
	20100448140410005240041C000804041008060000C01000106C1202804A000016480000044800842140000008020808C00048006000400806004A002400420020000E000000680002004E012000420804000140200004402B00004110041064810208400118024001300048000421420000080800024C0000000002080200
	0842040002510882000600000920040000C00C0100BE250280410000000090000010020000800000100C00200040120C00000008000010084000004400000054280022400800024000008048000004400000200008080400400040004404000048002000400020100800000048000200480400004800000002400004084029
	00006000000842010400400100084000102648040400400000200108010400000000110800100048000010428000000200000940000000C001200008D1010410080A0000000000008000000002000450000410000040001C0004000C000004040000000014020090001002140008000004000000A200000010000202900800
	00240008880200120402000200000240000002000008000600210002000C010020000000000000000100021424000208000812040910000000000020000200000000080201000024000202000002000401000802410000000000040200000408005D2400000100000000000400000022000000000000000000000000000000
	00000000000000000000800000000000000000000020000001000000080000000000000000000000000000000000000000000000000020000000000000000000000010000000000000080000000000008000000000000000000000000000000000000000000044000000000000000000000000000000000004000000200000
	00000000800000000651022408929224081096204C1226002892140048A2340140823409488234494A9026495A803449C800A45BD800204BD804044BCA24055AD3240D4088204D12C2284912926C6D109260491010644182046865921648698416404896364901863049498604014B9026005B801409D900A413CB002413CB
	04001BD224010AD32409028A244912D20D0102804D441282290110126C091014682502044828121649000024490055FF82244812922448929020489206004892340048923401409234094092344900902449028024491200245B9200204B9204044B9224045A9224054092240D109224491092244D12922449120024499200
	204992160849963400489236014196244909962449009024490A8024491B00244B9B00205B9B04005B9224004A9224014292240910922C4902902D4912822D4912022C4912002849120408491224094812240900A84C0000000000000000000000000200008400000090100800021208000400080000000000040408100004
	0800000008020404081200000882000000000008101000080000240802000004000028400000200000000008021000090004000000020000041400000000000004000802040000080400000000040008000000000001000000000002080C00100108020001080000000000000008020001090200000000000800722B124804
	00100800001008000010480000020800041240080400000000800000048000000000000004000000040090000000100000040000000412000000100000048000000410120000000208000002000000000000000040000000400820004000200000000000000024000200040000002000000820200208000010000004000000
	000000000000000000000040200000012000000100000000000000000104020000A06A561EC64C1C14D8C418904EDACE1CDEDE22324C4C5E0E160606161E1C888C0C4C4C4C0C4C4C4C0C5C8C1C1C1C5C5C0C0E1C1C545F0A1E879E909612121808121A2C3C1A3A3A2E58520A6A0E6E1A386A6A0A080A0A0A0874742B032D0D
	2C0862067452200064346D2D246C29A97616E4066C482C0C2A0E2E2E48680808000005040606090168220F0A6D7D01510F474A22622212326062171B8B0B2B0B7F770B2B2E2E00C57E5C1ECE4C0C8C50D000009EDA8C8CFE9E7A7A1C540C4C160606161C0E88848C8C8E0C4C0C1C441C5C9C04484C141C4C4E525C14160806
	475254461E1618085A1A444C48783C2E1C1E0C562A6E1A382A224C484040220A14346B5A696D2C0862063616200054146F2D044419297614E6042C0C242C464E62640C0C0808414045450E06292948220D03687C09410E456B2B430133122102545043432B0A36166F474E4E00AA10C6545EDC480CDCC840880ADE0E5C7C4E
	A6360C481E0E160A061C0E1E840C044406440C4C544C4C14CC9C5C4C48445E5E5C441D0E4A58CFC7D0D41212180052024CD47A78626C1012424A4A0A78582A024E484A4A6A4834344B4365456008286C1030707004544F4D460ABB631654E4E40C2C484C4A4E484810305858414045440F07090168620B286F7F5B124F0748
	600A4A51712121575E4A4A626B3C334F6B4A4A00F03BC454068C4884189840089AD20C405C0EA82A1C580E461606041E0E0A8484848484844C0804444C104C049C8C40440E0E52405C4A08088682D0C0161618081A0A44C02838282A4C4E6476682E1A1848424A480808000044644B5A092D400820445054202014506D4D66
	060963125466444C4C202C262E6A6C5C5C0818000041450606090908220820485C5B024E0569690241101041415B5A0082030A50504B42080A00928100008200000010000000100000000200000010000000000000001000000000000000000000000050000000400000004200000452000004400000040000000010000040
	1002004400100040000000400000084000020040001000400400004004004000000040000000400800004200000040000004420800004000000040000000000000000200010010000940000208400002004000000840000009400000004000005F580046520080004010500000004282408600024A4C08001000080A0A0A00
	0C8080089208008008580C8018880000080C5000080804080C00981010020000108A0828A83028101A0C081822000802184002002048000200000808222C0532402A2006001022101000112A04102840202820080C04002844210624010008000800010404010828080008010D00000008000201000102400200000102002B
	040A210D0A0A008B9212100408101C8A080010C082884086600040009010420C10000000048A005040804040C0001000101C040452880000021000001000020440000414100000148010004C1206041000260820442C0000002004020408004000200800280C28000A00302004000020264400220630020104246221240238
	0C08003218000140040400110000022242000C20081A09462908286220092200083B408109004B0100A02504003E3A4C0808D24CC010C088C83458141C1810FE149402441C020E16141410448000044404840C0C0404020000108C1410120C0E16164A161012068402480408080050041402040800423600140E2200222A28
	0A020002102A3C30111140000004054420460D1064240408002A0C01060406020010080800020220104C0010000201000308282000402D27301213010201002102090030012107000A08020020240E924021002B8F080000000000004004000000280000020010000800080010000A00080200020000001008100090000008
	008800000008000000180B000400080000024000080280000800000218000000082004000400080022000000140008000004000000000000000002000001100000008000200200000000200800000004010000000804010041000000000000000000000A00000802020004000000A000082000000000000200C68502000200
	10000000408880005006080080040400401004001400040008840000000000400800084000040010080000041C0200020410000000000400080000C0001C0200000C04023408000202000002022000000020000010000800000C02240410000004400006006000000440000408000000000022040020081000000000000000
	0040082402000900000000200800200120000110000003020000042090200800E815000440000000000800081000000080000000000000000000000000040000000000440000000400000000000010000200000000000000000000000000000000100000102000000000000000000000000000042000000200200000000000
	00000000002200000000000008002000020200000000040000000000010000000000000000000000200040200400020000000000000000000002002002000000080200000000C2D0000A180000449000000042006080204410001082041000020000000000800240020050000000000C00100408000000100000000000020A
	1000000010400000001000000610002010000004000000042800006000000800100003200000000208000204101200002000040C020000000000042800000A0A0018001000000008000108400800020108100001080D0000010108000001202108200000004000000C04010084DC0000000010080000100000001000001002
	200440000204000000001A00000080100008840000000000000000008000001000000C0000000000000000000000000020084000000040000200001028400020000000000040000000410008000000000400000020001800020001001000002000000004000000000000000000000100060000000020000100000000000200
	00000010400000004000010020020100480000C0CF40000000000008004000001020004000080000800000000210020010080082100000000000000000008000000000080000040000000002000004100040000000000C00200004000000300C000000040200002A0000000000000020006010200020000009040004002200
	000804002C00000000002000000400000000000800001000000000000200080010000002000000020100000200000000000000000020020000EE550014400000804000008044000A000000400000184800000800000000000000008400000000000200000000400000024000024214001C50008010000000080C0000000010
	02080A00040A020000000000020000040200082008200800040204000040000000000000000000202000010000480008004000206002000040000400000000200A000005102202010000012800000020002000000108000001000000200000FC77001008144004021000000020000494000002000000000008000400024400
	40004880000408840000140004100000100000000000000000001000000010001000000000001000000400000020002220000000000008000800200104002000000022002004201020000000100420000000300020050200000000000008000001000400080000200000040010000100000001200000000000010800020004
	000A00000100183B40008200008880000010088080000002400400420400100008000000000000040000800000001004000882000C1004000008000000000084020448040000800020000400000000000000400008000008000000001000000010000000000048010000001000000000080400020200000002040000100009
	000410000003000000000000200000080000000008400000004000080000020E000000080103280401040000D83A00042090000020000000400000000080120000021600080000080804000048242000428000001000000048200410180004C002000000100404000000240000000010120000000220000000000000000800
	00064000041200001600480000340149000000010404014200040A0000040041000410080004000A0000001000011000040810020800000229080012000000024800001040001004000002160800100440007B098000420026080810009008804410080008400448000804001400924044081000000004000C2000041C0084
	020A0026000A008C005824002000000220000A12002400800008440408021C083218005220000011080852482420080112001200001204080000000028000C0020041020000014C8003205110044001E0020400400102000220000000D140032042400110810000009200A01080008080420000006030000802C0000000004
	02000000004000000008800800000400100000000002440000380000000040000000000800044200140400400002040010000000000020200000000014000000080E00000A0800000000000000184000080810040849000002000002010008000008000A4000000010000000011804000A0100004008000020000000000A00
	000000010400040000100000481000000018010008000400000200000000003E288000122020003000001000840074000000000800000C0004080010080804000002000006100C00040080A00808000A00800C000808240420000008000806104000208010000400000014220010080A200004010000264002100002000010
	3100040800000400230400100208000000000014000004100014040A02104110001408002000400800040020100000000011000000010224080000000822002C0010020100EE2F0004C00000080800008008000000200000524200000200080014008040004400022080003000100004100000000230000200800040000010
	04000A0000000240000000020040002000001000000040100004000610602400200210000000000450000000010002000410002400040420400040802001000000000004010000011824100000020008091202280422000800020008400400100004000000100402400400B1CA040000001000400088000010421044000C00
	14020024020088000C0000140400200024000440041002000004100A00080884000400D23200208000000000100802000000C81402000002402008106800080044001800000A0000000030090000002020000410044800012A00000008103A04000000000C40001008020000000024022000000A0200100108100100000000
	01110848004002000008020002490022000076C74012020082488800401002008408080060100000488210084230001001080008004C00080000004000441800800000141000000028000080005404A0001E0400289000080220041818201200002000004100000804022040500A2400000008000000044060000100220400
	41010C240000002A042108022000083400002000640110021000240835240802242200500C0008020000001000840344010118041001000020910056000048108800C81000108A54044824100004288400084A10000C0904000068002C004004401440041800089204080C00000482288002E410A0001E000418AA0008001A
	C40010000A22101820600000004C000208002A0040002011280000000000606014400020060A60080508240820080201284A240010281020004420002000322C020E211408320C2000180000001B000000120083044204100A14400300002597000000028200400000000002000000000048001202400012A0000010100008
	040400000000000000000200040000100000900000005010200000000400000000001000002000020C2010004000000008490000000014004008120400000000080020040000000409010000010000001012042400000000000800040200000000120500000000001000210000020144000009000000484000000009000001
	090020000089B48000000000000000000000808600080002000000A0000010044000000000000000000000004002000440100404080804044090200400022004000020009080040000020C00000004000000000000000008000000400200000000000000122400000200000904004008040049000000031A00000800202001
	002000000204000010000000020041021008080000004010000000020020010000000100000100001000007EEB0010035C04000A50200002040010807200208050041040080A002208280000180042008888100410082000801040000208000004085000954000020C200C005A400C2090100C000A02540804304220000046
	0A0000200026400B0805440000020801086120000803020020100E00288004202001124400001C00502A00210401440A0208200C00006102030024120A000000280000011A048100062010600099260900EC4400901D420000004800000002040280480022C000208008104402000008200000000080080840001448000004
	0050000A080020801844148000002002041882040008B0000008000400100004220020000840080200000024430800000012002000024120012C08000200402100022300120000202400012000000800002200050204000A22000240281001080000400000002008200018020080000001600088200400614B010000000004
	12000020008090000012000000101004004000080822000018004000000000000200200400900C000004044000140000002240040004802018000044000E00140208004600080050000002000000400200020000000D400402040900000800000041000C000804080800082400091042000008345220000400001000000008
	040100410200023402100A00000002000101000100000700101001130800BE9F0000010000000000000000000000000000000000000000001000000000000000000000040000800000000000000000000000000005000000000000000000000000000000000000000000000000000020000000000000000000000000000000
	0000000000000000000000000080000000000000000000000000000000000000000000400000000000000000000000000000000000000000000000000000000080000000DECA902448021024608214284C923408688234004886160148A6140908A22449029026491880344B9220A449820000590A2400D1020401D8532409
	900A244190D02C491282244D1292204D1200204992062065901408699234004092140941963408498234080B80264813803449CB00A410D3002018C20400199024214A930409428A246510C2094110822C4910802449121024411206284D1024006112240848122401005FE280244812102448921028489214004892240048
	96260148B6340900B22449009024490280244912202449920020599A2420D9922400C8D22401C0922409809224491092244D1282244D1200244992022049921400499234004892340141B6340948922449099024490380244952002459D3002059D20400599224204A9224014292242900922D4910902C4912802449121024
	491200204912040049122400481224010082D4800060000000009000404000000040848008000080480000004800901040480000080000004050000008980004C8580004000004044000202440000004008020480090246C0000086C0000086800000000000640081400480130124141242600000404080824040001202402
	020004001224200008042403080004024020200002010000022021000000080000284D0000200000002008100000410430004000240000852402080400020000009000000012000004020800040000000402000004900000048000082400000004000200240482000004020800040200000402000004020000040000000410
	020804801208000012000000020000000200000400000900000000000000010000000804000200000002090404000000000000000010000000120001000200080402004804000241000002000000004100001241000402000104020800388F8CCC36364030C286A0F01818D0845E1E0C4C1014C404509C9CDC4616145E8CCC
	08086A2A0A4A1C5C9C1CFA9E9CDE9EDE0626F63F8EEE9756A4049EB608224202EECE1C3CC8AC8CC63E1A5C3E482A1A5A0A085E187C1C1A5C3A1674105C3D074F2E4A69491939080D2A0F2F8D0464CD4D7D1C77470F6F65474E2E126446047202123202224E0E21030B2B476F060E2B4D076A4B2B13521B13591C2B0F47123D
	192D0D00C7B14C0C90D4A4E6101260300C4800462E1ECC8092D68448109C480E1052949C4808CA8C82CA1C0A5E16CE0ABA5C0C1CDC1EFC0E94742C04F79644249E16A00262028EA65C5C3C0C6C0E9EFE0C4E2A0A62080E480C4C2C1C4C2C037707472A1B442D062641093011022D0A2F1E0F2604CF2D1E2E1745274D0D2F4E
	0E3044731251311B132A026E0E4F674F4F270F664C0F650D446A0B22430E1B41143B1B47364E7E4D4D006CF8CC8EB4F680F0D4D060301C581044FADECE8E92D204C4D0D8460A0652C6D4CC8CEAA8A8C258425E0CFEBCBAF8DACCDE9C4424BF7EECCCF717C024BEBE2606E6C20C2C7C7C684CEC8E9EFA2C7E785A681A1E581E
	5C6C6C5A3C006634706E4F472F0C646D653D140A210A2FBF2C2444CFEF453C6C6D224441647C3E3258274450603A3022006E4E4167696C674F64474F6567276B4B71100F4302C66B2B056758696E6F00FC428EC652564202D292A0F0C8C8C086481C0C42D0D24480D09880CCD09014548CC86068E2820C421A427C78DA1886
	4C9E5CFC4CDA340E64B6F0644494368426A6A6684C9CBCDCACACEE7E564C3E583A207052584E0C4C142C6861536102403B246D2404650D1034202D22072E0C06206F2F320E3645026C2808503200683676614112330A2026266A420526426E242C6B454D224A6A60220A5B82565B1B27766E5F2607007F8E40008000408010
	00408000004080000040840000408400004880104000800040008000400800004000000050000000400000004000200040002000000020000080204000802040008020400000204000020040001000400030004004300040002000080020000900200001002000000020100100200000200002002000420020000000280000
	00284000002040000020400000204000000040000000400020004000003D160240042050140000000018101044022000400402082C02001CD004001810080418000E04148A1014800A7A4084B002529080DC0CA8A00084C6008A00820400084008400C00000C400012101A202A5008080204083002020A0005535718200C08
	38020C44080D0605230C18000226040801440918622844000C04380A2009030101000A2108000A290A100D28040205020A40010002010A0400052400000000064C0100F681080C01060200040A10700020069000144A8A0814C4000C04002600160084504000844020002446400600848602020480282E20C0000C06000022
	04802C020802040400100620420CA6280E440A14001006185A4006105044023A00202618010046680009210009080022050A400002454601520300560B6C520B022410062020100A200A200404044005000208000A00040832201150000B1900180002421F3800040080D44402A31024E21210408000004002180204040208
	0040001042085A40040A04182428204A0200080A30340038180CD00C061002020602D0422084100600A8865428201C00B81C00000804400010000A4230000016080C0C103D000C080107404700044002043000100401020524504002383A04400D01200300100410461010120241000042182102050A2205430D202D01070C
	0300021110045803171515208101000053E00100042200000010041000002400000040000000000000000000004408000A00040814020200800808100804000A8000008010048500000008000004480000000820000800004402080016080000040008006000080000080000001000000001000000040200000830000000A0
	000000000000410000000500000100040208000000400000000124000800000104000100080100040008002000000110022000008400CF4400081100000204000000001000100000000800000040080040000000041044000000002000000000000080209000000000220040020010002082100004028C4000400400002400
	00000400000008004200001402000040020400080104200400002000090400050000000200040208000904000400020200000A201200401100000222000004000202000106000004200002060042100002080004000040000000010070F80C0000200000000000000000000000020400080000000000060000000000080000
	0000008000080004000A000000000000000000000082000000000000000002000000080804000800040000000000000000001000000008040006100006000008000040082000000000000104004200400202000000040000000010010000000000000000000000000000000000020000000000011005000005020000000000
	0000004B99000000040004000080200008A04008104000120000041000080002000000000000004008040046000000000000000004880088420020044080000000C200000004000000000000000020000800124000001000020016000000100000083000004006000000000010022008046000000100301000044008001000
	01021000080000000020000A0200000C0000000004000000280004000000000008000002200A4000008FFD0000000000E0000200400000000000208000000400400000400010400200005020000420080010002000100480001002021000000008000000200280040000080020100020100000821010020020000200020040
	000000040208400000010A00002000001001000000080002000004000100000800094200040000080000022010080008000000280100080001000008010400000000001000000410051010000880008C7A400200000000000204000010001200000000080008000000088000040800040000881000100400000014A0001002
	124000208200008606000002020000000204000004008000000000024000080000100800000000101002200000000200000000100000000000040000000000000040000E004020000000000900040008000000000000002001004002000440000102000200100402000000000100000000000001003F530000800200160000
	00102000000000100A0000000000000420100002801010002400000022000210220000420400008C000400200800000004000004002000000800004002004400000000000410080000100C00280000400009042800100D40000002000400020105000401020000000000080002044028140228000400100043000200000000
	04140028000608002000080100000000000018002000040401000000540D02000000003010000000000040020006060000042400000400020010040000000000000800008000000000400008000000040008002000400000800000A01000000010000008000808004004000200080400000000060000020000030000000000
	0600080000000803000000000000022000001050000100000000040010012000004800000808000100022008000000000400020001120004111000000000000000006E124004000000400008400000000400000000000002088000021400080000000000001040020000004480020010200400401008000400008000004400
	0808000000040000001000000020000000002010000022000800000410300100400900004048000044092000000004001850000004500001020821002000400000220002000100000140100000000000010200080000412000000001084000000200011B040400005315100000001200001000004000040000002208480000
	08080404000004140000300008000000000800000048000010180004800020044012200000020004001020241280080C101048201000080800002848000041080020080006100040042000080400000004240002200042480020000A2400085000001310002000000401100000081010000012020120000000000212000900
	100009000008000422090000100800C76C240004F20C004820821888005800100804C02600102710408820208A00004000006008862044122014000234AA000460680082141802040004501400882200084880021000002200004C164000024012000208100410140000580E001008090400010C1021184100080001040000
	0910100040242E010804002404082000060014202403040800091440400C120404080C000000082202000254184000045004020500FAA5001040800010000800800000100800008000020808010040000022081000000000000000000020000000002800000450084000020004040040000000020408109408000000080200
	200000540000400042000000100000104000100800000000040800080800200000000000000821000000040008401003000004000000021000000000001000084100002410000400000808000010020010420000080410000800002DC120000422020400400200800400002000020000401600040000840000000030002200
	0A80104010020080520400002000000004000802100200041C0200082040402202000000000040000002020808000004491004200800000800000048280000010004001043000018010200000010201A006000200000100400080104010008102000440802000000004002000200001600002004010000005C200000400007
	1000F10E000400100800102010080844400428102C4004200020001828008004040000400A4004003004000814000000B00A0008842000B05000200000100800A00000000000089000143840001C080000003002000C000008000420120406000014050000000010052002042210004440000800000408000413000C002020
	002100040008241F0000001001100600080400000800000001080600080C00000023000400000000AA4400000028000008101040000040020C00000840200000020000000000140000400044400006280008240A4002002800008002304C0C10900002008000019000242002000040140210420010023A0000004200520810
	000008081004000A4020020210040000000C01000024014000014C44011800100024004018060000102004100001120208041120001400030000000038004802080210080002001240610408000085CB40B40004508C000008A04218000000004400080060085C004210540020802408200004080000000200008400061000
	4C600C00008260004004702200000C80104408400C002840208820402440004A00000804000A04621020000048200000002800000814280000006002480027000208202402200100482002285000040000032400040410422012400020401020040042200040010800400201140C000000020000973874800004D004001820
	184002024000040804200820080A404200441004100044240004482400000800040082003200000C2064000CA0001010400022118820000C6004481440601288405620304A480000004018140248301000400C0068020000020000180408050020412E06600904086408362000600C2210004C001420003000040104100126
	003214001000240060022800400A100A4A001401440221040A0000AF3F00002800000800008040081000000800004040000040001410000000A000082000400000000A0200200A40040408480400C218000052C000240280000400900400020000280000002002000000000200480206000800020008200000000220000830
	0408002000004000000001000042010000001100000048002012000004000205001202084010004020000241000010084000000100000000000210084000000000C42C800000100200001000000000140000028000000404400010000000042008001400000800000000000400020000000220200000000008000000020020
	04000004000000000400020064000000000212000002000800040008000010000022000000002000000000080804000108040008000000000000200100200018100020021020000200040010000804100201201002240002120000101000001010000810000800142F180081464010A002400A480400088C300C0008422800
	640A08049000440100002C4204828410401E085010806E0110CC0C4004B84402A80540211600082218E2284432802008042008002100001000204004020402702002001809040845112C011C4005100941060001205E000205F008020041060040140A4402A466011140C20810003300280000460201080000400008015828
	00000F0C02036403200441042300C8BF10880542100280024A0000400000801C000800022008180400009400412404100800088200000000480400804820C02008248400400A20000220000000000082086020820008002400640020021000000040000400040008080009102C401924041004211000084001040D00000E00
	0000020001040001342004000C6000005120020210300008300840110001000060040001002012110000041000002010CC0224009CFF0100801040002010000008000C1000028400004C4004402208040000000800000460040000041A441000120004030816400018200400840000413600002E3408000400102004000200
	0800010000201200020208421000220010000400030000000940000801050000086200000058250800400000024000084212A016000220009000000106000000060006080200100228085208000A00021802450211010000890031250000010000000000000000000000000020000000000000000000000000000000400000
	00040080000000000000000000000000000000000008000000400000000000000000000000000000000000000000000000000000000000000000000000000000000200000000000000800000000000000000000000020000000000000000004000002000000000041000000000000000000000000020000000000000000400
	000685822C28120204489004284C9226086892040000B2060908B0020900B6044902B406491AA0344B8204845B122000D91A240491122401CA13040D804A200992D224290092240900900C4C021005009206296D900600299210004986200148961401419234084B8022005384100ADA04A001DB040010DB04040982200158
	832401509A054510D2294100820D48109205490212254002162164001609680234094102320100A04F822C4812002448920028489206084892240048B226094092260900962449009424490280244B1204245B920020D99A2404D9922400CA922405C092240992922469009024490290244D12102549920021499204004992
	2400499624014896340941922449419024494384244952042449D3042059DB040449922400589224015092250D1092254900902549129225491212254912122949121601491234014912360100AABF80040812100420008000000000000006000800848000000410000806800000008009020424010A000408100000420004
	0400080000020004000000000802020C0C0000040000000408800008081000000000000808040000000000080800040801100408000000010100040001000000000000001900000008200000000000400005000000004000000000100040090202080000004001000240080000090000008100920D10400000800000001248
	00009048000012480000100800008000000010004004000040040000400000000804000200000002480000100000241200002010000000900008049012000000020800001000000010000000020001041240010402400000000000240000080400000100000201240402000004020000240200000002000000020000041200
	01040000090000004000000200000002000004024100240040003C3F5412CECE66A6726E5A72521AC8164ADA4CDE5A127CFC54543C6E0E0EBCBE5515EDAD430B674D622AEE6C9A8A1ADECACE4ECEDA9ED270F37AF656B6B6AA08EABAC2CA101A7E562C3CB2B232325A5A021A020204144E0E6C6C7C7D075F4E4E7E3E3A1A6D
	6F5D1D4D4D0F0F6DED0F0BEC6D2F6A2D693F171D056E2E0E66066E01032727080A4A0A3F1F7D2A173765650B0B4B4B020242420B4B06426F092B6B2627634300A06D14164A4E34B45A7A88B0DC9AC8166A9244945E563CBC5C0CFCBA9A9A3C3C45156F694F0B7F0D6A0AEE2CDE5E4A4A8248004C5A8E5E3CB7C430542E960E
	086E3E464AD49EFE964C7E100222224A1A4058060204146E4E2C2C1F5707570E4A066A0E5A2D6D1D19074C0E4F3D4D2A688E6F0B084F692602142542280E64036221200E260A0A4A0A0F0F593B070725250B0A0B0B020200020F4B02426B0B2C6F06032323006BBC94921E1AEE26368A82A2D6DA04D6AE8E881CDA12AC2840
	88B4AE8E8E3A38D9916F2D03033A490A2AAAEC9A8A10D8868606829A9E9A58AB23A60696B6B208527A5A58989ADEDEACBC00381A1A404A101A141214147E1E0A0A7E1E1F5E1D5F3B1B28086B4979394B490707F968060BE8C9254828695B574E444C0E04646F2440062F2708085A501A6F14624B6F0C050008010140400202
	4F4B46066B614B09020303030078E65456D0D2AC344A9A4020D8980492CCD28C14CE46AC284C886C388A9AA0AC0C1DADEDCB896B0D4A0A6C2CC646040C840440405A8E4C08A484604406941E0C9EAE9E8CDC9C54000E3E8AAA0A0A481A000810120C04525E080A3D1F0D4F1D5A254F245429481511014806472D4C0249046D
	030A466354506665602A00446200410402220A021A101B6F11730F076C6543484343020042424A4B46064F476C0D66436263007CBA0000820000800008008000080080020000800000008000000080020000840000008000020004000200000010000000000800040200000000000000120000000080000000800000009000
	0000100800000000000000000004000001000000000010000100000000040000010400000004000001000000010000000000004000010000000000000001401000014000020140000200400002014000000040000000410000C7D102441C0480144010000010080600080086224A0C30501010129018062012401C21084204
	0156420E4004588C882884820002569C0000080284000020001A08744012325880140822A81002200410025A0E1010080050260821285840075E13402532600208050408410105602D05264624000A29010B78104C040A0800000200031502005000250A04113100622D120002000400020009200601010007400122420400
	CB792000021018083800121068024014001E08540440840C44042C480608000405015CC50D0348A12C200440841210940A1400840000E0D2E48430D4AA0420A0040290400406366A1214100A000058420800200A00042C0A00040810051A4000283F504C052C600809450040080D004000214A7C640234240205001A002606
	3625222060000302080011024400100402090040030000400012070006082000011480010000983D4402C14A4462046A68EA0250984A56605008101240000A48400600101C88184000000048260800502A8A024044404048CE4080421E2C13784222549296043208040C40004800644802213C180201500010200C10500448
	624243020518014400020108410570401002006010422A4908010201440A1001222221240068090005040208080C12182431200C2F0800000B0108120B000200000140160F202E2285202300B74B03000000402000041400000822000200140200000800080000000200001002410000104100068042080602800408000000
	40004211002840080000004002020800420200104410020000000800080600000020080000000C2000400000004008000000000A10000410002044840000040000000001000100020801000802080100004000000005000012000000040A000000000004000000200008200104210000800062970000060000004000020000
	300000000400080418000000100010100000280010340108000001000020001400000042000002100040041000000480041004000010041040000040002002000202004018200000000400000000011E010C032000000100006400000000010001002920000004000000001000640004002040002400020000080202104100
	22010900010000000000000004000100040062000080000100235E00004008000020180200000004000000000042000000000000000000000000000000000008000000000000001000040000020004880000000002000000100000000000020200100000000008400000020002000040080000000000000008001408004100
	000000400000000806000000040820000802000000000000080104002000000000000004000400002000000000000000000000002400000000000400000000383A0000000002000000200000002000080000000000040000400020000010060040000810400020A04040804000004000C00004084000040040244000224004
	0070100440000000400080180020001040000030000000126000481002000410400000102800000001081200001020000000200000482001001400000108000002200500000010000018200010040000000000000200060002292000000000000000020000046A050004100004000280100240081070040210000420100800
	0C0000000000010000400B00D00008000000000C0000000000008000100084029000001000000004000004001028200600200000000010000800040000000200200300000041010000030400006800100000000000004801020002011400000000000002000400000000000800000000010000080000000041000000000000
	000100000300020002402000D91242200008401810004C005000620000106C00000040000400429000000080000000841000000202000002820000001000000800000022001140000200208A120000000000000400000000300440020C00001000000030000000000C00401000032010000A00000408000008400002000300
	00040000020062100000080020000004000000100000000024002000000002000000004400000000020004010021120000005B9A000080400000080000000A000000000800001000040000020800040800000C0001080600290014000840001080440C02800000800040228C000000200000002C00C0300400880408080000
	00001100000000100804000028084011400200040800440440040100010140200000490040004000000000000008012004120000004000010208060028000000002C42000000020000000000010000001300000000040000246240000010081000000000000010840000008008020010540002440802000000000000000404
	0080000004000880000000C400020480020000009090088000000008000000422000200100001000000000020000100000040000000000000010000024000100010040004000000000060840090240040800020000000000000001002148000000210000000815000008100001001A020000100200000008040000020000F9
	5B040000028004204048200000084002404000004000C0000000000410000C0418400000000040002C000000401820008800000010200800002200400420000000000008000000000810020000000400000C000400084040020200000000000220004200200000000000000104400020000230092400300128260020020400
	000212000002004000001000000002000100000A010400000002440008000020000401200093E9104000020040080002000010100008000000480010000802040008240400001000010820200010000008C8200010002400C200000440100020400024081000040000000C4010000400000000080000000000140800020000
	080020010800020000000000000000010004040010202000410000180000000000240040000000000200000000040000000000000000410010200100020048100600080010080800000000C5322400005804280210000000C20004000204A022000A25003000290092080040282C000402010C4408003415020C0248100008
	1482000806A01004800002202210340290400C0230480641201640120A2000180002100C40100244000E00200025250018000400086408020001004216490A0440040040044900080C022210420420001026000004491F00020C100518020C0200080820000310080442200012042D02000A9C0040001208000A0002000000
	1400000080004008000800002000900000080008000008000800400000002000000014000008000400040000002000200000102000000000040000080000000000020000000808000008004002000400000000000001001000040004000804004000240A000C04000000000400080044000002040000001004000000100808
	0000000000063000002000010200080000000008022000000C2720000000204000100000800400002008200000001005000004010000000400400A0002001004000010800800040000000042108000001500005008000012004010041080005A04600400001010000200000414000420001008000020002020012000000800
	0042000010000010000050010000000000010000000A0001000000280200004000004402040000100000080000000000040010000400620000000004090039DC041000480400000000004016000020020400200202203A000800240A000010200324042001301408082401D618026008800002000840208204000884200802
	0400224C000000100003402204400808201004000220120000044009020008060004000000000023080016010022000100024008504000480024000000231040000800022400000900000106000401530008000009080640080012080420181400000200C3B60E004014201A00000000400800C00C022018482400241A0004
	001004201448200000440026000A000204020014000100004000041000C00400000004080000000002124440100A34620002280010204000000000080250005800081200680C32241124480824040002402200040100500000120000210010100C1020000020000000000600020102012000100220000A000108000801010A
	0002001102002802044000F7D0104020800044000000400012040A004040060000000200200010410000000400080008200000000040004C0002000042000040004AA4000200220220040000102008000082204000040000400000000050000842041000022000044004000040400801000000000000000008000005002040
	040040000265000202002004000200001000000004380802002200082400040000210200000008000402004500001300003D391A0090644208000040004002C2080A440066204806003A00100405001024400C0008082402240000024448041402004340000000285006000200000004080010002004509260641820006008
	10006000400042080A0402102010400A0C40087619240805002C00004002002804005100200000004001241004002002200000020000001000022D12220820002200020C040020000A010A010000000700412000134400742D0044000010240000000008100400000010080004200000000000401000000020000040000000
	0A000000020000000000000040040482C000200002240000000008020200000002004402020000000000001000000010004048001400002000004000204000000400000000020100040040000412002000431A0000100004200000000402000000000001001200082000000109000000000002080010060008020000007FD2
	00000000004800100000081000080000840000100000000000080004000000000400000404000800000000000090002400080000040000000000000000000004240200040010104808000008080000080000000000000000000400000020000840000000000400000000000002000010020004000804000008040000000020
	0000000400020100000240080002042002100808000008000200000000000008040000005F8944082804000008000048004200541000401026000050180614001A4010000C000800000800080002100E0204060802081200120000000210100400041028021000001200268002002004001020004000000200460800000020
	000600000C04022201000000002004002B040800400008200012080200000C020000844204000200020A0000000004000400240000000C00440000000200000002000C00080200080500B1F7004008000040000840084A0048100000D400002200000010001000440010000400000C0000080A000A040402940A0022020010
	000400001000000000002000020600000614000048082010080000000802004000000800000000040220000000214000000000002000200004004010080000000A000A00000006040044002002000000020201000004420020040000021000000002080002000000000008040005000018E304082004080000100000001004
	0010000000041000500A0408041A00000008000C0000000400000010000000000004081008000200000200100404001800001400200010208200120004000020084000000000060000000024000000000C08060200000004000400000B080002000000220010040400000C0008800002000000000208040000000400000804
	000208244804080000000000000204080000000A080000C3F8000000000000000000000000000000000000000000000000000000000000000000000000000000000200000000002000000000000000000000000000000020000000000000000000000000000000000000000000000000000000000000000000000000000000
	01000000000000000000000000000000000000000000000000000000000020000000000000000000000000000000000000000000000000000000000000617000000400000000000000000000000000040000000000000210000000000000100000000200000002000000080810000000000000000000080000000000000000
	0000000000000000000000000004000000000000040000040000000000000000000000000000000000000000020000000002000000000000000000000008000000000000000004000008040000000004000004000000000000000000000204000000007C6F0400000000000004000000040000000000000200000000000200
	000000000000020000000010000010000000000000001000000800000000000000080008000000000C0004000000000000000000000004000000000002000400000000000000020000020000000200000000000002000000080000000000000800000000000000080000000000000000000008000000000000000000000000
	000000000002000000006BFF08000000000400000010000000000C00000000001200000400000800120000000000000006000000000012000204000000040000000000020000000000000000000200001800040A00000004000000000800040000000000000200020400020008000000000804000002040204000000080002
	00000000080000000000000200000000020008080000040000000000000000000000000004000000000000000106000073F200000000001000000000000004080000000A0400080410000000001200000008180400000000100400020000000018000008000000080000000010000002000808140200000000000400000000
	000000000000080000000000000400020000000000000000000000000000000000000000000000080000000000000800040000000008000000000002000800040000000004000000000800040000040004000000080051FA0804000414000400100000040C000008040A0200021004020012081000000810001A0000100602
	0410020200080008100C0000080008000A000000000A000800020000061000080404000004000400000804000C00040400020000040200000008020200000000020200000604000000020802000800000800000000000C000008000802000000000600000C0804000000040400000008040000000002040005080000686300
	00000000000000000000000000000400000004000C10000000020012000000040000020000001000000810041200000010000000000000000010080000000004180008040802000000000000000000000000000000020000040200000402000000000008000400000000000002000200000800000000000800080000000002
	000000000008040800080000000004000000000000000000000400040000020002040013B0000000000000000000000000000000000000000000000000000000000000000000000000000000000000000000000000000000000000000000000000000000000000000000000000000000000000000000000000000000000000
	0000000000000000000000000000000000000000000000000000000000000000000000000000000000000000000000000000000000000000000000000000000000000000000000000013B000000000000000000000000000000000000000000000000000000000000000000000000000000000000000000000000000000000
	00000000000000000000000000000000000000000000000000000000000000000000000000000000000000000000000000000000000000000000000000000000000000000000000000000000000000000000000000000000000000000000000000000000000000000000000000000013B00000000000000000000000000000
	00000000000000000000000000000000000000000000000000000000000000000000000000000000000000000000000000000000000000000000000000000000000000000000000000000000000000000000000000000000000000000000000000000000000000000000000000000000000000000000000000000000000000
	0000000000000000000000000000000000000000000013B000000000000000000000000000000000000000000000000000000000000000000000000000000000000000000000000000000000000000000000000000000000000000000000000000000000000000000000000000000000000000000000000000000000000000
	00000000000000000000000000000000000000000000000000000000000000000000000000000000000000000000000000000000000000000000000013B00000000000000000000000000000000000000000000000000000000000000000000000000000000000000000000000000000000000000000000000000000000000
	000000000000000000000000000000000000000000000000000000000000000000000000000000000000000000000000000000000000000000000000000000000000000000000000000000000000000000000000000000000000000000000000000013B0000000000000000000000000000000000000000000000000000000
	00000000000000000000000000000000000000000000000000000000000000000000000000000000000000000000000000000000000000000000000000000000000000000000000000000000000000000000000000000000000000000000000000000000000000000000000000000000000000000000000000000000000000
	00000000000000000013B00000000000000000000000000000000000000000000000000000000000000000000000000000000000000000000000000000000000000000000000000000000000000000000000000000000000000000000000000000000000000000000000000000000000000000000000000000000000000000
	000000000000000000000000000000000000000000000000000000000000000000000000000000000000000000000013B0000000000000000000000000000000000000000000000000000000000000000000000000000000000000000000000000000000000000000000000000000000000000000000000000000000000000
	0000000000000000000000000000000000000000000000000000000000000000000000000000000000000000000000000000000000000000000000000000000000000000000000000000000000000000000000000013B000000000000000000000000000000000000000000000000000000000000000000000000000000000
	00000000000000000000000000000000000000000000000000000000000000000000000000000000000000000000000000000000000000000000000000000000000000000000000000000000000000000000000000000000000000000000000000000000000000000000000000000000000000000000000000000013B00000
	00000000000000000000000000000000000000000000000000000000000000000000000000000000000000000000000000000000000000000000000000000000000000000000000000000000000000000000000000000000000000000000000000000000000000000000000000000000000000000000000000000000000000
	0000000000000000000000000000000000000000000000000000000000000000000013B000000000000000000000000000000000000000000000000000000000000000000000000000000000000000000000000000000000000000000000000000000000000000000000000000000000000000000000000000000000000000
	00000000000000000000000000000000000000000000000000000000000000000000000000000000000000000000000000000000000000000000000000000000000000000000000013B00000000000000000000000000000000000000000000000000000000000000000000000000000000000000000000000000000000000
	000000000000000000000000000000000000000000000000000000000000000000000000000000000000000000000000000000000000000000000000000000000000000000000000000000000000000000000000000000000000000000000000000000000000000000000000000013B0000000000000000000000000000000
	00000000000000000000000000000000000000000000000000000000000000000000000000000000000000000000000000000000000000000000000000000000000000000000000000000000000000000000000000000000000000000000000000000000000000000000000000000000000000000000000000000000000000
	00000000000000000000000000000000000000000013B00000000000000000000000000000000000000000000000000000000000000000000000000000000000000000000000000000000000000000000000000000000000000000000000000000000000000000000000000000000000000000000000000000000000000000
	000000000000000000000000000000000000000000000000000000000000000000000000000000000000000000000000000000000000000000000013B0000000000000000000000000000000000000000000000000000000000000000000000000000000000000000000000000000000000000000000000000000000000000
	0000000000000000000000000000000000000000000000000000000000000000000000000000000000000000000000000000000000000000000000000000000000000000000000000000000000000000000000000000000000000000000000000013B000000000000000000000000000000000000000000000000000000000
	00000000000000000000000000000000000000000000000000000000000000000000000000000000000000000000000000000000000000000000000000000000000000000000000000000000000000000000000000000000000000000000000000000000000000000000000000000000000000000000000000000000000000
	000000000000000013B0000000000000000000000000000000000000000000000000000000000000000000000000000000000000000000000000000000000000000000000000000000000000000000000000000000000000000000000000000000000000000000000000000000000000000000000000000000000000000000
	0000000000000000000000000000000000000000000000000000000000000000000000000000000000000000000013B000000000000000000000000000000000000000000000000000000000000000000000000000000000000000000000000000000000000000000000000000000000000000000000000000000000000000
	00000000000000000000000000000000000000000000000000000000000000000000000000000000000000000000000000000000000000000000000000000000000000000000000000000000000000000000000013B00000000000000000000000000000000000000000000000000000000000000000000000000000000000
	000000000000000000000000000000000000000000000000000000000000000000000000000000000000000000000000000000000000000000000000000000000000000000000000000000000000000000000000000000000000000000000000000000000000000000000000000000000000000000000000000013B0000000
	00000000000000000000000000000000000000000000000000000000000000000000000000000000000000000000000000000000000000000000000000000000000000000000000000000000000000000000000000000000000000000000000000000000000000000000000000000000000000000000000000000000000000
	00000000000000000000000000000000000000000000000000000000000000000013B00000000000000000000000000000000000000000000000000000000000000000000000000000000000000000000000000000000000000000000000000000000000000000000000000000000000000000000000000000000000000000
	000000000000000000000000000000000000000000000000000000000000000000000000000000000000000000000000000000000000000000000000000000000000000000000013B0000000000000000000000000000000000000000000000000000000000000000000000000000000000000000000000000000000000000
	0000000000000000000000000000000000000000000000000000000000000000000000000000000000000000000000000000000000000000000000000000000000000000000000000000000000000000000000000000000000000000000000000000000000000000000000000013B000000000000000000000000000000000
	00000000000000000000000000000000000000000000000000000000000000000000000000000000000000000000000000000000000000000000000000000000000000000000000000000000000000000000000000000000000000000000000000000000000000000000000000000000000000000000000000000000000000
	000000000000000000000000000000000000000013B0000000000000000000000000000000000000000000000000000000000000000000000000000000000000000000000000000000000000000000000000000000000000000000000000000000000000000000000000000000000000000000000000000000000000000000
	0000000000000000000000000000000000000000000000000000000000000000000000000000000000000000000000000000000000000000000013B000000000000000000000000000000000000000000000000000000000000000000000000000000000000000000000000000000000000000000000000000000000000000
	00000000000000000000000000000000000000000000000000000000000000000000000000000000000000000000000000000000000000000000000000000000000000000000000000000000000000000000000000000000000000000000000013B00000000000000000000000000000000000000000000000000000000000
	00000000000000000000000000000000000000000000000000000000000000000000000000000000000000000000000000000000000000000000000000000000000000000000000000000000000000000000000000000000000000000000000000000000000000000000000000000000000000000000000000000000000000
	0000000000000013B000000000000000000000000000000000000000000000000000000000000000000000000000000000000000000000000000000000000000000000000000000000000000000000000000000000000000000000000000000000000000000000000000000000000000000000000000000000000000000000
	00000000000000000000000000000000000000000000000000000000000000000000000000000000000000000013B00000000000000000000000000000000000000000000000000000000000000000000000000000000000000000000000000000000000000000000000000000000000000000000000000000000000000000
	000000000000000000000000000000000000000000000000000000000000000000000000000000000000000000000000000000000000000000000000000000000000000000000000000000000000000000000013B0000000000000000000000000000000000000000000000000000000000000000000000000000000000000
	0000000000000000000000000000000000000000000000000000000000000000000000000000000000000000000000000000000000000000000000000000000000000000000000000000000000000000000000000000000000000000000000000000000000000000000000000000000000000000000000000013B000000000
	00000000000000000000000000000000000000000000000000000000000000000000000000000000000000000000000000000000000000000000000000000000000000000000000000000000000000000000000000000000000000000000000000000000000000000000000000000000000000000000000000000000000000
	000000000000000000000000000000000000000000000000000000000000000013B0000000000000000000000000000000000000000000000000000000000000000000000000000000000000000000000000000000000000000000000000000000000000000000000000000000000000000000000000000000000000000000
	0000000000000000000000000000000000000000000000000000000000000000000000000000000000000000000000000000000000000000000000000000000000000000000013B000000000000000000000000000000000000000000000000000000000000000000000000000000000000000000000000000000000000000
	00000000000000000000000000000000000000000000000000000000000000000000000000000000000000000000000000000000000000000000000000000000000000000000000000000000000000000000000000000000000000000000000000000000000000000000000013B00000000000000000000000000000000000
	00000000000000000000000000000000000000000000000000000000000000000000000000000000000000000000000000000000000000000000000000000000000000000000000000000000000000000000000000000000000000000000000000000000000000000000000000000000000000000000000000000000000000
	0000000000000000000000000000000000000013B000000000000000000000000000000000000000000000000000000000000000000000000000000000000000000000000000000000000000000000000000000000000000000000000000000000000000000000000000000000000000000000000000000000000000000000
	00000000000000000000000000000000000000000000000000000000000000000000000000000000000000000000000000000000000000000013B00000000000000000000000000000000000000000000000000000000000000000000000000000000000000000000000000000000000000000000000000000000000000000
	000000000000000000000000000000000000000000000000000000000000000000000000000000000000000000000000000000000000000000000000000000000000000000000000000000000000000000000000000000000000000000000013B0000000000000000000000000000000000000000000000000000000000000
	00000000000000000000000000000000000000000000000000000000000000000000000000000000000000000000000000000000000000000000000000000000000000000000000000000000000000000000000000000000000000000000000000000000000000000000000000000000000000000000000000000000000000
	00000000000013B00000000000000000000000000000000000000000000000000000000000000000000000000000000000000000000000000000000000000000000000000000000000000000000000000000000000000000000000000000000000000000000000000000000000000000000000000000000000000000000000
	000000000000000000000000000000000000000000000000000000000000000000000000000000000000000013B0000000000000000000000000000000000000000000000000000000000000000000000000000000000000000000000000000000000000000000000000000000000000000000000000000000000000000000
	0000000000000000000000000000000000000000000000000000000000000000000000000000000000000000000000000000000000000000000000000000000000000000000000000000000000000000000013B000000000000000000000000000000000000000000000000000000000000000000000000000000000000000
	00000000000000000000000000000000000000000000000000000000000000000000000000000000000000000000000000000000000000000000000000000000000000000000000000000000000000000000000000000000000000000000000000000000000000000000000000000000000000000000000013B00000000000
	00000000000000000000000000000000000000000000000000000000000000000000000000000000000000000000000000000000000000000000000000000000000000000000000000000000000000000000000000000000000000000000000000000000000000000000000000000000000000000000000000000000000000
	0000000000000000000000000000000000000000000000000000000000000013B000000000000000000000000000000000000000000000000000000000000000000000000000000000000000000000000000000000000000000000000000000000000000000000000000000000000000000000000000000000000000000000
	00000000000000000000000000000000000000000000000000000000000000000000000000000000000000000000000000000000000000000000000000000000000000000013B00000000000000000000000000000000000000000000000000000000000000000000000000000000000000000000000000000000000000000
	000000000000000000000000000000000000000000000000000000000000000000000000000000000000000000000000000000000000000000000000000000000000000000000000000000000000000000000000000000000000000000000000000000000000000000000013B0000000000000000000000000000000000000
	00000000000000000000000000000000000000000000000000000000000000000000000000000000000000000000000000000000000000000000000000000000000000000000000000000000000000000000000000000000000000000000000000000000000000000000000000000000000000000000000000000000000000
	00000000000000000000000000000000000013B00000000000000000000000000000000000000000000000000000000000000000000000000000000000000000000000000000000000000000000000000000000000000000000000000000000000000000000000000000000000000000000000000000000000000000000000
	000000000000000000000000000000000000000000000000000000000000000000000000000000000000000000000000000000000000000013B0000000000000000000000000000000000000000000000000000000000000000000000000000000000000000000000000000000000000000000000000000000000000000000
	0000000000000000000000000000000000000000000000000000000000000000000000000000000000000000000000000000000000000000000000000000000000000000000000000000000000000000000000000000000000000000000013B000000000000000000000000000000000000000000000000000000000000000
	00000000000000000000000000000000000000000000000000000000000000000000000000000000000000000000000000000000000000000000000000000000000000000000000000000000000000000000000000000000000000000000000000000000000000000000000000000000000000000000000000000000000000
	000000000013B0000000000000000000000000000000000000000000000000000000000000000000000000000000000000000000000000000000000000000000000000000000000000000000000000000000000000000000000000000000000000000000000000000000000000000000000000000000000000000000000000
	0000000000000000000000000000000000000000000000000000000000000000000000000000000000000013B000000000000000000000000000000000000000000000000000000000000000000000000000000000000000000000000000000000000000000000000000000000000000000000000000000000000000000000
	00000000000000000000000000000000000000000000000000000000000000000000000000000000000000000000000000000000000000000000000000000000000000000000000000000000000000000013B00000000000000000000000000000000000000000000000000000000000000000000000000000000000000000
	000000000000000000000000000000000000000000000000000000000000000000000000000000000000000000000000000000000000000000000000000000000000000000000000000000000000000000000000000000000000000000000000000000000000000000000000000000000000000000000013B0000000000000
	00000000000000000000000000000000000000000000000000000000000000000000000000000000000000000000000000000000000000000000000000000000000000000000000000000000000000000000000000000000000000000000000000000000000000000000000000000000000000000000000000000000000000
	00000000000000000000000000000000000000000000000000000000000013B00000000000000000000000000000000000000000000000000000000000000000000000000000000000000000000000000000000000000000000000000000000000000000000000000000000000000000000000000000000000000000000000
	000000000000000000000000000000000000000000000000000000000000000000000000000000000000000000000000000000000000000000000000000000000000000013B0000000000000000000000000000000000000000000000000000000000000000000000000000000000000000000000000000000000000000000
	0000000000000000000000000000000000000000000000000000000000000000000000000000000000000000000000000000000000000000000000000000000000000000000000000000000000000000000000000000000000000000000000000000000000000000000013B000000000000000000000000000000000000000
	00000000000000000000000000000000000000000000000000000000000000000000000000000000000000000000000000000000000000000000000000000000000000000000000000000000000000000000000000000000000000000000000000000000000000000000000000000000000000000000000000000000000000
	000000000000000000000000000000000013B0000000000000000000000000000000000000000000000000000000000000000000000000000000000000000000000000000000000000000000000000000000000000000000000000000000000000000000000000000000000000000000000000000000000000000000000000
	0000000000000000000000000000000000000000000000000000000000000000000000000000000000000000000000000000000000000013B000000000000000000000000000000000000000000000000000000000000000000000000000000000000000000000000000000000000000000000000000000000000000000000
	00000000000000000000000000000000000000000000000000000000000000000000000000000000000000000000000000000000000000000000000000000000000000000000000000000000000000000000000000000000000000000013B00000000000000000000000000000000000000000000000000000000000000000
	00000000000000000000000000000000000000000000000000000000000000000000000000000000000000000000000000000000000000000000000000000000000000000000000000000000000000000000000000000000000000000000000000000000000000000000000000000000000000000000000000000000000000
	0000000013B000000000000000000000000000000000000000000000000000000000000000000000000000000000000000000000000000000000000000000000000000000000000000000000000000000000000000000000000000000000000000000000000000000000000000000000000000000000000000000000000000
	00000000000000000000000000000000000000000000000000000000000000000000000000000000000013B00000000000000000000000000000000000000000000000000000000000000000000000000000000000000000000000000000000000000000000000000000000000000000000000000000000000000000000000
	000000000000000000000000000000000000000000000000000000000000000000000000000000000000000000000000000000000000000000000000000000000000000000000000000000000000000013B0000000000000000000000000000000000000000000000000000000000000000000000000000000000000000000
	0000000000000000000000000000000000000000000000000000000000000000000000000000000000000000000000000000000000000000000000000000000000000000000000000000000000000000000000000000000000000000000000000000000000000000000000000000000000000000000013B000000000000000
	00000000000000000000000000000000000000000000000000000000000000000000000000000000000000000000000000000000000000000000000000000000000000000000000000000000000000000000000000000000000000000000000000000000000000000000000000000000000000000000000000000000000000
	000000000000000000000000000000000000000000000000000000000013B0000000000000000000000000000000000000000000000000000000000000000000000000000000000000000000000000000000000000000000000000000000000000000000000000000000000000000000000000000000000000000000000000
	0000000000000000000000000000000000000000000000000000000000000000000000000000000000000000000000000000000000000000000000000000000000000013B000000000000000000000000000000000000000000000000000000000000000000000000000000000000000000000000000000000000000000000
	00000000000000000000000000000000000000000000000000000000000000000000000000000000000000000000000000000000000000000000000000000000000000000000000000000000000000000000000000000000000000000000000000000000000000000013B00000000000000000000000000000000000000000
	00000000000000000000000000000000000000000000000000000000000000000000000000000000000000000000000000000000000000000000000000000000000000000000000000000000000000000000000000000000000000000000000000000000000000000000000000000000000000000000000000000000000000
	0000000000000000000000000000000013B000000000000000000000000000000000000000000000000000000000000000000000000000000000000000000000000000000000000000000000000000000000000000000000000000000000000000000000000000000000000000000000000000000000000000000000000000
	00000000000000000000000000000000000000000000000000000000000000000000000000000000000000000000000000000000000013B00000000000000000000000000000000000000000000000000000000000000000000000000000000000000000000000000000000000000000000000000000000000000000000000
	000000000000000000000000000000000000000000000000000000000000000000000000000000000000000000000000000000000000000000000000000000000000000000000000000000000000000000000000000000000000000013B0000000000000000000000000000000000000000000000000000000000000000000
	00000000000000000000000000000000000000000000000000000000000000000000000000000000000000000000000000000000000000000000000000000000000000000000000000000000000000000000000000000000000000000000000000000000000000000000000000000000000000000000000000000000000000
	00000013B00000000000000000000000000000000000000000000000000000000000000000000000000000000000000000000000000000000000000000000000000000000000000000000000000000000000000000000000000000000000000000000000000000000000000000000000000000000000000000000000000000
	000000000000000000000000000000000000000000000000000000000000000000000000000000000013B0000000000000000000000000000000000000000000000000000000000000000000000000000000000000000000000000000000000000000000000000000000000000000000000000000000000000000000000000
	0000000000000000000000000000000000000000000000000000000000000000000000000000000000000000000000000000000000000000000000000000000000000000000000000000000000000013B000000000000000000000000000000000000000000000000000000000000000000000000000000000000000000000
	00000000000000000000000000000000000000000000000000000000000000000000000000000000000000000000000000000000000000000000000000000000000000000000000000000000000000000000000000000000000000000000000000000000000000000000000000000000000000000013B00000000000000000
	00000000000000000000000000000000000000000000000000000000000000000000000000000000000000000000000000000000000000000000000000000000000000000000000000000000000000000000000000000000000000000000000000000000000000000000000000000000000000000000000000000000000000
	0000000000000000000000000000000000000000000000000000000013B000000000000000000000000000000000000000000000000000000000000000000000000000000000000000000000000000000000000000000000000000000000000000000000000000000000000000000000000000000000000000000000000000
	00000000000000000000000000000000000000000000000000000000000000000000000000000000000000000000000000000000000000000000000000000000000013B00000000000000000000000000000000000000000000000000000000000000000000000000000000000000000000000000000000000000000000000
	000000000000000000000000000000000000000000000000000000000000000000000000000000000000000000000000000000000000000000000000000000000000000000000000000000000000000000000000000000000000000000000000000000000000000013B0000000000000000000000000000000000000000000
	00000000000000000000000000000000000000000000000000000000000000000000000000000000000000000000000000000000000000000000000000000000000000000000000000000000000000000000000000000000000000000000000000000000000000000000000000000000000000000000000000000000000000
	00000000000000000000000000000013B00000000000000000000000000000000000000000000000000000000000000000000000000000000000000000000000000000000000000000000000000000000000000000000000000000000000000000000000000000000000000000000000000000000000000000000000000000
	000000000000000000000000000000000000000000000000000000000000000000000000000000000000000000000000000000000013B0000000000000000000000000000000000000000000000000000000000000000000000000000000000000000000000000000000000000000000000000000000000000000000000000
	0000000000000000000000000000000000000000000000000000000000000000000000000000000000000000000000000000000000000000000000000000000000000000000000000000000000000000000000000000000000000013B000000000000000000000000000000000000000000000000000000000000000000000
	00000000000000000000000000000000000000000000000000000000000000000000000000000000000000000000000000000000000000000000000000000000000000000000000000000000000000000000000000000000000000000000000000000000000000000000000000000000000000000000000000000000000000
	000013B0000000000000000000000000000000000000000000000000000000000000000000000000000000000000000000000000000000000000000000000000000000000000000000000000000000000000000000000000000000000000000000000000000000000000000000000000000000000000000000000000000000
	0000000000000000000000000000000000000000000000000000000000000000000000000000000013B000000000000000000000000000000000000000000000000000000000000000000000000000000000000000000000000000000000000000000000000000000000000000000000000000000000000000000000000000
	00000000000000000000000000000000000000000000000000000000000000000000000000000000000000000000000000000000000000000000000000000000000000000000000000000000000013B00000000000000000000000000000000000000000000000000000000000000000000000000000000000000000000000
	000000000000000000000000000000000000000000000000000000000000000000000000000000000000000000000000000000000000000000000000000000000000000000000000000000000000000000000000000000000000000000000000000000000000000000000000000000000000000013B0000000000000000000
	00000000000000000000000000000000000000000000000000000000000000000000000000000000000000000000000000000000000000000000000000000000000000000000000000000000000000000000000000000000000000000000000000000000000000000000000000000000000000000000000000000000000000
	00000000000000000000000000000000000000000000000000000013B00000000000000000000000000000000000000000000000000000000000000000000000000000000000000000000000000000000000000000000000000000000000000000000000000000000000000000000000000000000000000000000000000000
	000000000000000000000000000000000000000000000000000000000000000000000000000000000000000000000000000000000000000000000000000000000013B0000000000000000000000000000000000000000000000000000000000000000000000000000000000000000000000000000000000000000000000000
	0000000000000000000000000000000000000000000000000000000000000000000000000000000000000000000000000000000000000000000000000000000000000000000000000000000000000000000000000000000000000000000000000000000000000013B000000000000000000000000000000000000000000000
	00000000000000000000000000000000000000000000000000000000000000000000000000000000000000000000000000000000000000000000000000000000000000000000000000000000000000000000000000000000000000000000000000000000000000000000000000000000000000000000000000000000000000
	000000000000000000000000000013B0000000000000000000000000000000000000000000000000000000000000000000000000000000000000000000000000000000000000000000000000000000000000000000000000000000000000000000000000000000000000000000000000000000000000000000000000000000
	0000000000000000000000000000000000000000000000000000000000000000000000000000000000000000000000000000000013B000000000000000000000000000000000000000000000000000000000000000000000000000000000000000000000000000000000000000000000000000000000000000000000000000
	00000000000000000000000000000000000000000000000000000000000000000000000000000000000000000000000000000000000000000000000000000000000000000000000000000000000000000000000000000000000013B00000000000000000000000000000000000000000000000000000000000000000000000
	00000000000000000000000000000000000000000000000000000000000000000000000000000000000000000000000000000000000000000000000000000000000000000000000000000000000000000000000000000000000000000000000000000000000000000000000000000000000000000000000000000000000000
	0013B000000000000000000000000000000000000000000000000000000000000000000000000000000000000000000000000000000000000000000000000000000000000000000000000000000000000000000000000000000000000000000000000000000000000000000000000000000000000000000000000000000000
	00000000000000000000000000000000000000000000000000000000000000000000000000000013B00000000000000000000000000000000000000000000000000000000000000000000000000000000000000000000000000000000000000000000000000000000000000000000000000000000000000000000000000000
	000000000000000000000000000000000000000000000000000000000000000000000000000000000000000000000000000000000000000000000000000000000000000000000000000000000013B0000000000000000000000000000000000000000000000000000000000000000000000000000000000000000000000000
	0000000000000000000000000000000000000000000000000000000000000000000000000000000000000000000000000000000000000000000000000000000000000000000000000000000000000000000000000000000000000000000000000000000000000000000000000000000000000013B000000000000000000000
	00000000000000000000000000000000000000000000000000000000000000000000000000000000000000000000000000000000000000000000000000000000000000000000000000000000000000000000000000000000000000000000000000000000000000000000000000000000000000000000000000000000000000
	000000000000000000000000000000000000000000000000000013B0000000000000000000000000000000000000000000000000000000000000000000000000000000000000000000000000000000000000000000000000000000000000000000000000000000000000000000000000000000000000000000000000000000
	0000000000000000000000000000000000000000000000000000000000000000000000000000000000000000000000000000000000000000000000000000000013B000000000000000000000000000000000000000000000000000000000000000000000000000000000000000000000000000000000000000000000000000
	00000000000000000000000000000000000000000000000000000000000000000000000000000000000000000000000000000000000000000000000000000000000000000000000000000000000000000000000000000000000000000000000000000000000013B00000000000000000000000000000000000000000000000
	00000000000000000000000000000000000000000000000000000000000000000000000000000000000000000000000000000000000000000000000000000000000000000000000000000000000000000000000000000000000000000000000000000000000000000000000000000000000000000000000000000000000000
	0000000000000000000000000013B000000000000000000000000000000000000000000000000000000000000000000000000000000000000000000000000000000000000000000000000000000000000000000000000000000000000000000000000000000000000000000000000000000000000000000000000000000000
	00000000000000000000000000000000000000000000000000000000000000000000000000000000000000000000000000000013B00000000000000000000000000000000000000000000000000000000000000000000000000000000000000000000000000000000000000000000000000000000000000000000000000000
	000000000000000000000000000000000000000000000000000000000000000000000000000000000000000000000000000000000000000000000000000000000000000000000000000000000000000000000000000000000013B0000000000000000000000000000000000000000000000000000000000000000000000000
	00000000000000000000000000000000000000000000000000000000000000000000000000000000000000000000000000000000000000000000000000000000000000000000000000000000000000000000000000000000000000000000000000000000000000000000000000000000000000000000000000000000000000
	13B00000000000000000000000000000000000000000000000000000000000000000000000000000000000000000000000000000000000000000000000000000000000000000000000000000000000000000000000000000000000000000000000000000000000000000000000000000000000000000000000000000000000
	000000000000000000000000000000000000000000000000000000000000000000000000000013B0000000000000000000000000000000000000000000000000000000000000000000000000000000000000000000000000000000000000000000000000000000000000000000000000000000000000000000000000000000
	0000000000000000000000000000000000000000000000000000000000000000000000000000000000000000000000000000000000000000000000000000000000000000000000000000000013B000000000000000000000000000000000000000000000000000000000000000000000000000000000000000000000000000
	00000000000000000000000000000000000000000000000000000000000000000000000000000000000000000000000000000000000000000000000000000000000000000000000000000000000000000000000000000000000000000000000000000000000000000000000000000000000013B00000000000000000000000
	00000000000000000000000000000000000000000000000000000000000000000000000000000000000000000000000000000000000000000000000000000000000000000000000000000000000000000000000000000000000000000000000000000000000000000000000000000000000000000000000000000000000000
	0000000000000000000000000000000000000000000000000013B000000000000000000000000000000000000000000000000000000000000000000000000000000000000000000000000000000000000000000000000000000000000000000000000000000000000000000000000000000000000000000000000000000000
	00000000000000000000000000000000000000000000000000000000000000000000000000000000000000000000000000000000000000000000000000000013B00000000000000000000000000000000000000000000000000000000000000000000000000000000000000000000000000000000000000000000000000000
	000000000000000000000000000000000000000000000000000000000000000000000000000000000000000000000000000000000000000000000000000000000000000000000000000000000000000000000000000000000000000000000000000000000013B0000000000000000000000000000000000000000000000000
	00000000000000000000000000000000000000000000000000000000000000000000000000000000000000000000000000000000000000000000000000000000000000000000000000000000000000000000000000000000000000000000000000000000000000000000000000000000000000000000000000000000000000
	00000000000000000000000013B00000000000000000000000000000000000000000000000000000000000000000000000000000000000000000000000000000000000000000000000000000000000000000000000000000000000000000000000000000000000000000000000000000000000000000000000000000000000
	000000000000000000000000000000000000000000000000000000000000000000000000000000000000000000000000000013B0000000000000000000000000000000000000000000000000000000000000000000000000000000000000000000000000000000000000000000000000000000000000000000000000000000
	0000000000000000000000000000000000000000000000000000000000000000000000000000000000000000000000000000000000000000000000000000000000000000000000000000000000000000000000000000000013B000000000000000000000000000000000000000000000000000000000000000000000000000
	00000000000000000000000000000000000000000000000000000000000000000000000000000000000000000000000000000000000000000000000000000000000000000000000000000000000000000000000000000000000000000000000000000000000000000000000000000000000000000000000000000000000013
	B0000000000000000000000000000000000000000000000000000000000000000000000000000000000000000000000000000000000000000000000000000000000000000000000000000000000000000000000000000000000000000000000000000000000000000000000000000000000000000000000000000000000000
	0000000000000000000000000000000000000000000000000000000000000000000000000013B000000000000000000000000000000000000000000000000000000000000000000000000000000000000000000000000000000000000000000000000000000000000000000000000000000000000000000000000000000000
	00000000000000000000000000000000000000000000000000000000000000000000000000000000000000000000000000000000000000000000000000000000000000000000000000000013B00000000000000000000000000000000000000000000000000000000000000000000000000000000000000000000000000000
	000000000000000000000000000000000000000000000000000000000000000000000000000000000000000000000000000000000000000000000000000000000000000000000000000000000000000000000000000000000000000000000000000000000000000000000000000000000013B0000000000000000000000000
	00000000000000000000000000000000000000000000000000000000000000000000000000000000000000000000000000000000000000000000000000000000000000000000000000000000000000000000000000000000000000000000000000000000000000000000000000000000000000000000000000000000000000
	00000000000000000000000000000000000000000000000013B00000000000000000000000000000000000000000000000000000000000000000000000000000000000000000000000000000000000000000000000000000000000000000000000000000000000000000000000000000000000000000000000000000000000
	000000000000000000000000000000000000000000000000000000000000000000000000000000000000000000000000000000000000000000000000000013B0000000000000000000000000000000000000000000000000000000000000000000000000000000000000000000000000000000000000000000000000000000
	0000000000000000000000000000000000000000000000000000000000000000000000000000000000000000000000000000000000000000000000000000000000000000000000000000000000000000000000000000000000000000000000000000000013B000000000000000000000000000000000000000000000000000
	00000000000000000000000000000000000000000000000000000000000000000000000000000000000000000000000000000000000000000000000000000000000000000000000000000000000000000000000000000000000000000000000000000000000000000000000000000000000000000000000000000000000000
	000000000000000000000013B0000000000000000000000000000000000000000000000000000000000000000000000000000000000000000000000000000000000000000000000000000000000000000000000000000000000000000000000000000000000000000000000000000000000000000000000000000000000000
	0000000000000000000000000000000000000000000000000000000000000000000000000000000000000000000000000013B000000000000000000000000000000000000000000000000000000000000000000000000000000000000000000000000000000000000000000000000000000000000000000000000000000000
	00000000000000000000000000000000000000000000000000000000000000000000000000000000000000000000000000000000000000000000000000000000000000000000000000000000000000000000000000000013B00000000000000000000000000000000000000000000000000000000000000000000000000000
	000000000000000000000000000000000000000000000000000000000000000000000000000000000000000000000000000000000000000000000000000000000000000000000000000000000000000000000000000000000000000000000000000000000000000000000000000000000000000000000000000000000013B0
	00000000000000000000000000000000000000000000000000000000000000000000000000000000000000000000000000000000000000000000000000000000000000000000000000000000000000000000000000000000000000000000000000000000000000000000000000000000000000000000000000000000000000
	00000000000000000000000000000000000000000000000000000000000000000000000013B00000000000000000000000000000000000000000000000000000000000000000000000000000000000000000000000000000000000000000000000000000000000000000000000000000000000000000000000000000000000
	000000000000000000000000000000000000000000000000000000000000000000000000000000000000000000000000000000000000000000000000000000000000000000000000000013B0000000000000000000000000000000000000000000000000000000000000000000000000000000000000000000000000000000
	0000000000000000000000000000000000000000000000000000000000000000000000000000000000000000000000000000000000000000000000000000000000000000000000000000000000000000000000000000000000000000000000000000000000000000000000000000000013B000000000000000000000000000
	00000000000000000000000000000000000000000000000000000000000000000000000000000000000000000000000000000000000000000000000000000000000000000000000000000000000000000000000000000000000000000000000000000000000000000000000000000000000000000000000000000000000000
	000000000000000000000000000000000000000000000013B0000000000000000000000000000000000000000000000000000000000000000000000000000000000000000000000000000000000000000000000000000000000000000000000000000000000000000000000000000000000000000000000000000000000000
	0000000000000000000000000000000000000000000000000000000000000000000000000000000000000000000000000000000000000000000000000013B000000000000000000000000000000000000000000000000000000000000000000000000000000000000000000000000000000000000000000000000000000000
	00000000000000000000000000000000000000000000000000000000000000000000000000000000000000000000000000000000000000000000000000000000000000000000000000000000000000000000000000000000000000000000000000000013B00000000000000000000000000000000000000000000000000000
	00000000000000000000000000000000000000000000000000000000000000000000000000000000000000000000000000000000000000000000000000000000000000000000000000000000000000000000000000000000000000000000000000000000000000000000000000000000000000000000000000000000000000
	0000000000000000000013B000000000000000000000000000000000000000000000000000000000000000000000000000000000000000000000000000000000000000000000000000000000000000000000000000000000000000000000000000000000000000000000000000000000000000000000000000000000000000
	00000000000000000000000000000000000000000000000000000000000000000000000000000000000000000000000013B00000000000000000000000000000000000000000000000000000000000000000000000000000000000000000000000000000000000000000000000000000000000000000000000000000000000
	000000000000000000000000000000000000000000000000000000000000000000000000000000000000000000000000000000000000000000000000000000000000000000000000000000000000000000000000000013B0000000000000000000000000000000000000000000000000000000000000000000000000000000
	0000000000000000000000000000000000000000000000000000000000000000000000000000000000000000000000000000000000000000000000000000000000000000000000000000000000000000000000000000000000000000000000000000000000000000000000000000000000000000000000000000000013B000
	00000000000000000000000000000000000000000000000000000000000000000000000000000000000000000000000000000000000000000000000000000000000000000000000000000000000000000000000000000000000000000000000000000000000000000000000000000000000000000000000000000000000000
	000000000000000000000000000000000000000000000000000000000000000000000013B0000000000000000000000000000000000000000000000000000000000000000000000000000000000000000000000000000000000000000000000000000000000000000000000000000000000000000000000000000000000000
	00000000000000000000000000000000000000000000000000000000000000000000000000000000000000000000000000000000000000000000000000000000000000000000000000F70B000280120210081012880A80980818004040400008000001400901080408084404404C040C002020200004000000200400040204
	042212202612160010101000828080001002000280020210081013890B80880808004140400008000001400901080408084404404C040C002020200004000000200400040204042202202602060010101000828080001002000280020210081013090B0008080800414040000801007D1B0002921202109010100888808048
	08080040404009000000490901084808080444404024040400202020040000002404000424040402222020121202009010100280808012020002920202019010100989818048080801404040090000004909010848080804444040240404002020200400000024040004240404022220201202020090101002808080120200
	02920202011010100909010048080801404040090100261100000000000000020002001000100000001000000004000000000000000400000000000000040008000400040000000000000000000000000004000200000010000000000010000000000000000A000200000000000000000000000C0000000000000004000000
	0800000000000008000000080000000000000200000000000400040004000000000000000000000000000000020002000200020000000000080000007C9C0000000000000008000000020000000000001000000010000000040000000000000000080008000000000000000000100200000200000010000000040004040000
	0204000008000000000800000000000002000000080000000000000000000004000000000000000008000C00000004000000000000000000000000000000000002000000020002000400000000000000000000000000000000020800000200040C007BA0000000000800000000000000000200180000000A00080000000000
	00000000000008000000000000080002020800000000000000100000040000000000000002000000100000000000000000000000000000000200000000000A00000000000000000000000000000000000000080000020600000000020000000000000400000000000000000000000000080000000008000008000000000000
	00000000000000000048940000000000000000000000000000000000000000000000000000000000000000080000000000000800000000000000000000000000000000000000000000000000000000000000000000000000000000000000000000000000000000000000000004000000000000000000000008000000000000
	0000000000000000000000000000000000000000000000000000000000000000000000000200000000000000000000E2EE000000000000020000000010000000001000000000000000000000000000000000000008000000000000000000000000000000000000000400000400000000000000000000000000000000080200
	00020000000200000000000000000000000000000000000000000000000000000000000000000000000000000000040000000004000000000000000000000000000008000000000002000000000000000000000000AA6700000000000004000402200022000000000000020000000000000004020002001000100080008000
	000002000000000000020100110008000804400044000000000000000000000000000000040004002000200000000000000000000000000000000200020010001000800080000000000000000000000201000100080008004000440000000000000000000000000000000400040020002000000000000000000000E7A80000
	00000008000400040024003000200000000000000000000000000002000200120010009000800080000000000000000000010001000900080048004000400000000000000000000000000004000400240020002000000000000000000000000000020002081208100090008000800000000000000000000100010009000C00
	4800400040000000000000000000000000000602040024002000200000000000000004B500000000000000000000020000001000000000000800000000000000000000000000000000080000000004000000000000000000000000000000000000000000000000000000000000000000000000000200000000000000000200
	000000000000000000000000000000000800000000020000000000000000000000000000000000000000000000040000000000000000000000000000000000000000000000000C00244E0000000000000800000004000000200000000000000000000000000000000000020000001000000080000000000000000000000000
	0011000000080000004200000000000000000000000000000800000400000020000000000000040000000000000000000002000000100000008000040000000000000000000000010000000800000040000000000000080000000000000800000004000000200000000000000000F4DF000000000000000004040004200000
	00000000000000000000000000040002000000101000108000080402000800100000000200010000000808020840000004000000140018000000000000000004040004200000000000000008000000000000000400020000001000000480000008000000080000000000020100000008080008400000000200000000000000
	000000000000040000002000080200000002040000FB030000000000000400040020000020280000000000000400000000000002000200100010008400008080000000000000000000010000010900080040000040500000000000000000000000000004000400200000202000000000080000000000000000020002001000
	0010900000808000000000000000000001000001090008004002004040000000000000000000000000000400040020000020200000000800000000EDCF000000000000000000000000000000000000180000001000000000000000000000000000000000000000000000000000000000000000000000000000000000000200
	000000000000000000000000000000000000000800000000000000000000000000000000000000000000000004000200000000000000000000000000000000000000000200000000000000000000000000000000000000000000000000000000009585000400000000000C0404040400000020000000000000000000080000
	000202020212101018100400008002000000000000000000000000090808080804001040000000000010000000020A0000040404040400000020000000000400000000000000000202020202000000120200008000000000000000000000000004090808080A00000040000000000000000200000800000404040404000200
	24040800000000002FBE000000000000000000040800120000000200001200000000000000000004000000020000100000000000000000000000000000040000100000000800000000000002000400000000000000000000000400000000000802000000000000000000000000080000000200000000000000080000000000
	00000000000000000000000800000000000000000000000000000000040000000400000008000200000100000000B0FE00040000000008000000080000120000000000000000000000000000040000000000000000080000000000020000000000000004000000000000000000040010020000041000000002000208000000
	00000000000000020000000004000000000000000800000000000000000002000000000000000000000000000000000000000200000000000000000000000200000008000000000000080200040408000100000010430000000000000000000000000000000002000012000000000008000000000000000000000000000400
	0000000000000000000000000010000000000000000000000000000000000000000000000000000000000008000000000000000000000000000000000000000000000200000008000000000000000000000000000400000000000000000000000000000000000000040000000000000000000200000000000000B520000000
	00100008001000000000080010000800100000000000000000040800000000000000480804040040000402000400100000001012000002000000000004000010002000020000100004000200000000004000001000000000000800000000002400000000000220000108000000000000000004201002002400000000000004
	000200002010000000020000000000004102000000000201080200000000100000F50B1C000018000A001002000018401008040000022C11022806000000082000002C000000000001120010000C01180000082008221004080004200002040400280200000508000200080400004000000200080000000010480008000100
	004402040C110000000000010004000006000A000005001840030C021800000000040000020001002002020800020400000E0000020008000002020004000000100302080700002652000000000A00001000000000000000000000000800000002000000080000080000000000000000000014084000000400200020101000
	000000000200040004020000000000000200100000000000000000000040001008100000000000400000000000000000000000000000000008000005000800030010000000000000000000000000000200000000000400060000000000000000000000020800000000000201007ADB04100800001000080010180040080008
	000834021000280400000000000400200000000040000C00000004000200000018000000080002140000040000000800000009040000000804000000000000000000000000004000000801000C000200040100040000000000000100000E00000000001004400C200008000400040000000000030000120002000000080000
	000000000900000000010000000013000A001000215908000010000000000200000010001400000000000201000000000000002800040000000009001200000000011C000008000000020004000000220000000000200000001020020000000004400200020008000000000000000000000000000004100800200000010000
	260000000002000000000000000002100220000000000006000000002028000000020000000000000242000200000204000002000000000400004B1400000040000010400000000400000000000008000004100000000000080000002200001040040000080000002400000810002000080014000008001000001002005020
	0800000000180000001240000000040000000000000044000000000000000000001000030800000004400000040800002200000800000000000010000C00020000000000010000020000000000000008000800020400180200000000000000004CE500040800000408000000000A100048000C0000002000000C0820100000
	000000000408000008100000000000000000000800000440000000020000242C00002400000400080000000000000400000200000000000000002000022C000002082400000C000000240008040008001000000200000104000000000408000600000010042100000008400030010806000A00000403000000180000000800
	0400100000050002140000004804001000000008021000004008040800200410040020100000080000200008000448000008000000042008000018042048000004000030040C201600100020080000000000080000001200020000000000000000000404000200002400000C00001000210408000810000400020823000004
	0800000400080010040002102001000009401020000A04000200000000030008000800080002000400000001004B010004000000004800000000000000080000000000000008000008000000000000040000000000100000000000000000000000000000001000000200000000002040000004080000000010000440000000
	0000000000002000400220080000000800000000000004080000040040000000000000000000000000000000020400000004000000000000000001000200080000040800000000121000080000000010040000E72D000404000020000002000000004008141000000004000022000000040008003400000000000000040042
	000000001000000A0024041800000410000404100024480000000810002400020000000002400000000800021600001406000000000000000008000000000120000040240000110020000100040200042000000024000000000002000012120404000000200000000002100000100000080406000100040000FC1B40120018
	40040010084008440802402008062C104A0010002A041168100000002402000808140010008C0240422806000010104000000451026000082000004100244A00422400100840000402601000000404000068200040280850200A4008400A000108410402020C02180A0006A1020C180402100028100002080601000010280D
	0008602D00280002010822000800000801020008060410002200002408010A0019E200141104000000100A00000802080440041A000800082000240208140800100000200000040000000008020000020004000A2400080410001400000000240401080000001C4020044000040000020000000000004A0024001400000000
	000800004008004000040000010000000A23041A0110200001200600100A0002000004000000090200010410240004000800000000000A001200080400040004000881000200384D01420800006400000040004000400810000000340640021008004021001020040400080000080410024440000068001200105000001044
	0002600004001000206004024822000010080200002040124000000804000012000068421C082200400A000001090000000E20080200640000000404080210000804002000000420002010040008201A200208010222002008000001000000021000100A0000020024008D00F9D20000000000000000000000000000000000
	00000000000000000000000000020000000000000080000000000000000000800000000100000008000000400000000000000000000000000000000000000000002008000000000000000000000000000000000000000000040000801800000000000000000000000001000000080002004000000000000000000000000000
	00000000000000002000100000000000000000192E82046C10020840901628448232086094060840B2160948A2160908B024490A90264110A0344B8220A4599000205B9004045B9A200542932409528A244D10D2204902822C4910802449120024499206204D90360069802008499626004192260809902040039432480384
	344A9300A4499904244A9B0000499024054A91200C4298214D0252214D8090214002902D48121025481214294C1236016910340148063401009E8180244C12002C48921020489214084896240848B23409409234090092244908902449028024491200245992002059920404499A2404489224015092240900922449009224
	4912802449120024499202204992160049922400489626014092260900922449009424490284244B1200244992042049920400499224044A9224054292240D0292244D0090244902802449121024491210204912060049122400481624010001F5014404100048000010400800004000000048080400400810044008040040
	00000040080400405000200A40040000400400004000200040002000000020020008200010406000000408000060680202004010060000100040002202480020224000000000002000080824200A08002408000020000000200008000000002020000000200002000002002C00000220000000202000000000000408000202
	00002404890055AE0000000000082000000000000000000410000000000000040000000410000024000008000000000400000800000008200000000004100000040000000000000004100000000010080400100000000000000000080004000000000008080410000004000000000000000000000804000200040000000004
	0200000002000000000000040000080000020004000000040002080000000000000000000000080000000000E2982C2E1E1A6E2C4A2E22521E1A444E4E420A120A0A525672720C2862221C7E4C6C2C2C060E46CA7A7ABE362E0A4A6A7E7A28084A2B1E7E074606063E762A2A4E067A5A1C3C58380C5C3C1C546C7A7A1A0A12
	3A4C5E781A084028096F5F5E7F1E1F3420292901010C05202127A70D0D8D0D2227292905052B0F0A2E0A2A0000010139700521CF8D0F092D27092D0606351409262928010001200706371717173E3F3C3F00884A485A0A1A662C4A0A22720E120C062E0A4A520A0A0800283868484A0A0C480008262C464612023A2A86264E
	4E28283E3A2808422A066E054424201E12020844046A44182C48281C4C38001A22120A424A16120C1C780A084828092C1E1E2A5D4F1603080920200A0102091A0E2F2F8F0D0207080825252D0D0E2E00200100202019001135C387232F0905092C030637130824090900000D090A0C33110505181D0C0D0011BA505E1E5A2E
	6C4E4A62321E0E000A6E425A521E1A323242426A4222626A7038182E2C4646D048222ABE966E4E6E6E3E362A0A1B7A7A4E670F6222703C08085E5E122A6068745C681C1C3C24284A525242261A0E1664764A220B232F2F735F4F5F1501292921210F050101B3272D2D85850307292926260A282626220A2100212179392C08
	EFC52E2A2424290927031B3F292D090B01012D0907033F3A1F1F0E0F343700A079303A1A5A266C6A4A423240404042464A0202505068604A5A0A2A0A4A68787058646402064040726866442E0E606C7256624A1078764666064000303428283C3C1624746C60406804406070607A62222042524E544446482A4B6B6D6F7B4B
	2D2F31212929010129212329292D0F0F26262327292906060B29222220082000010131212808AA82030B2020290D23071B3B21252929212109010B051B182D252A262C2500B1F14000000040000000400010084004000840000008400010004800004008000040080000400000005000000040000000400000004008200440
	0020000000200000002840100020400000204000002040000200400012084000200040002000400022000000200000002002000020000000200000002000002000000020000000200000002004000020040000200000002000000020000000000000000000002000000000E5C710100C0A0644000210200000000008224018
	1408101C040C000C400A103030200000060A04040842002006282E0C0E4000000010040000000400040608020A1074040000001010081000100C1000501000001E04000000400A2311110035071004030301210101190A00010B20070308010401090005030202042A0804010121050029018C0208290408020305012E0301
	09002101000001030D0A0108141B03031000B1EF06041010080008000040221A0C04000C0C2402124800181240001C002400085024140004380010083C0600000000100200085A0200044214000012000208100000121414100404142C004410082A000A0218400812120A0200004404110208031110000408001402010116
	0400000405200100002002200D0008000000020000000B1004010003040A0208040000001400001600000000040402050004082400040B00116660280104002820202012180042081000100208042422020024202224000E040C0008084000080414021828540020202C2800040832180402022408080020000C0A0008082E
	080840001C080206100A001C0200120800000C01080A0A0E08500C2204000800000004240A00000600080202000000020004000C0300000000000010100418020C040201042500000601080E060902000119080800001C0003009C08040007950200000022000000040008002200000004080000081000000800000010200A
	0000001000000080000400000000001000000000000110000000001000400000000020000804000400080000000000040000003000000A00000000000000000200000200000B000800120100008000000800000000020008000000010800000800000048200000000008000000000008000000000004010000210000000401
	00010080001210201010040000000800002200000400000010020000200A000020084004000000200000000000000828120008080400002000000200000002000400020000000800420000000010000004140000061200000804000000000200281C0020041001000402080000100000000400040006000004000000000024
	0C0000200000000000000000000000020002000000010001000800000000000400000800000810000300000AF90000000000000020000000000000000000100C000000000000002000080000000000000400000000120000000200200800000000000000000000000000000000000000040800000004000000000000000000
	000000000008010000000000000400000000000002001000000000000000000100080001020000000000000000001108000000000008010201000000040002000800000000000000000000000100001000404F0004000000040000200000006000002000000000004000000000000000000000100440000028004000000024
	0020040008000000040000000020000400000204000000000000100010001008281002001200080000000000000000011001080000010100020000150000080100020100020000012004010000000100000009200000001100010003040000000104001001000001050009000104001110000200000000B7A50100000A0800
	00020000100000080802000810000408100400040002000010200008020000040410000042000000020000000010000800040000080008000010140800100400000000000240000050000000100000100000000242080200401220100000010000000005020000200000002000000000040001020000000100000000040004
	82240000080C0200020200000C0200000000000800000000002C00048200289740100810000000002010080020040000400000101020000A0020040800040010040000080000000800000800042000400000120000000000000000000002100000000000001200080000000000000C00001000000010000000000410040808
	0004000000020000003200000002040000000000000000000000000200000000000204000000000000000000020000000000040002040000000004020408021000000000DAC80004040004000000020000000000000002000000020000004000000000320C4000000000180010000000100000000400000008000012100004
	020008002008000002100C00000004100000000200000008040046000202000208000000100000000000002000000000080004000108020000000000000001080000000004000000000108000809000000000004000008000000200000100002000900000000000008002B1220000000000000005000001008000410002000
	0A0000001000000610000020000000020000000000200000200008000A000000400024020400000000080000000400000000000800080000000008080000000A000000040800010000010200040002040000000000000000100000010000010000000000000004080002000000010010040200000400040004000000000003
	00040000080002000400000008020800000686000800000048002000000002000008000004040000040400040020000000000400000C0000040204000C04000000200000080C0000000040000000060200000010000000083000402000000C1000000000020000000000400000020108000001001100010000040108000201
	0000000400000001000200020200000000000100100000000C000000000021000000032400000110000001000800000000040004040100DD5100080802000048101000000014400080240840108400080000000024000040240000020024000804040000200000000020000804200002002010002000121004000200000000
	00400000024000020000000200400000000800000000000014080102000000040000000000080004000800040000080000000200000000000000020005800004210000080000102108000000000200000000040000000000082000000082805400401402180020000208000008001C00020008002242300A00180244280010
	0C00200C40082000001844021408045A02400210040070040400061088040008280008540C0004004628000800580822080016000C10400446001E0000580000040004080008240806002100200800042308080200300922001C000C20120710042012001800060002042A04080001023C000009002A00080308000E080010
	061C0200790D00000040000000100200080010400088000000000000002208021000400020400800000000080000000800000000004002400002000020102000142000000000000200000008000002080008080000000008000000100000060000000048081000050004000000040000002000000000000900080000010000
	000400200004002000021010000020000422000800030020100000080000000002000008000000040A00C0D510000014000A600800000004002C04000E00400000A0004000002002002C00100200002014600400000424021000061820000010040002000014080080020C0000000000000400002000400002102000020450
	040C000800004008001000000000000800000802200004081004000884000400020010080000080000011001000C0080000800000102080008100000000804000822040008000402040000140A1000009B4B0C400208001000001000000000200010200000180600100800000C00000000040204080610000028100000400C
	0000000000000C20004400000008021408100000284418000044000440000200400A000004020000004004000016000000040002000000000402080200011020080000200200000028200216000800010210020208040100040204000000040120080000000102000400000108080000002000000000180D20000000000008
	00000800004008000010001000080400000000080000182400000400080040020800040C02220420000C0000000008040010000400000002100008000A08000A0001125000080208020010040014001048002000100C0000010800000C0010040020002008004820060C201000011010002006080000000000200004000010
	10040A010004002000043000000100000912040000001209150004000070EB0008000E441002400000401A06000C00084400004000220404480024000000000000200404080000000820100000400400001208442000200000102008000804000400300020400000080A04001000100102100800080620140126001003020C
	0000200004282008000404021205000800002C00200400280000060000101006140000020001020800301A01040090020403000A10020000010A120000000800000000238D08000A0444000240000000420A040400481400004C000200004C2C0008100004040004204C0002000C000C302600640008000018400C24000000
	300400080816000C120808000048011A1200020010021002100C1000042A201032040204000E000024002814002404000A20040802242C000020201508100224080600000412201004021100021C102002190000000035000B001200001106000010001A0910000400B2490020000010000800000808100040080000000010
	000000240000000000000020000008000000080000000200000000000400020020000000001000000000000000000020200002000000004C0810000801000000080410400104000009100001080000080000000800200400530000080000041800002000000000001000000000040000000000000209040000240492020000
	000000080200090002000100040000001E0880480002006800000020401000000800000040100000081080004824200000000008000400080020000010200040000004000004001810000440000020000020200202046012020420020004001000000000104000040240000404000000020000220000002004400824000903
	2020000004200100000008000420000200000202010000000028800000080202004800020808000000001000014012100040020001003AF60000000000140A500800000C00500070680628024C222002083002000A0400140420200026100210008C04021026104608422000002002450000020C02040AD0000C5000000000
	80085042000800000010040204006000000258002026106009100800444400002A030004100008458812004006221001202008080214018021000C0200146A020006000000080101140160120008020007000C042000040000041000DA108008010000184A000028004840000018086042000008180200004A200800000404
	000420020402100C00003216004402000400000008100000000000040002280A00005202008402281004001008000000001044400000000A102004000209220032040000000040000D0408020105281004002000002900000C200200100201000000003008228004000800080150090000000202080013000D440010000080
	0104001F540040000204600010000010001000400000061028026400208038000404201000200800002800002000000004600010000248200430004006044004022200108024000400205000004200004200000000001002000400024000440000142000400008400000642408200200010820400002000542023000002000
	08000600208003040200000608000200020000020004630800180000000000000210000400420090001CB8000000000000000000000000200000000000000000080000000000000000020000000000000080000000000000000000004000000100000000000400000000000000000000000000200000000000000000000008
	00000000000000000010000000000000000000000000000080000000000000000000000000000100000000000000000000000000080800000000000000000000000000002000000000000000000000702B12244C8010204892062864921608609414084896860148100409009694494A1406011A8410419804A4438804205B
	CA040011822401589104294218244582D228451290280D0290484912002C499206286D920608619020084996260848B4260149B220004AB426095B803400CA00A411DB000400D9040003DA24051851240D829A204102D02D0102806D0D128261091202650912066105102648201026490904244800E4D190244C9200244892
	00284892040048922400489624014892240900922449489424490A8024491A0424499A042059DA040049922420489224214092240D00922C4910902C6D02906C4912002C4992022849920608499224084896260948B6260940B2244940B424490A8024495A002459DA002449DA2400499A2404589224014292240902922C49
	009024491282244912026449120220491204484912244049162449006E0D81404010000040000000400004004000000000020440481402000814004800000440020004400000044080000448420000000004004240240000102000000024600010004400002828100044080002600000044840042000000400480130044000
	3204400020004100242002190024000A0420000800200010000008122020000001001200200000002020000008080000200800022000000001000000400020008000FFDF0008200002082000000000000000000400000004000800000000080000000800000008000000000000000000000008200400080000000000041000
	00040000080000000800000000000010000000000000000000000002080000000000000000000000000000000000000000480000024804040248000400080004000000000000000400000004000200000000080400004800000000000010000004000000041240003AE3FEDE8A7A0A6A323262620A4A0E4E3E1E6C2C1E5E2E
	4EACAE6C4E7E7E282A90B0242C664626AA4606C6064E4E2A283232060C76772A0A7302763692922E026602282054542C046C4C3838041418184A0A0A4208480C0446600F2919192101551746464D4D65454D4D060243C37A1ACB4B430B4F4F266F6C6D1C1D4C5C969677670705171747074D6907074F4F0D0D6D6D4D4C6145
	2101032315157B5B4555425617070061C5A696A2522262121202020E4A064E3E1E640C3E723454949E241416162828D8F84E4C2E0E3E286622C606040806045E5E6C6C16162204771646069A823E1E6E0A08085C4C38002C145C5C4C5420306A200E4208402C0C0C2C446449412001652726640D4D20412F6D232353413A1A
	F76F2E2E4B4F0A4B0849180C7068B7A257450B0623236327496D03056F6925254905090569492103070305046B0B3535727253030007ADB6A6CA5A4202525220204C484E0A7E3E2C6C565E662AD6D62C281E1E6A4AF0D064680404F4482246C6C606066A6A5050444C3B3A426A33635454BAB20E226662484034345C74242C
	585C6064782822624E4240086C4424226F4B61515030247037336D4D04246A682622F1435A3AABE9632B2B6B060F4D093D38687CA3B644463C34362266626D4807266F6F2C2C09492D6845612121260204003F7F24607276372700C3EB4C666A526820123240604848440A5E1E244C5C526632869E6470464E000898986460
	4C4C04000242464446CA22063C1C64645A5A022826666064928206242E2A60600C0C082064746060081040102A604840400004006C6E664629115030247013112D4D00202C6C030361410A2A366D0C080B4F2A6B2969080C4048B6A27464101613032226694901214F492D2D69290D0940602123000004104B1B2420020245
	0100C0C6408010004000000040000000400000004000000040000000480000400000004008000040080400400000004008000040080000400020004000200000002800000028400000284000102840000028400002084000000840002008400020004000220040002000400020000000201040002000400024004020001000
	20040200200002002000000020000000200000006000000020000002000000004000042040000000B4E30C0A18302000002E4020020408020020226424280058080800101010080220084200020824002024060280000880344800000A400C0234080020080002140A18402808180050041818000414102000000000004000
	0008000001002102200B56000040030020020100040801000000140840402101040C4008041C00000213240002142144006C01040042010800042400052001030200081010450100141046004000E554203402000828220020000020040C02140C080A12162400A626200204200400E0242408221026440200000A1C842200
	044200100C000040140004A412140040040000100010047800040450080018084000000804040C020A04204008011004210252050001414018060112404A0B450040080C00644840091400003406000051130501180200000001010C0A0100410849480F00000003010101185244406008440100B35ED280A08A0442001000
	000800024008020002000428023210580E286A02280810180820440A080200080404C2220C0A22082A0400220C020214101204280A04000800000428080004003808000C00020A2A2E04080A2040040A0E1814100110007404006C44000544200200021170184B2607024C0A00012400190048901C04020018020601040004
	021601240004024004004008080000420404000410000490111600782F0080000000000010040000002E000000482000000C30000004002000000002000420140000008000000000000280100000000000010400040800000040000A0000000000000000080000001000004C00040060080020080000200010000000000600
	000002000800100000008200000002000000000C40040000110400001841000440040000000C0100000400000004000040000600000024100008000404400080008B4A000A80100820020000200804000028120200000040000820001000080200080000000002020002000000040804000004000010080002000000140200
	20000000004000000000000400000004000000000002000004000200000001082010001000500100006000000000030000100413000C0100000000000018000000800204100002000000004002004001000400000004280000000000000000011000001001000021CB00000008000000000000000020000000000800000000
	00000208001000000000000800000008000400008800000800000228000000080000000000000800000008000000080000000018080008000800080020000800020008010000000000000040080000000400010000000000400001000004000200000000000000000000000000000400000000000000000000440000000000
	00000000000040000002000000000561200080200000000004000000200800000000100000000082201000420800100000000000000420000400460024000200000004400400100200000480100000000000000010000058000440101020040000002004000000000200000000000100000000400104014004004000010808
	00002400000020010801045800000018200009000100000000000508000001000008010001030000010000020000100000000400D71C000402000800000040000000000000000400000A0002100000000800200020800000402000200000000000000000000000000200000000082000100000000004000000140000000020
	00000000000000000000000004400000005000000004002000040200000000020000000000000000000A40004000000000000012040002020000020102000002000022080000014000000000000002000010044000200440800085588012001200040020000000200002000200002000080008000000020000080008000810
	0800000200020000000280200A00000008000800041004020002001840002008000004002000000000000004000022200400020C00080000080110081300120000400000110000000040000040400000000004002400000420000005001000002C000000040000040000000002000000000C00000000110000040010000210
	00EF874C000000200200040000000000040000000202040410200004400020000200404000000002380000000000000000004448000004020000020000001004000400000000100008000000000000001802000800080000080000000600240200000404000100000000022000001200001400080040000800014000080000
	081400000000001000000000000002080000200800000000000041000000010000000800000000F3670000082000000000000000004000000004002C00000200100200000000200000000020000000000002001000000800000200000000200060000000000806000008000000500000040800080004000000000000000000
	00000400000000000002000020400000004000000000112800000200000400010000100000000000000000001100000001000400010000000000050009020000000A0000000000000000045000D6CB102000000040200A00200200000004002000000020000600280014000004200024120802000400640C00800220002008
	000000000000100000000824100000000000080000200010140000040000020020000000000000000000000001000060000000040100040002040008420009004000002840000800040000080002000000030000400420000010000000004000004800040000000000054410004040000001008BB100000000000000000028
	00100400400002080002060000040408080400004800000002002400180024080A20041048000000180004009000001000202012100000000220200010600002020C00100008080004000002060000000000002000080024200801200000000000084800001208040002002020000000000000200000000024020000440000
	0000000220000200080800000000100400000402000000000800BA45402C0204481010080210480040180608205428400068500860005220400C102424080428480000401000004002081400A40800460840002404401006000C040A641A04000C028C004000000000080002001002580800201002684F0054080500100110
	040008214C20064401060009204100300004130C000A0424001200172000220100100208300D00042A0C004008200601101820000042180218000040080500001AB4002C00000810100008100008040002080A000040204C040000004608400000400004040000000008080000001204104800040000000414000000200000
	08000006000000080000000040080000000200000000400000000002004000140000003100002000000000000040000000020001080200100100200402000002000004000200040002080001000004080040000200000000000010001A100A00000000000000E78D4000000400000000220000040030004000140820000200
	084C000000080004300220220810000000B400080000000000000010420000000010001E000224044240002204022400200000000208100008000400000A2030020008010400280001000000080900036422100005400001800004003004220008000004000120200048202000000000000400000204200000200400001024
	00000004000400024000000100B8650000000200400800000000544800000400600200000050002000102000040008020800005C205000000022400800000408A00C000048A00044000800100000180038000000005C800002000400000000100C140A0020000420400A000040000C0400140020000A0004100800040A2810
	400000000000040000082000110013000800020100103044080000280200000A080008110804000040000000000008000C0000331C0A1010004000000030021000040214000C000000000808002608380000280400042000000502000020020800000460001A040A04000004000006000080040A0000000C10084004220010
	200000180088000044020C000000240802400258300824000830000004000000600000200008001004080300001000000008000412040100001000080C020C01200010040000000108010000180010080006000409020012006133040002241000880208000002180000020042483000000004100000021400200008000860
	00200408000410200038000C000000201C20403000B0000420120020000800002400400004200254000040321008180000000010500010002001020440000000050008006004040801002402000000006C000000104400005200012000300801150000000050010C4200040012280200100200004004080000180000400000
	2ED81C0022140010800022100000021C00040846000800080C00182402280C10000020000860200000040006300830006004001C02080C106004340200003086000200080C100C0000601000324008100A800810520C04080000040802500048100644000028000400086004402020000600100000042C0300100050080000
	461020310000011001000E4815200900440400010001080200100800040608100002084200007301020000000040080200080012000000120000403000000000020000102000002404080000040308002000000004080800000200242000100000800004000000280000000060000204240000040000106000000000000010
	004030000001322008002010000100040000000408010020080000000840000000000400001000050200000810000C00000000040012000000122800021000000010480000040801001000006EA502440802004440100040001204000804100001000000080210484004004000140040010400400804000040000000000420
	1040002000000000001000080202040C00004020000221000002002000004000000000000004400004000000020249002400010900040040000000000004010000000B10000002080024000000000000042000020000021000041000042000000120000000000000000900000008120000003A5D100810000800000A100208
	0440180072040A62100000140000020220080420000C020002041000022EC000840A00180200042410160006211200220CB0042050420002341A00000410280430400000000004000408300030201900222015002401000024140000222400001C001800A83408002404002100061008001005012402080802004400110208
	00090300000A200A000B00030A04000A042024120084012C006061400001100048001200401002100808461400122100001608025040000C000000400000070044000604004084000A001A0004440022100220000024001E803600024004502000050000000410200000000000000400001064211420000012420C00002500
	01000000002004000010012400080026000401200A10200400040004020422000004001008000015000000022100200100000002080000001620009005080051DD1B04000A0004400810020800044010000A000040000000000800240200402014000C00000000000828420000000000043000201004000400100200120020
	0000080422001A002002380002204000400000000000180000000008020005202100042100001C00002404400800080008001420010800100200000400080010200100000800000203000210000806012008000A0802020100080200040900000A042000006315000000000000000000000000200000000000000000000000
	00000000000002000000040000000000000000040000000000000000010000000000000040080000000000000000000000000000000000000000200000000000000000000800010000000000000000000000000080000000000000000000000000000100000000000000400000004000000000000000008000000000000000
	000000000000000080008000B5E19028440282284010162844903608689086084034B60948003609408484094A30060150A0344B9000A44B8000245BDA000009D024010A912409528A244910D024491290444912806449121024498206206D90140069822600099234400982344009862441029026491B8034419A00A44182
	0024598A0404598220015883240D528A004510C229451080284412802D4112002D411216086D020401691620094816260900F873902C4C12002C48921028489204084892A408489234494892340900922449089024490280244912002449920024499A04004992240048922401509224091092244910902449128024491210
	24499200204992140049922600489234014892340900962449009024490280244912002449920024499A040459922400589224055092240D10922C4D1090244D12802C4912002C4912002849120400491624084816260900EAC201400C00100000000008080000000804000000100008080400000000040008100000000004
	08000000100800000010000400000400180000000000002C000000000000000000000820000004080000000010040000020000002002080004000000000000010004080000000000000000002000000000000A00042018000400101004000200040400000104020000040200000002000000000608000204080802240000EF
	80020000000000000090000000000000000000000000000000000008000000000000000804000008000000080404000800200200000400400004100000000200000410000804900000000010082000000000000008000000480004020000001000002400000024000000000000012400000904000001000000000000000000
	0000000120000000201000000010000000000000000000010000000000000000010002000055284C4A4C4E8696DADA9A9ADADA46467E5E3E3A3E3A8E8E464E0E0E464EBCBCE4F4662C2E2A4ECE1E1A9E161E1A0A0E1E1E5E6C7A7B7E4A7372521602042E2C363E1E1E7870180C44440808343C10183038123A06060E4E4C4C
	65416F6B2703657515312C2D050D292D01053DAD0405A82D3131292903030B0B141C3C2C37263504377607277535193837361307050703072727232331331B1B05072F0B27270C0E252500CD520400484A1E1CCACA8A8A8E980E0C7E5626322E288E8EC2C80E04464EBCBC8C9C2E682C225E4E1E0E94061212080A141C7848
	2A0A5C7A556646460A002A0C720E0402F4E8908044440808242C08102820060A02026A020C04250D0C2B2103456015310C0D04052B2D2505392D0005A80D3819290922290D0D04041818373625141F26170775050D0C25061012070702062527032303231E1A0C0E2B0B2E240C0E2C21006A2904084C4E8696D2D09A889E0A
	060276702E2C16120A08868A464A4E4CAC2CF4F4226E0602DC4E0C0A8A861C1A0A0E0E1A485C795A3A0A636350560A040A0040320616E8708804484808081C18282808283E1A0C086C4A642C012167624743241505012D0D210123210000BD1D2424888D111D212902020A0A14141000332315047B30250561413918361613
	06010303062727030331131F130B032F2B21230C0E212500EC624440404A060CC2C00A08C258464C5E54263406000A08060846404E4C2C2C8880682004024C4E1C1E08061812080A0408684828020C0A1446404602040808142E0002F0E898804C4C080C0C0C081008380A120C0408002C64614506264347042015312C2C20
	2101012000290D00042828101121010008040004002024322605041020340430002C082602030207070302252703032202131307070303282004062C200068C1000000080000000800001008000000080000000800008000080000000000000008000000000000000000000000000400000000000000001000000000000000
	10000000100000000000000000100000000000000000000000000000000000000010000000000000000000000000000000000000000000080004100000001000000400000004100000041000000400000000000000000000000004000800040008000400832100005204040808001080029C0008400014181808000006440C
	0400000C8010180828000A02400408020400000804100A2642080A22300034060042102404000008140000C41C08080404000010001810082802020400280004490224042509200124210008082621000011002000242809000821060005010008000036040110100400020134050000130400010200030402010100220008
	010C012825040A0004010019AD400C080212061288020208404206220C0220004406820888020218041054648014000804040A18020C120C04060A0A0410040010580620020046000608223478400A1824000000000000100C280000081014040C480400280920440111002001000106080101000C0020000901040104142D
	00000809000808001818000100202F11100800000831070401110601000401200022210008030A0000040A0800030A200074A90E020108089040168010900208000C12280682120004500200080202A008884060460600081002141008120A0000041008383664044856485010040802080A06160004981880040408082430
	0438202020020800124A44446204290A62401414341000252020080024042020042100012000200821320A06141404240038300100222231340030043020120C000405080205200C0210003404000E0200020188210C006D040900004010000000840084102000000000000400000000000000040080080240000010000400
	80001000000000000004006000080538000018400004402008000000080000840000080004000000040000082008400020002000000820041000200100020200000010000000A00000001408000000000800000001040003081030004200002000000001001400030000010000000400080220000000000000010882001543
	00000800080608020002000A08020002001A0802000604020002000200000008184002041200060802000A04020000081A040220024002200200000200021240020000004800000000000000200810002000000004080000440000014000200500000000010000040000000000000001000008000000000600040000100000
	0000042000000420050000010000000600200000000200000008000000040800000000008B844000000000820040000000004000004002100000028000400000000040000000000000000000000000000000000000000400000010000000000200000008080002000800000000000004000000000000000000000000000005
	00080000000000000000000000000000000000000004000400002000000000000030000000000000000000000000000000100000000000000000000000000020000000000000000000007A15080000000000001084000000000000002C0000100000080006080000B400022420001400000004080802000000040000200050
	04000050000800000040002400004010200080000000001000000024000000040202040040082020040100100000202100012000290020002000000008012000010120000100000108000C01100201021000000018000000000006040101022300041304002400000020000000000100F18F03040002000084000000000002
	00081000000000000080040000000000008010000600000840100000041000080002100002000002040004000000082004000008040004000004080000200010000010140200080000080400000040200000001000040808000000040008012000002000000000000200000010000420002000000000000010002002350004
	00000000040000002000201000000D2200020A0104A000DE85000400001000000202100800040000000000000000000000000800000000000000001000000200001000040000000000000002002000000810000000420000001008000010000000000000040000040000000000000020040040000200000100000100000200
	04000000000104000000000000080004000010040008000000011024000001000000000000000000000000000000200008000100000001000000000000E9C700000004000810000000001200080004200000080000001000000200080400580000080000080000000800080802000810000804000006200044041000000400
	00000000080400040800200008302008102000004002000000000004061008000014002400000200000000200100000008000020080006080008000000000000020820000000040000000A00000500000000010400000001000802080008000000090022BC00000810000008000000004000000C2200000042000408420400
	00001000000000000002000000120400000200040004000010004000100004000000080420000400100000000000000010000000000008000402000000000008000100000400000000012008200800040000010004200000000003080000000010003000000001000010000000001002000000000100000400000000000000
	02000002000000002000C80300020002040000001000800000000000040080100000000000000018000080004C20000800000000000000000000100208000020000840000000004200001002001000840010080004000800040008000000000008100840000300220041200004000000000000000020100000040100200100
	00003001000800000004002000000009003400100120040100000000080200280000000000040000040400080200040037E5004C000000480000020000100448088010000002820800042008400000000000000000042400120004000000041000000408000020081200000000002000000004120000000000080800100000
	000020000000000000200000000208002000000000040001100400000004021004001008040000110020100000000000000400000420000000040002080800020005120000010200000002020100020001000004000015051000002A0200087008100A00000006000400000814004020000004200008100000000200000000
	0C20000710000A100C0012043A42040000560022041880281000280258200644000630064810080800000A0854000C10440400100408040000051A0000040820000E2000090A0124010000122C0004000900060C0000102300002018020C100001041100040009080004200800380201000C00100402001008002100DC2800
	40000002400000000002000000008800000208001000000800000000000000000004000004000000000400180400040204021040200000000000202080002000000000000400000000080000000020000000000000000000001806082000000108000000000000002004000000000004000810001400100200040010000020
	0000200000000001000204000002060000000000000000010104000000001000000000EAD50010002A000010200800001404002400000000000008200000000000080000000200020010200000802401020200000800102008040000101006080000000050200C0010000008003008004208000000020C0810042000040400
	00000000000000060000041102200C0218011100012000000200000008000000080001000400080000000800000001100008080110080400020022040002000A042000000000050000535F04080000080040080012000C48000200001400000086044020000460000000100000000010001806000000100000100008000004
	0208000200400A041008084012004208220000440402041000100800000440040028007000000000040000001000000408000600000002000C021004000804200100200104000000010002012C00081204100400080400000000010020000801081400000000102200030008002000F57C0810140000400002000200020840
	0800000800000400080000100010003C08000000080400080008000014000800081400040000002040000022000000000000801400001008560004080200200000000000480000040004000200040000240801080010040800000029000001000800000006000005040000040420000010002000180410020420000206080A
	200004000100000800100004080002060001020C00007FA420040008001000101028000000020000500208000002540000600048000000140004200000020004000000280402000020000008061004001400100400001400422838020200200820000824000000080000000008000048003508100064020000240000002000
	0000040000280402041021001008200802080000001000000000010200090002000401000000010000000808000000080202000804080004000000008A62300C100C0010000002180200084008000052000804004C000020500804300014000400280802000400002418000008000000000002340044261010040000100002
	50022808122A542008082000000800000008400400400806010010006400062000001020080000082500000C200C0020100200002C060804080020001000100120041A0803220000030E00012000000900000808000802020C06080A040600000C005613000000000040001200200000020000000008000002000010104000
	0000080800000000040000080000000000040A1004240008000000000000000000000000042C8010000000000004000204200000000000000008000400003004080000200809040000000400000000000001000002010004100100000000000400000000000000000010000400000400000208040000000000000000100000
	000000000100000000304B8020400000000800020800000200000200000800200808000000000004400804240008002000080004000200000000000010000000081200000000000000000000000200040000080000000000000000000082080000000000140400080404080000040000000040002000001000000800000000
	1024000202040000020001020000000000000000020804000200000002000800020001000000000004000000000100DF3400002C02001A04021000001000140834022854001400020000180400003030000002000248140400009201001200000400080C00100400011200102C2C021C60120C2C000A000000041000040C00
	000212080400142000062A00000812002201400A2008100008060A000050000105D01804481400090000001008022C010004001008010C40020D2011080200000A04002404400800120004004823010200000C0000D0EF00000108001200080A1000000200020808200050082002000800000000243000042008020C200000
	100000000200000400000408000000000200003000082008040220000004080010000400000800000010028004000000200000080408092642000000000008400020000000005400000010400020000002000A000400060010000001000C00060300080400000000220000000800110200040040070000800D0000806C00A0
	046200080002000010000014140002000804140008001000040010400804000000000040000C020402010010000000180000001C120000100400002614000018040A0A0000000400000000000002000A0C00001000060E1004000012000008002C0010000400000A4000100101080814000C1D000200100400002200010000
	00080000000108003802000200000E000400480002000000000A0100000000008000B85100000000800000000400000000000000000000000000080000000000000002000000100000008000000000000000000000000000010000000800000040000000000000000000000000000000000004000000200000000000000000
	000000000000000000000000001000080080000000000000000000000000000100000008000080440000000000000000000000000000000000040000002000000000000000000000D7B0020804120208009004082C92020020942408089222090884200108862409028412090A8414098A04A4038000040B88000403820005
	0881000902CA040502C20C0D0080000D0282000D120204019204082D920008219602080194020808940209099404490B900241538410489804800393040409DA04044B9200054A93000D00DA040C02D00D4502920D040282094D1002040912060125100609681000490016060900B81480644812006C489200684892044048
	922448489234414092344940B23449409024494280244952202459D2002059D2042459D2242058D22421509224291092246D1090646D1282646912006469920060499204404992244048B6244140B2244900B2244900B0244902A424491A24244992242049922424499224244892242140922429029224690090246D029024
	691200246912002049120400491224004836260100743C01000000000000000000000000000010000000160000000000000000000000000000000000020000000000000008000000000800000A0000000000000000000008020208080000000000000800000000000200000000000000001000000000010000000000040000
	0000000800000001000000100100000000000000020001000000000000000000000000100000010000000000000000000000000000000000008100CBEF000000001000000012000000000800000000000000000000020000000000080000000000000000000000080400000000000000000000000000000000000000000000
	00000000100000001000000000000000100000000000000000000000100040001000000000000000000000000000080000000000001048000010000000100000001000000000000000000000000000080000000800000000000400000000000000D32FAEE68E0E663E5A1E3A72023256165E160E4E1E1A7E2E4E1E0E5E4606
	2C6E145C2C2C46041ECC0A4ABA3A4A0A3E7E1E5E0A2E6A2F1E6C1756220202621E2E5E1E6A4A0E2E5A2A0C4C30104C2C5A3E0A4A0A2A54147C1C0E4E2F0F7F1F4E2E0F5F7F1F755B0C380D1D614975CD0363CF4F3858795D4F2F7D0D127F1C28464E735715351D3D4F0F6B4F5F7F5B6F4F0F6B4E4D2C5B7F4B0B5B7B4B0B7F
	5F0D4D7D596D0F00A974EAA28EC62676121A7232064206562E164000185A3E6E0E1E4E1E06463C3C440C662C06441C0C4A0AFE3E06462E2E4E0E7A1E086C3C0C670652320A023A0A6A0A1A3846463A026C041070045C2A1A6A0A0E4A04542C0C48280B6B0D4D2E064F3F5E7E5C5828180F2D4060540C6343CD6D4868494D3E
	56587802563040634643671D05250D6F0F032707177B4F6B4B4B6645047B5B6B4B5F5B4B4B725E482C58784C4F00F318EEA68ECE366E5E4E78222A5A06467E464E1E1A523C664E5E5C0E16467A7850186E240644CC5C5210EAAA0A4A6E6E561E523E237E685C771752326A702E163E561A3A6C7C6052641410702C6C6E4E68
	08286A04445C7C46260E6E2E7E7E5A5D350F2B676938181F2D4161F57D6243CFEF5868796D6E075D2573362C087D1C536725253818674F486C3C6C794D6F4F032625247E5F6A4B7B7B4A425F7B452D55716D6F00B43DAAE2C8C46424400830624A4A44065E02005048407E2642161446560228681058646446000C4C12506E
	6E5C18387C165E624C40340C7C3474604002300A323E366A480C3C4838247460405C3C52322060484844144C082060634365155E362C652E0E654108202D2D6101654D42636D6D7050694D5E766848423600207074714514240028272F290D0C2C586C6A60634644245A7268625B5B4B49535B616D70506C4E0082A4400000
	00400000004000000040000000400000004000000040100040001000400000004000000040100000401000004010000040102000401020000010200000102040001020400000204000002040000000400000004000200040002000400020000000200000002000400020000000200000002000002000000020000000200000
	002000000060000000200000006000000020000000000000004000002000000000B0720080080214600004084028024200041C14141004020004005820444202180800000004041428120004000000040C08440622440A061840443000024200000400400200000020040C2010005C04320240000244001014000620201510
	042D0C0112451201042000002041080820004D011000404040012861034800084E06013000021019044001011040544902023920084860750103014501424010010024500000009C6DC4668004081E1A0800281008041208020A4A001874400006040002042000400004184202020000000004004618004200200002002004
	08020200000000300044182842062800481018201800300C0002080000140800404004004040311011084438485018180000482004400160024420580818320851084C144C5410504001100009200800202848142A204504000B410404004808081240000C0E0040010D43000093BA00080688400004105210023410441200
	40000602000E020802440000000400482804004000124042280A440822000402180008400822040000200008200E020822000C00021A104002084000000048000224104024080000000B0806080240542802050C20040C0D000801044200000840201401097404141000302000083640411C2000020E440001000014084846
	000001000A024042280E0C02214C0C4820044300079F0000080000000000000000006000000000000000500004001000004000080200002000400402C00000000000000040000000400003000000080000002000000800000200200000002000000010000200000A6000080000000000000000000001400000000600000818
	0040008000040020000000400010044000010000000000000060000040000000002010080028000004002200000000080000000040000100000086050008028000080000000A02040000001A180002140008000200020204000000080000000018000002040040000400020400000000040000040000000200000200000200
	00020000000000080000200000000404000004000000004410211C14000004000808000004002000004000004040000401100800080600340014024420180000100C00244000004000044004400009100000400051060000000800004440000072BF0020000002400000201000006000000000000000400000000000000000
	00004000001000000000100000000022100000001000000020000012000000400000001042000000000040000000400000000000006000000000020100480200200000402000000000000060000000000002002800100000004000401800200000000000001000080000000000000001000000000100000000040020000000
	08000020000000C6D3C0040000200008104800002010020000041800000000000000004000000000000000000000000000000000000008000020000000000000000800080004004000000040040800000400100000000240000000000000000000000200000003085008120001201400000000000022000001000000080C20
	24010000000000000100000040080200010001440014000001000040000009002000010800480000080003000050730200000404100000000008100004000000020400200400000044000000200000000C02000000000008200000000000000000020008000000000040000000040000080000002018000800041000000002
	00000000001000000020000004000000000000540800000100000408000000080010004001020000000000480800001000050001000000001000000800000200080000400000020800000234040010050004006615000080000000000404000200200010000004000000020000000000001000020000104000000200400000
	44000400004002000008040240002800000000000000200000000008000008200800200400000020000000004400000000000810000010000000020000000800000800400000004000005000100000000900104008000000002000022000000000024004002000002004400000004000080100400000400100073600040000
	0C0000120000100000000006004018000000000E0000000404000800000000040000000200080208080002040008004400000204000000000820040000080A00000200000000000010000800000210000C00000008040411000004000500080000000008000100000000000800100000000000000000140004002042020001
	0000000001180001280A0000100000000102000801060000000100080000000094668000080200100C000440002000000800004200000000000000480200000000400000000000200000060000000000000000000002001800000000020002100000000000000010401000001000000C004000000000102000402000000000
	0000482208400400200000400004010020054000000048012040001801400000401800000000080000000040004000000200004000440808024000000000040000600000000071FC40000004004000001000080016000400000002000600000004200000000200000C00020400100000000004000000080020060008002000
	4800200000000000002000000400000C00120000400000000000000410000000000000000000000001000012011000000400000000000100000000100000000029040000000A0001000050000000040800000000040000010A000000000100000240000002040000000200005BEB0000000000002800000000100400000006
	00402000080820000000042008000004080000004110002000080000080000040808000000002000500000000000040400000900001000480010000010100008000000080000004014000808000000080010000000000808000000580000180900000818000400002000101000240200042100000000100000041010600812
	100008000008080004410000000008062000007B1B04800812700C0000100A4800081000000028000201340002180400101400280040000826082448241C00020406200804401000122C000000040012000837000008001044002604081000020C080100084010500E00100028000000040064023804030004004024000000
	250820040000100040322400182100002408040210410022001C3C00400818060800050800050E000042402202000008024800041000020C000F5C000000000800080000080000000000000002002000250020041000040030002000000000080000440000000C020000040000001020000000000002102408000000000C00
	00000400000808000100000000100000001000001400000400001200000400000040000000000420080008101001100000201000200000000410000000000000001000000208100441001000080040000A0000000040004800040000020000F84E008000001060200010024004043000002400420008000208000000000408
	00000A00201204410020002402002000000000100A0004080000100408000011004400000100000408001000001400000010400400080020000840000000000028000A01140000000A00000001081040000000080000000008000000100001003045280044300800580000100008080000030004000000240A000408002000
	00000A200000A6A304000218040000000000100C08200000000800000010000008001000000008000244000C00201008180000000C0008004804000000000020400008000002000004084010220010004000020000180800000C14420800002000000800600C00000000000000002204000800002004000000006A000C1000
	2500000C20010202000C02400904200000040000001420080410020A00400400000100000200001400000C00F6103008800400081000004800000000000C0000040041080804200000000000004004000000000000000208280000000020000608000004005000000000000000000800000004000000001008000010004000
	0048000000100001040850000800400008000018000000040100400001000000000008001800140000004006000402001000120840000400000810060044020002502000000000010040000807000E041200785D02400800100088001000100000000080060800000012000040020450046000000000000000080000000000
	0000040000201050000000008012000000201000000430021800002248082000000100000000000010000006002000000005000010650004000040000028000008220810442C00070020000020000004300000002000000004108010200902040000002000080000004800400840020400000001000000000E060830088400
	08801840001000000004080802040052080000600000100460004000000000000800000200082000042000023010000400D000021000002000000014280800000440001000000000104000000048100000020004004008090000504D000004081000002C010800200854000004010A20180420000004100002042000101004
	08801024000118000400000002082050004008004201004000040C021402009E1502400000100000001008000000000080040000000001080402004004000000000400000000000000000800000000000004004800000000000000000000100000000012000000022828000008010000000000000000001400012010000004
	000000200000400000000000004003000000082004000000001000002040000400020000000210000000020804000200640200000000000840000000000402090100000000830E0020001010084010000808100600000204000804140000141400001000400000000000000408000004000000204010000040000004080020
	000010000010000000000000000000080080100400000000000000080800040000002000490000000004000100000000000000010900000201000002020024000020000000000000002000000000288200000010000908120001000200000000000040041008080000000097008C0000400006020000000004000010281800
	00000000004008000008000800100002002000101000008018000C0008040001401C00001205442000080400004004000000080000144000000000080000000400040020100008030000000008000000180408150003000048340010008000000810440000000014100800014004001C00001440040005000D200000002110
	0000080802080414080A3000040011040000753100081100000210000800000000000810041000001400400404100000000810000000002000001000000000000C4000180001400000080020200400000010000000040000000800048000000000000000000008000800001400030020090008000004001909040000000044
	000000020000000010420000241400100800000000200400000010802800011100000812000011000000080008000010080418009800040063CB80244000100C004200001008040200020008000C00000010080018004000000000000000040800000400180000200004004004180400001600400010000400000000000000
	0010084000001408000000000000040000000000080000400000000000000410000100000008210910000001000A0000040000200000000000004400100000000406000004200C0001290000000802000200001C00460000000100000000D44B00000200000000000000000020000008000000000000000000000000000000
	00000000000008800000400000000000000000000001000000000000000000000000000000000000000000000000001000400000000000000000000000000000000100000000000000100000008000000000000000000000000000000000000000000008000000000000000000000000000000000000000000000000000000
	0200000000C837802448121024688206206C9210086086240848B2360108A626090890340102A0220912A434099A00A4039200240B9A2400019224050881200C12CA210812D225050090080D0090280502120C018016282D90140029821000008626090894160008843200008406081880100A880484108804005288040012
	8904005291040950CA040110C20C0110820C44108008051212084010140824120408280220004906240100AE7580644812106448920260489214484896244048923441409624094892344940902449428424495A00244BD200244BDA042049D2242048D22405509224091292244900906C6D02806C6D120064499202684992
	04404992244048B22441489624490096244900B024490A80244B120424499204204992240049922400489224014092240900922449009025490280244D1202644912002849120440491224404932240100F5F60108409000004800100040020000400400004000000000000000001000400000004008000041000000411000
	0443000000510000005000000040000000000000410000004510000044000001410000004100040041040000400000004004000000040000000000080000000A00000400080000000000000000000000400004000000040000000000000000000000000000000000020000000040480420000800208000DA78020004001008
	00000000000010000004000000041008000400000000100000040000000400000004000000040000080000020000000000000010000004120000000200000000000000000000000000000000000000000208000000000000000000000000000000000000000000040000400004000000040040000400000000000000000200
	000402004000000040000000400000004000000200000002080100024000EAC85ED61E921C14787C3A28121244541C1C64202C242C347676081A101264767474252565651C880440850156473436307C1909104010105754130131331307652540403537504415151D1C141512126121113150505818155419192623460634
	7456575C5E58186A68090B6CEE5D5CFF7C1B5F585814165A5E7E7E3A187756260216761E3E5C1C7A565A765A5A4C4C2828501031117252583A44465E5E4D4C595B4F4600D3048692CACE404C2830686214120404381864206864687422364A5A52522030213126242C2C140C0141800012012634397D100010401000170613
	0339211707632340403535100044445D585451121260201410050574140544595966634507216552574C4C59196B29080874681B58AF6C1A5E484C15177B7F5E5A3E1C7356200018360E2E5C1C68405E767A3A2C2C08085010311172505D1B45417E582D2C393B0E060034E00C0056D2545444685260061204146C0C24406C
	48645C7642585842426644340027052404DC5C4505C58517067142630F5919500000500717110029320304656401016464505450505D5D4144521220603511111178515C1D595966634343753117565E5D5919632B080AB96B5455B5F1525251511715191976760220737302267A36321276565E7E7C74632B252548086030
	407061736D5B43477352666732332B28007318C4D0C8C800084078002040504444581824406840201462420A0A020264546551644461410109400041015140250462064303500000404646534231201300232201016464414105055D590100531321615151444458554C0F595924234446612153564C4D5818612909092428
	52512F6D1317484C0200696916520E2C323602263036280836164A6A7830430B25252828401040706171495B42445B5826271011060400DD6840000000400010004000020040001000400000004004100040000040000010400004004100000041000000430000044108000040000000500000001200000000000041000200
	45000000450000004100000041000000410000004004000140040001000000014000000140040003400400010000000340000000002000020020000000200000002000000020000000600000002001000040010000000100200001000074255018105400143000400200424010240000240440040410301200104048320020
	00000C2004080001400011124020102400085000500031400002400A1202042440081010001A2004041024001052014002004110080C00310B02040000020810404400104041100000492C4653441200100C50000400104C15104400130040001A003002000432411004420140000020500042401200380004040010420021
	49040400806D88028A800C00084028000208100410000400002C40200402401A0002000000004000000908100400000402441204401B0210201000100008520010310405004102400226144045100044000500000020001400000010044800404200040104040110446A000000404000021000002446444104040240002042
	0C200600002240040400000800440000500062004C084004402500000002400140004200020202082200BD810484050A5008041812183030040008500040080018180004000002101404145504240040400440060C00040004120E005800000000000216001106000010020001000000000400000800400004080000206004
	0404400A020010200602442040040200000810280808020008040808080200086800150402004008480C44040440020A081602080C4408080800004000000010080002402602024E0C0C2108904309004B440000008800100000040002002010080000000004000000000000000000000200000018000400C0000000000000
	10400400004000011002000A000000400000000100000010020000000400000000040000002000040000000800060004020020040000000200000010000010800004200400000000020000400001021200480000064200000000000040004000000000000000000400002020000000020000000000000C1000100004080000
	10081000000000001000400020081002001800001204101000000000001000000400000400040020081008000000000000100020001000040000000000000004000000000100040000002400000800020100000000000000001001004400000000000000040100004000420000000400000401000008040020001000000014
	0000000000000000000000002000000008000006060000000000080200F43A0010800000400000400000100000000000000C0040040000000000000000004000000000000000000000000202000008000000000000000000000200000400000040220000000040000000400000000000004000000000000000400000000000
	40000000020060000000000200000000000010404000200002000040000000020000000000000000000002000000480040000000000040002200100000000030004300A62C00020002000000000200200040000400000400001000000040004000000000010000140000000000000000001400020102000000100000040800
	001840000260000000000000000100100400001005000010001000000C100000000201040014000600185001000010084020004A1000100C000001005000104000000040000000001200020010045004000040000000000001400400260000004000000002090004006DC88500001404100008000000000014000000000000
	00000014000200000210000000040000080001000004100000001000001010000000100002100000100000000000140010001000080000000002002000000400001400000012002000000000000000000000080000010800100008000040080000000008000808000000000400000008000040080000000800040020000000
	00000200000000000808040000008000494A00000000000000080C00400000000000000400002000000000000000000000002004400100000400004054000000000000400020000040080040000002000004000000100000000004000000000004000020000008000022000000000000040800000002000000001240000800
	000002000000601000000400000000000008000000000008000002000000600000000000000000040000002100040002000000000100CC180840100208000000003000000000400000000800080000001000001000000004000008000000000004080002400002000000000000002010000004000001000002400000480404
	0000000000400000000002000100000000000200044000000000000000000000080000000004000004000100040000000004104004000040000004000000000840001002000000000000000010000000100000004000400A00040800414B800000000400000002000000000000300000400000000410000000020440001400
	00000004480000000000010002001400000000000002000100030000060100080002000000000040002000080000400000000000000040000000000002004040002000004000100000000040000002000000040004000600002000000004000208000002042400000400000000004000004002000040004004000201004100
	20000010010804084000007400000012280400000000200000000400200002000020080020400000200000000200000000002000000008100040000100000000500000000000000000040000200000040010000000004000044000080040010000000000000000400008000000480002040400080000000800000000000000
	0C000500000000400028000000010008010808400000144008041002020000000008200000000000005DC900004012024000020000000000000000000800001000080010000120040041200000080024000800000000002010000020001A0004080020001000000C0000004400000000001001400200000100100800000000
	001204000000000800003000080004000814040040000400000000101000001000000050000000100000000000002000000000000000000000094000000000101200000214400010200900000008009BB5500804000C10002810001008080408000430064808417400000E100200200810400002004800720418200865000C
	300400500000200000100104003410201C002A114C0108040008150008140810000243100001000400503448010420080C0012040030000108000800000814280800000008042C0020020C022004040004101000180010081068100D10062000010A102001002800400100000400000014080421004375000004000E000000
	0000000008000000080000020049140000020000000000404000080000000018000000000C000000000000000020100004001000000000000204004008000100100000000000001000000000000010400820000008000000000000000000080000000008000000080000000400004200000410000000000400001000081000
	080800000000080040000000000000400000400000000000000C0000AFAF00005000400000081000100C002000001000400000100000041000030400080102000000100000403008000900000030304002080000010001000C0000200840001000000004100007000410000902000015000010240000000000000000040000
	082004000100020010000000040000000000000400000000002000000500101800402000000020040014000100010A0000001002240200100400200801000421000052BF0850020000100220000000040004200820040C00000020480008300020002010000200024C200026000020443000040000001000000C2000001008
	20140800140168040900000008004008000010000842040001002200041044080500200830061000101408000400580400182010000010081008203000000A04000001000008000800000010400011020000200000300000010814010000001024200010080000001AD700080000500000080000500008100C000000000800
	0018441008000010000400000048040000080000000400041000000402000400000400020400000016000604020002000008021C000000500130405000010404001040000404100000000010201C00000100084006000004010004000010040010001000000400200000000200000000020000804802000A04000009040000
	000000000200400804080000044000EAC3006000100022001050200800020000501800041002100020000000510400100000090001200B0011003900012201001430081000100010001020100400001020280051040904812401001500000000000801000009020D0008010009000000050E00000104002400080000090200
	00000000000800040820000410200014002400000E0001040C2001020D0010010C1002400800002000100008040010000C1100000031FF4000100060001008204000581A0004000018040802100460080050010014041001080C4109220018010800040132140008320010100000042016041006102010042A461004082902
	001405104010201000410104020901040409010800000104120C0400000008044804080000050400000008140410082000000410240004200000040A07000028C00B000814001408060000002000100000020844001C14094400001A0C00280000120000001000000000004810000000100000081010000000000000000000
	00000000010020100100040000000400000400001000000000000000020400000001010080040900000001000040081000000004104800001400000000000020100901042000020000010200000000000000000000100004200010000000020000000000040000000502020900000049080000000000000800000000000000
	00007033000800100200000002080000000000120000002220000810004000000000082000004000000048000008422000000000000058040012402000121004000010000002102000100000000000000000000800000000000634000004200001000000000000000104040008002000010000000804001008000002000400
	00102000000000040000000000022800000008000200002010000100000201000200480034060000B2B600000040200020584020000C0A000060400000400814004008100040180000000002000021100004219000084118001C41140002C0000001440002088800046800490C0286410000004120040241000082154C1008
	6101080040480400484200020400001000090200020C10000A22801002040210042800003004020003001004080200254002080000003404000004120000000800000440040028002008010020005FFE0800004000000040200800000200104200000042240810081000400000002000000000000120080001282208410000
	0451000004420000404004000408002000004128048241000000400004024108000201001808470801004420000940000002000000010400010802280401080220180612000418002A042004020002100000000204000402002A000000000000060000000008010000000102000068200C042000A24E000000102200083002
	40080000080000004020001000004008400000001808000000400000004004100040000810180004005208900020001002021080000C100802120014000000010020000000000090000440000024100000004C000002400400000010000C000000000000020000000004000000000000100000201000000004000001200008
	00002410000C000000121020000000004600080000000011020000B3000000000000000000000000002000001000000000000000000000000000000000000001000000801000000000000000000000000000000000000000804000000000000000000000000000000000000000000020000000001040000000000000000000
	0000080000201004000080000000000000000000000000000000000000000200400000000000080000000000200000000000000000000000000000000000000000B3FF902C08020024089206280490260828902400009232080084360900842609009426091A8034098200A419820424198804001B8924041A83240D10C824
	0D12C0244D12922C4D1082244D101224418214280D822400299636080084260808963208088434410A8026411A8434419804A4421A0424C0080400D39B24044213200DC01A244182522C4180022C4192100C4182000C4012040865120608691402084116000800694590244812022448920020489204084892240049923401
	40923409009624490094244902802449120024599204204B9A04004992240058922401409224090092244910902C4912802449120024499200204992040049922400489224094092240900962449009024490280244913002449930024499A040049922404489224214092242902922C4900922C4902802C4912002C491200
	29491204084916240848122409001874002024101008200010000000000008102000001020000810240000103400000020000000000000202010080000000020040000200000002000000020200000080010002020100008000000200000002000808200000020000000200000802000000024000000000100A02002000020
	00000020000000000000000000000400000000040000080800020504000009081000000010100808000000001010080000000800F41F00000000000000000000000000000000000001000000000000000000000008000000000000000000000000040000000000000000000000000000000000000000000000000000000000
	000008000000000000000800008000000000000000800000048000010000000000000000000000010000020000000000000080000000020000000000000000000000000001040000010000000000000000000000010000000000CA0550006E1E0C7C08285202421202522A0A50006A1A27570E2E560E275725154525094923
	43298953339555355D250D5636264602660E2E5616254517770E265E16371705270F2F0D0F2F0F95351ABA101018784C862D0F75375616A4C50626DD1DB6123C1C91B50D0D26863E8E06268E0CA787AB8B92B29090A223080CA7A6828284C48084CC848985B4BE93B6A9B49CB4051C200018200830021A03033D050B3B0D15
	00A98520500622540438482252060252023A4A00700A2A56063646067A43235501314903294323590933438525553D41093656062242066E0E375605251F172E067E0617270507270F25070F279D153A9AB0909CD84E8C2F4D95D7B6B6440526469D7996321C1CB5940F2C06261E0E26068E2C07278B0B3212901022220808
	A7A602028C84800C440C8105BDB6B11E102CA4103C001028001804001A02330A041C2B03152D00CA6C20505A72782038482252565252023A6208785A7A772732420A7A563671213D4D4B694222F9292343D5F55139652D3654426462266A0A375645657F372E0E765E072734363B1729070F2FAC2C3A9AA080F4908E402DEB
	85D7E3F26524A2C209FD82B2ACAC34140E2C0220BE3E22028EAC02222B2B3212020223220808272302004C04040844480C083C320628243C39183904102820383C181800330B253D3B1B1D2500CA7A70206A1A00705878702040100050585070206A1A245450707C2820506551503020602242694952222464345C60405634
	2240006448687636204010300820302021011030103C2024210180201ABA2020D8988E484CCA6434C190A5C442626DB9A490AC8C14342C2C22022E0E00202C2C2000AB0B1232820222220808A6A682828484880808008800B0BAA80818248830203C38181820081000181A1A3C040A32243C00125340100020401000204010
	00004010000040102000401020004014204000142040000020400000205000042040000020400020004000200040002000000020001000200000122000000220000000200080000040800000408022004180200040842000008020000000200000002002000020800100208000000000000004800000008000000880000008
	8002000880002008100020081000000810000008102000001000B19050403000104020000000000410502000001808234000002858005020011040491A0860201100502100001063080C50000400410320004D4000041100280C04080201060000000508210D8C080402008008100244020101440100448400004040100400
	000004008CA000020620000004000001091000000081000084062000000004008404000108002C0280000500001400000800080008100C000808092000141000FB630010082C481000040052000840020A081000000015472A0004460244060420000100020000010240100028000100200200260454022010000000000A00
	200812312C00000C2302000022000018300000500C000200002080300200410002900A0402000835810700020214000200010202028080223280000280800000088202000A8000000884851F11800405188129011C0420181020000810010210100008010000010C00000402040C0A20500002000000000048402000001010
	000018240010030C2400000040000820100514440800000064280000000008020420210440020010000010001220080802080000002000000000008808080656020008000020200405222004060030800000A0000800200608A0200200840008800020040880060000A0000408A80400008002252B98002484080120010000
	04200000020105000023080800438E0000002000080000040000042000000000000000100000001408000004000A000000100000008000000000000000000000020000010010040800100040000000002000000000000000000008000004000000220000000000000001000000000000000000020404001000000280000000
	00000000000000800020010400200802000840040000008000020081000D00040000000004080020280000010000000000000060E60000040000000800001000001000000000000008010000000000000000000020001000000000000000040000000000000020000008200002000000002008000000100002000000020800
	0000001600000400000002000000000000000000000800000408010000000000080000000000000000880020000002010000000000000004000000080000003104000010A0011001000000000000000000001408200200000028B7100000000000000000000000000000000010000010000008020000000000020000080000
	00000000000000000000000000000000000000000000000042000800001200000008000000000000000000800000000000008000000080000000000000000200048000808200020000000000000000010000000000800080000000020000000004000500000400000008000000000000000000002008000000080100000000
	4B02400004020014000054000000100008000000000004000000000020040000000C000000020009120000000004000000040000010000000040080000400000100000000000000000000000080000080400001000000000000400000000000000010000000000000008200000040000080080000000800000000000000084
	02080080000000800000008000060081000000000120000008200000000002000000000410006891000008200000000000000000004000000040022000400000401000000003200000000020000020001000180008002050002004400020000000200800002000000124020000220200012200000000000000480008080002
	60220000040220400400060000100000000000000002000402020000003200000000000008000000000000040000000000000000200000002004180000001000000010000000100000000000EB2600000000080000000000020000000020000800010000200000000000000102010000100000110001000000410004000000
	080000000000050804010000001004010000040000010C01040000000004000800040000000500000044000000000020000000200104020000040020000400020080000004800000000000000A80000020800004088000010A80000000810000000800040000002000080001002000080000724F0000001040002004000200
	00000200000000000000020000080000421000004000034000000050000000200000080200000404000200000000010204000402000800100000010000000004000020000000000002010000000800000000000200000200000000000000001000000000000020020000020000000004000000000000000000002000000004
	00081000040004000000000000040000000000000000000100028C10000800041000024000000040000800080000000001021804000040000204400000004000000040001008000000204004000240000000400020000000000008000000000008000000208000002000000000C00000024010000000002000C40020100004
	20008100A002000020000100200001000000000000800000000000000000080000000805000800230004080000080000001000000010000200000000000800E2220040000040002000000000080000000210400020440000200040043000140000080000200000002000050260000100000000100100000008000000000008
	00000000000020040008000800000010000000100008000402000110400000000010000400000010000000000000000002000000000010000008000000800004000002008000000000001000000000000000000000250000080004000001000100081000003E4D100000000040200000004000140000101000000000080020
	10000004000008100400022000000000200001000010000020501220200010000000000000100020000010000800020800000000000010080000004008000000000000010024100900000000000004000000000100000000000000080800040010040000000000000000081200000000900008000000000010080000002000
	00100800022000000020000074BF200850000026000000200000000000000420106805005004280000200814200000200800600800100215220C002004400000000040042002000000302000040030430500000010A100101220000002000010000800049021040810000000000005100C1009002000082644080034100001
	280020200028000008480400300004100400002008180000081200300006180422000808001803000400010814001006000019C0000840004020000000000040000000001000002000000010082000000000000000000000006010000400000110200000000000000460002000000000100000000000001000001002000000
	00000000020010084000040080000400000000000000100000000100002000004404000000010000202000000010080044000000000000000000201000008010000010000000040000000000100800000000040000040000823700100000000000200000000404200000000000400800200000000000001C10280220000018
	000000000000080000004400003000000012010000080000002040400000050000A0010000000000000000000400000000000100080010200400000400000C0000002202140000001010800000000800000800000400000011040008001000000000000810000A00000802021000002004000210000120100000000000009A
	D3200010000402000020000004100010002004100800054400001024000000000000062A00100000000231022400000000106000020000000100003800002000041023000000080008001012200000001800040000000820100000000100000910010000100800040200080801002000002008000000082004000008000020
	00001804000A00080800000000000020001428000800080409000004022008200010022000C11E00000400000008001000000040000000004000100040000040010000081010000020010400040400100000280000000002000000041A0004110000000B04000600120000142A2500050240802000080000120000004A0C00
	0402208000000408000A040104800008090004000010200806000004000000300600200806000400000000202210000408000C802201002104110100080100000500080400000000041000D3F20278001818604010082040100010441000840700300808102800043820000C00000400082000100000201000200810280018
	30040000001000001024200030002800100000000A00081000240018200008001008100010000058410809102000003020080010200004000008200C0000100800091400040018000004001000020030080008000800102400000800081000200038000008101000120000142C11000000ABEB104A10047000100820181000
	400054004084060008701800086018000030180024000004002004100030081008200830000200101A040410000100340A202412100A001000140804100C200010280000001A081050080010540001E8190000201A00082414000800080508040C302800081408050410003400180C2004100006200008002800000C201884
	000A011128250030090900001800151000100404280000007BE20020080000084000000040001000000000000110000000000001002400080004000009000400000000000020000000000018002400000000001000000500000020000000280202210102804400000028000000000002040808020000000004080020000100
	8020000000000000000000020000000000000002040000020000001000200012000000000408000020000010000000000000000000080600000110140000B859000800000020000000600010004000000008010002084000004000100000400000084100200000000010000000000000000040000000500000100000000010
	00000000000000004100100000000000000010000000000040000000000100000008001000000000000000000008000000000000000000000000000000000004000000000000080C000000000000082100002000000000000000000004000008040000002AA520020010000040080000000002001000102000000030000010
	20004400200008000000040000000400280000000020001000080012000000000420000800000000003040200000100104200800102010000002000000002000040040000400280004082000040008000000200000002000280024000000000000000010000000002024000000000008000000000010000000100030080000
	02001000020000000008004BC320080000002008000020000002400000002801000A200000007000540020480000004001002000000830000000000020000040081000104010002000000010000000300000004100000120081000200000000200000000600000004000010020080400300400000000000020000800200800
	00200000000000000000000000000000000000080C00080000000008300100201000080000000200100000000400000000C7D400021000000040004000001000001000001000000010400000000000000000000800000400000004000000000000000010000000020000000004000000080000000000402000001010040000
	00001000100000000000000000040000040000080000000800000008000000000000000020000004000000000000000000100004002004200000000000000000000000000000000020100000000004000002080000080049790000000010000000000000000000000000200000000000000001000000040000000000000000
	0000000000000000000000080000000000000000000000000000000000100000000008000000000000000080000000000000004000000000000008000000000000000000000400000000000000000000002000400000100000000000000000000800000000000000080000000000080000000000000000001000000000F8EA
	00000000200000000000000000000000000000001000000800000000100000000800000020000000000000000000000000100000000000000000000000000000000000000000002000000000000000000000000000000000000000000000000000000010000000000000000000000000000000000000000000000000000000
	0000000000000000000000000000000000000000000000000000000000080000000000006B910000000000000000202000000000000000002020200000002028282828081010200800002000000010101020000010101010102028283010001010000000081818000000080808080800000008182028080000101008080020
	2020101000202020302010000020000000200010101010102000001010100000200808000000000000000000000000000000080000080000000800000008202000080008002800000000CA70000000000020104000001040000000000000100000000000000000000000000000000000080000000008000000000000000800
	00000000200000000000002020000020000000000000000000000000000000000000000000000000000000080000100800000000080000000000000808000000000000000020000000000000002020000000100000000000000000000000201010000000000000000000000010000000B4B510001040000000001000401000
	00101000000000100010100000000000000000080000000000080000000000000800000000000000002000000020000000000000000020000020000000002000000000000000000000000000000000000010000000000000000800000000080000000008000018000000080020000030000000000000100000000010000010
	00000010000000000000100010000000000000000000005B42602020100050401000400000401000001000001000000020001000100000080000080008000800000800080018000800000000000000000020000020200000000020000800200020002000000000000000000000000000000000000028000008000800080800
	00000008080000080000000008000800000000002000003030001010000010000010001800000010102010000000100000100000101010001000001000AA3B20000000000010401000004000000000000000100000000000000000000000000000000000000000000000000008000000000000000000000020200020002000
	000000000000000000000000000000000000000000000000000000000000000000000000000000000000000000080000000000000000000000000000000000001000000000000000000000000010000000000010100000001000000000000000000000CC4F0000000020000000000010000000000000000000000000000000
	00000000000000000800000000000000080000000000080000000000000000000000000000000020002000002000000000000000000000000000000000000000000000000000100000000000000000000000000000080000000000000000002020000000000000000000000000000000000000000000200000000000000000
	00001000100010100000676F00000000500000000040000000001000000000000010000000000000000000000008000008000000000000000000000000000000000000200000000000000000000000000000000000002000000000000000000000000000000000000000100000080000000000080000080000000000000000
	100000000000000000102010000020000000000000001000000000100000000000000000100000000000000000000000D8850000100000000000000000000000000000100000000010000000001000000008000000000000000000080000000008000000000000000000000000000000000000000008000000000000000000
	00000000000000000000000000000000000800000000080000000000000000000000000000080000000008000000000000000000000000100000000000000000000000000000000000000000000000000000000000007861000000100000400000000010000010000000000000000000000000000000000000080000000000
	00000000000000000000000000000000200000000000000020000000002000000000000000000000000000000000000000000000000000000800000000000800000000000000000000000000080000000000000000000000201000000000001000000000000000001010000000000000000000000000001000000000E81500
	00000000000000000004000000200000000010000000000010000000000000020000001000000080000000100800000000000000000100000008000000400000000000000000000000000000000000040000002000000000000000000000000000000800000200000010000000800000000000000800000000000001300000
	2800000050000000080000000000000000000000000004000000200000000000000000AB3B500000400000000000004000104000000000000000000000000000000000000000000000000000080008000000000000000000000000000000000000000000000000200000002000002000000000000000000000000000000000
	0000280000000000000000000000080000000000000808000000000000002000000000000000000010000000000000100000000000200000000000000010000000100000000000000017A820000020000000100000000000000000000000000000201000000000000000000000000000080000000000000000000000000000
	00000000000000200000000000000000000000000000000000000000000000000000000000000000000000000000000000000800000008000000000000000000000000000000000000000000000000000000000000001000000000000000001000000000000000000000000000000058E11000080000080002000000000000
	0000100040200008000000000010200000000000002000000800000200002010000000800000200000000000000004100200280000002000000000000020000000000010000000101000000000000810000800100000002004000000000000200010000400080000000A000000000020000000000000000800800008040000
	00000000000800002000000008000000000000000000CAA30002400020101000000040000000000040001000110040140800000400000008000100000008002018000108000010000004000000082000000004000000100810000010040015000000081000700000000050080004004C000048102000200000002008140020
	080000000800000000000010002000000000100800000410002000100410000000001008001000000C3000001000000A0000000C001000081000100035D80002400008000000000000000000000040102000090040140000000400000800000000000000200000080100001000000084000000000000000000001000000820
	0800100400110000000030006000001000000000104000000000100020000000000000100000200000000800201000000400002000080200000000000000000020040000080080081000001000000400201008000000080800080000000000001000D2D3000000082000120000000000002000000000000000000000000800
	1000200000010020000010080000100800002000000000000000000020000004080004020000100000200004000000080000000000000000000024000400000800001800080000200000040400000000100000000000000018000000000000000000041000000800000000000000000C000000000000000000000000000000
	04201000180000000011680010000010000000000040000000000000001040100000000000000000000000000000000008000000020000000010000000000000280000000000000000100000000000000000000000000000100000000018400000180000000040000000201000080000200800000000000000000000000000
	00000000100000082000000000001000100000000000000000000008100000002000020000000000000000000000002DD1004040000010000800008800000000180040000000100010080008002000001024000000010810000004003010080020080010000000000000100410000000000800000008000008080000000011
	00200800100008002000000000141000180020000000000000000000000C10000000000800080004080014001000000000000000080014000008000810000020000000000A1000000000000000180008080020040014050000100220400010005000121000000000000820004000C044012090000000080000000020000000
	200000000040000000000000000012000400000200081000000010000000000000100004000008000010000000000008000008012000000000000400000004000000004100080001100000000000000000000000040000200400000000002110800400000400090200000000000000080000000000000000000000C3170000
	02104020100840000A800010001840000008004080400D40A00000000000240000000001001004200020104020000008000000000010140010020008000000000000000800081008000400002000100000000008000800000D1010200800002000040000000000000044081000000008000000040008001000000400200000
	0400081000080104800010200008000000001A00000008000008100000000800240085B300404000100000001000001000000000000000201000001000000810200008100000000020080000000010000008000000001000000002000000000400001000080010000000000000000000011000080800100000002000000000
	000000100000000000000004000000000900000001100000080000000000040010000000000000000000042010000800000004010200000000000000000000000000080000000000493E0000208000000000000000020008001000400800000000001001000000000000000000202008100000001000040000240000000000
	1800000010100000000020200200200112000140000000000000410002000040040000000406080002100000040001001000000000000000000001100000010A00040010000000000020001200000000000000000000000000080000040800000001000000000004000800000000D86B20004008201018801020100C120008
	2000305000001180602000300802210010010200000010000000A1040010201001140010000000000502000208180113C800840418000082001200070018030000110408100023008412010110210801001000000004084006040200110010008002000008001000000C000000260100002008002100520102001000352000
	1400001A0011210008040100003500001000002000E18600000120200000100000021000001000502000100110204000100028002000000000000008200000002100040000201400141000001000040012000011008022028000001200010210020200011A0100021018004000000010000806020000011000000100080000
	040000010000000000020800001000000014000020000020201200000010000200001024200010041002100021000100000015000000108000200068A6012000C800108008003000081A0008000000084000008000002110000001100000012000000000100000001014200100000000000800000000000210000808110420
	2C10010000800040000500000040010000000403008403040011092000100004000010044400020000000010010010000001000A0004080000000402000000000021000200010010000100000008000C09000000080001000000000400080080000FB100000000000000000400000020001000000000000000000000000000
	00000200000010000000800000000000000000000000000000000000000000000000000000000000000010000000000000000000000020000000000000000000000000000000000002000000100008008000002000000000000000000000010000000000000040040000000080000000000000200000000000010000200000
	00000000000000009D7A000C4092020C488006006C80060060802408408204094082060100800441028016410080144B820084418200044180000442832000428B2405408A204400C2204D0080200502806008020064098284606D8200006886200048868401400220094086A4090284364902843449C204A0098204244182
	000049C2240108CB2401008A244980C2244D8080200D0280600112006C090204600D02244029022440090220400065FE80244812022C489202204892060048922400489224014092260901922449089024490280244B1B0024499A0020499304004B922400489224014092240D0092244D0090244D02806449120065499200
	204992040049922401489624014092240900962449089424490280244912002449920020499204004992240048922401409224090092244900902449028024491200244912002849120400491224084912240100B91D0300400000004800000040000000400000004000800040008000000000000000000000000000000000
	0080000000000000000000000002000000020004000000000000040100000004000040000000000000000000020000010000080004000000000000000000014200000001000000010000400200000100040000000001000004010000000000000101800020000000210000002000000000010400000004208000756B020000
	00800000008000000000080000020000000200000000000000800000000000000000000000000200000082000000000000040000000002000000000000000202000000020000008200000002000000000000008200000002000000000001000000400000004100000000000000400000024000008000000400000000020000
	000200000002000000800000000000000000000100000001000000000000000000203D82E0C0A200D03A9EC0B0CE8218482A1A4210480AB3E18092691B81A31909A1912300032310803303A1108321110237050A1806041E0C322603130E04190F5604011704061A0A01134043950742D3839180A217070210839189833F25
	849709190001D0C28190060540431E4E0100444542435010D5C4CEDD44055050170E415387C79180D38383908585D1E02425482941107010413045605441645445104440354500021180C2A20070800AF298C09E8A40102A4A10421A08419322E099CB310389B881A102002303102103239000A113023007251A0906160A18
	212411010C160B1D4006130500140A1810025046011542C01301958207172302130119022F3185821809110041500001060443421F4E4041C44443404300D4C7C85A400040441304405589970311C38113818595E1510425684971404071504154004510644154455141245400C6B7E0A2E2C060901EF2B8E0FE4640103A7A
	10425A484113B2F0B9EB310389B991B13323230390311131B3A3A113033117351A09041408183D3411010C1E0B1D505213050210091913011307C35551D19101B7020717331211819B8A2938929319091100C3509011174743421F1E1011D5554B484B0814155949050404041D1553054A9D0192515391808595C1F0242529
	08601110317021754545503035140550000535009EBCC2A0C02230606AD2C8B05A1A10404A5A4210581A336140D2691B91B3B9A8A191210003232121310123121331312237050B1914161808362603131614190F120401171216180A01111017D34740D30313919117070313831319183F2F8190081910115141C1D0044502
	030F0F111054155A595B599596D84F501450501012520790951202138182909595F0C0042509287061211141705150544101110554515114640010DF40000020400000204010000040100000401000004010200040102000001020010000200100002001100020011000200110000002100000001000000010000400100004
	00100001100040011000000110800001100000011000000010000000100001001080010000000100000001500000011800000110000000500000005000008010000080100000001000000000600100006001100000011000400110004000100017598200A022900008080008A0020010200010000202000120000008818000
	0080000A1000001000032219008202009001000100000000160C200000080217160402020402000140010204008780040080132680110200008082030804080606000800008010404008104240800A4040048000020040038640C2040400404600041304050382000001120000E1A000000900000100001100040010004008
	4004000040410080D800020008008020A00850088848480000404000004052008250902000109001200000020100000000000000219A002021001A0100100800060000020400000204150200040A12041042440017C00210800020060000011300800313110080001401001084008040400102464000010040410152020001
	820800001004080003440300800181018201018500000101000000400000005100000440040400104405041000BA860040038040508002D08000001000080202120800B280820002410021010A2081000021200000200100102180000200041000020506000001131000000800400000100402100012000003100002800300
	0002001102020015008020060101100000010040010104000001001001000000024000008000041440400400000E00008002101002021080800010110004602050106028400000404115000015410080300000E91B010000A08000000004000200201000000010000000000000001020000000030000001002000080000000
	000000000000000000000100000008000000400000000004000001000000040080000002040000002200020080000000000000000008000000004200000052000082C000040040000000000400800000010048000C000080400000000000000010800000000000400000040000002100000000400004608000068100000002
	00002008100000000000000042000002621000000008000000000000000000200000022000000000100001000000010004100020000100000008000001000000120000000000000004000310200200000000010001000002000200100100400000010000000104000000800000000000020000000040000000020010000100
	1101000001000020010005002800000020005000000000000000000000040000687F000000000000020000000000000000000000000000800000000080010000000000001000000000000000020000020000000002000100000000000002000000020000000200000000004004800080000000000000000000800080220500
	00000000000000008040001000420000004000400000408000000000400040000048000000000000800000800080000000400000004000000000000040040000040040410000A0A100008000000000000810000008000002001008000000000200800000008800800010000000000100000020810000010000080400010000
	050000000000000004001000040008000100040100000000808000020400000000000300000080000000000080000004001100100081000000000200000000800000000014080001060400800003008000050000400100000010000000000000000400000040000401100000CE2801800000000000A0000008800000000800
	00000000012080000100201002010000002001000000000010000000000400000000001E00000010000004100300000000000000100000000212004000001000001001000000020000001000000000000010000000000000000008000000000001000000004008000400000004000003000000000010000000000000002100
	00000020000000000100004000010000008000B66102000802401000804000000040100020420000000210008200000000000100800000000000000000000000000000000000000000010000020200000800000004000000000002001000000000000004010000000002000110080000050001000000000000400040004000
	4000C0000000000000000000040000000000000008000000020102000000000000010000000000400000004000400010080000100000000000E2110000002000800000008000080000000000000000004000000050000000002000080000001000002000010002881020000010000100000004000000020004000000060000
	0000020000020004000200020020000000000400000000000400001400010000010010080000000000000000000002100001020000000000000001000002100000000200000000300000000000000000100100000000000000000000000000D03C400000004000000000080000080000000000000000000000020000000000
	020000000000000000010008A0008000000002010000000000000000000012000002100200060040020000000112800000000006010000000000800200100007000000000000000000000002000000000000000042000000460000000000000002000000020000001001018000000000000001000000010000000050000400
	10000000000054B70002000010000008408020804000000000000002008000004000810000100020020001000000020000100001020020000010000000020800100000000004400000000000000010044001000000000080000010000001100200000008000000000000049000000000000000000100000000030000800310
	00040000040600000004008000000000820000000000000000001008000000000400040000010400001000003535026020021000000000400010020048001048000000480020004100002000000020000220000900000002810000100004200808000402000400000000080000002D10800000000000080080240000020000
	10000000000009080280080000800000040000010000000204000000040000080400080800041000000400000001000200200000000000000024001000210000240010000000000000000000010100200000910100800008002010403800C000580000000022002801000050B0000180000018010008000000001020280008
	0200280008010000100030100010039026001310000000051000240D00010200000012000001081440080006500000100020000108021010440880000C00800000003000000240201004108000200808003480401630008016130000050810000004000000100A00000000100018000000000804084C1000201D4000000000
	00100040001080080200004000000808002000400000000000000020002000000000000800800110000008002008001004000000000000120100002011010000200500000900000000000000000000080002000800108020000000000004000000000002000000040000000008001000081004200008002080110000000000
	001000040000000000000001000000000000000000000000000008012000004A2620000000200000002000004000204000002220004000100000808100000018000002000009100010020008020800000008000000220004110200902E0800005000080400000400000002200000020000000C000000201140000008000000
	088010001000810800080080001000200080000000200000800008000000041000022008C2000002010000000000000000201000100000041000000000000000040004000060C50082002A10000040081000004010000800180000010000401120000020000100000A02000000200020000000002000040001100000000001
	100100000000000000048010000000080000840000100200100550040020040802000000000000010402400000000004040000001000008006400800041000000000040000004400100A2014010000000810002414000000220C000000000000100800000900000040180001FB0020580010001000080040100000000A0800
	4020011410030801081000080800000801000108102000090020200C940004008010000810000110070000301004091000802180000508040000000020090000000100120249001C0400001000120005000C00100000090201040000084010401008000000080000000010200090200000181000008D000431000401100014
	000810000108100010081000000001001400FCF8008200A082088000001000080800400000000088000040200030000010201000000028000020010000500000000000000210000000100600800000000A00010002040001180282201000209B08000210000002000000000001000010008000880000000004400441000000
	080500021008052005000000020004420000000100001000030300000000080000008001284100004000004000000001402010080000000057C2802000381880009010001840000802080008280001042041180010000830000008000920002101300100002024000400020080100810020080110003001004010015000102
	11048000140239080011020000010200120049110C00100000001201000004104441000308010C0005400201542D1000000802000440000020801110200B1001020009080420118400201811041040010010400000104910200108040000CB7D02004080020000000008000000004000000040801000001220010800000008
	10000000000008000000580000000890000410000000001004000000042802100008028000288002210800800000000028000000000000020000000400009080080004000800000400000000000000001808000000000000000000000210000000000000001000048000000000000101000040080000000800100000000000
	0000100000B715900000001000001200000002000000000200010200080080100000001000001000010000000002000000100020088000000200200008000000000000010000000010002000100000040000000000020000000000000000010800000000040000010000010100004000000440000000484800040180000000
	00000000000000000000000000000000000008800008000000000000000000100000000000000010020000B9F3020000F4000080402000001C0240106000000048400014426000028002010C40000280022110100002A020801001003200010B0002108003220010080A009460020090000180802202000000080000980004
	0000022004080100010080030042004200000000050200020010000000A000000A000C0201000000240000052045000C000181401100010061042100D001200040102800000400105025000049000130008086009005C0001000C0000000000042005000000043080080444030028001101C00010000022000000000023080
	100920020300002A08000002000200100100102400020020100120000006000000001802000000000200010400010000820042000000000001004401000204400000400808000C0208820100000000000004402500040001010000000000000028000000200040002000001000000100000009000122006785030010200000
	10022000081200000000000200084000100200000000000000400000800001000210002000002000801000000000021000802000000002080080100090000080800200000000000880000000000000000800080001000005000041020001000000000000000000002000004000010004000000002004000000000000000080
	00100101000CE1000140910000001008000000001054000000500000100094B10000000000000000240000002000000000000000000000000000000000000200000010000008800000000000000000000000000001100000000000004000000000000000000040100000000000000400000020000000000000010000000000
	0000000000000000001000000000000000000008000000000000000000000000000000000000000000000000000000200000000000000000000000000000000000020000BD09806408120264089004600C922440209224480892A441009224490192044802B02649128034499200A449920020C9120400C99024014A992405
	C29A204980D224488080254C92802540120025401204214C9224016892000148B684010032044940B286094034064952A09401122004C99224204992042041930420489B0400401A2449005024090210640D02806049120024611204004D122400681200004036040100FF7D80244812022448920060489204004892240848
	922401409224090192244900902449028024491200244992002049920400499224004A9224014292240900922449009025490280254912802549920029499204014992240148922401409224090092A449419024490A80244B12002449920020499A0420499224004892240140922509009224490290244902802549120025
	4912002049120400491224014832240900D13403000000000000000000000200404080220040000001400020000082000000000000000020030A0000000B0020000000000B00002000100001001020000202200000002020008000008000240880820000000000008000000000000100008001000000014000800100000001
	00000001010020008000008100000000800000000021010000200500002001000020019000640100002009000000010000000000000100D32612002000900000008000000002000000820000000200012010000020900000008000002000000100001000200010002000800000008000000000000000000001001000000000
	0200008002000000020000008200000082000000000000000000000000004000800000000002000000020000048200000002000000020000200200002000000020020000200000002080104000000000000000000000100000001000007C4632B0D0D2022090960200C4C28200E082A0E0A3A26063616222A1A032A13130B0
	2220A2A031033908280B01083829A228280A82A0A0A2131A33021E7531225211111230B3332386060F0F8686838A8A8183810002A383A6A6828223234343C2C1E3E2654505258391E2C371E342420646E7C7E5A5C6468283C2C38282E0E2C182ABA203038381C3476565E1C1E4C4A5241514397940400D4849402101454501
	10606100C2FF2032C2D080820200808246408002E280A0E0A2A321222023E16222A021B19010A2A0000233012001890800092928202A2A0880A28280111030011D361201511222211182130306060F0F06040A890B8A0682030322022525808102032321C3C183C2654505254281E2C350426262C646E7C601026266024340
	400240E1E2A1A28A832121612167674141E1C0E4D4C1441014191940400D0849406101454540016160005A8180A2D2D082800402808206044042626062A220A1A32062E1E16202A001919010A2822103323000098108800B29A8A12A2A08822080029B1312A3FD3E1281D1C23320203303830686ADADA6A68B8A8A89878100
	0223230606232321212020028142C36461250193A3C3E3F17360638666C2E2E4E5C0C280C3C342024269604140ABA82323E3A0E3E76565C1E1F4F451503534595940404D4C4840612145454001616000BA8002A0C0D20002828002008082C240C0C2622241E062E1C36022A18022A1210080200083812022010000090180A0
	21A20020028022222020A0812026A5A12232218083212021A126A4ADAD262202890B020200010100000707A3A32121010161E1E0E02460250140A183E3216140424666C2E24001606640424242424260E2E1A282810101A1A1C3C22121C1E0B4B471704054387860600140404041404545414060610009F100008000000000
	000000000040000000400000004000000040000000000000000000000000000000000000000000000000000000002000000020000000200000002000000220000000200000000800000000000000000000200000002040000022004000200000002002000020000000204000000040000000C0000000400000000200200000
	002000000020000000204000002040000000400000014000000040000020950012200200009000000200020000020A2000A0806001808062800010202230000200020010830300181922B0181A2100008282800020908820109286030000928300938000A20000048600820088088801000202000220008100030100038200
	408300404025C0014280818043410001026084026001010002010000000002228A010102810385C4810040400104440501011810410000090001010151200100200000820C002040B0203000D2008080808282002000C0010301A001010112008290800080202020A001001032A300990882810209A8000000800000000300
	0101908312011032000101000202890080040A0283000000018003200582020100020200410121000004800000000100000300020004C102000484048883C14082028842010040000200028000230004010100900180000000200000010048000000040110104040001B7E3200930002820000020042000000808080200220
	820022209021922000118010008080022220080900220003212088A203090100028201109081001000308100000000121010808402000600810400038602000080800000008000006100008280400103014003C000634A00200005820001030101C200002002008040A08081010000210040420044012000D0011030541401
	0100400C000048002000500009110100C70601020040000200020400020020000220000000000002000002000000002002000000100000028000003000001200008302000000010000008800010040020000000200800000000004010002000004000000200002200000008100000100800000000000020080001000800280
	0200020000070000010000000001022000088200004000000000040000000080004400000000000400000020000000011000010020004F9700108200000000000000000000020000200022000001A1008000200000000000000022000001010000031100008020000800030000020000100100020100000001100000001000
	00000800000008000000020000010000200000000000000000000000000000000000200000800000006000000000400000010000000000000000000000010000000000000000040100041000000000000840012000044010001000002DD1200000000020100000000000008000000000000180000000001000000001000000
	000000000000000000A2000000000101000000002000800800000022808000200000123003008000040000000000000000020000000000000002010200000200830000020041000080008001000000800000000000000000000002000000000082000000438003008000000000100000000000004000000000000100100001
	00400015B5000000000010000000800000200000800000200020000000600010000080100000000080000008100008000000A9200000000000000000000000008000000000020000000000000402000400008000000000200080000000000100000040C0010000014000018000000200014000000100030084400000010042
	0080800001820000410000804400010000001000000000000810000000012000000001000000000000CC181100801000808000000080400002000000800080400000000100800212008000A0000000A00002000002090000000000000280008000001010000410000002100000010000000000000000020601000001000080
	000004000000000020000000400000004000000040000000000084000040000080050000800000000000000000000000000000000044004100400020000000210000000040000000000000000100002DF900002010002080400002000200000000000002800000000000030000000020000000000000100000200000000010
	000001088000000010010003100000000000100000000000000000008000880088000004010000000180000000010201000080000003800000020000000300000000000000030000800120010000008000000000400000000000000001008100000001400000010001000000000000000000000000EFD00002020002000000
	00000000000000002000000021002201A00000000020000000000020020001000090020021020800008000000200000880000300001110018000100000000200008000000002030000000000020002000000000000000100200004000000000001000000200204000000000020000000000000004002002001082002800220
	00000000000000040000100000000000040800000120400000000000A51D000000000000001000020080800000020080010000000000000080028000820020000200010010020100000800000200A00000008000000020000000900000010000020100000002820004000000010A8002000000000000008200000000020000
	0000000100004000000040000001000200000002048200000200000008000100410001000001020001000001009100000000100000000008000000000000000001006F4B00200020000000000000000000000088400000008000800000101000001010000200800000202008000810A0000808800000000000000080000000
	80000002800000800000800080000080000000800000000002800000000000000200000000400100004024000141020008014000000001000000800008400000804000000000000200000000C0000400601000000001040001400000080000000000001008400000C3BF000000020000000012080000100000002000000200
	00001000000000000000000000020000001000000040002008020000000200000010000000002400100200200080010000100800001000000000000010000000001000001000000000000800000000010000000000000000200000800020100000000080000000000000400000000000006180800008100000000000040100
	000040001000000000084100040800B34C20001000500050006000000800020840400A0000000000000021910200200110000100082900082008300080500000100021008404200000100282100100001000000000000801021601200840010010000000020000088000000000000401000002002080000000000000240008
	29000A008001080400012002000000001102000000120020000000180400000801400000001800000100000008001004000000000034AB000010000000005020000000000008002008000200000000000001000000000000000000000000080800004040000000000000000020001000008000000000000000000008000010
	1000080000000000000000000000080000000000000001000000002000000000000000042000002088000000000000000080000000000002000000000000A00000901000000000000000000000000000000000000000000000080029120020000000000000000A000810204000024000000000000000010092200001100003
	08000010002080308000081000120021040000000001020000080010104000000100000008000200001040000010100400000020001000100000040000000002000000010002000000000800088000009020000001000002000000010000000850000020000008000004000000400000000900040140001000200000004000
	0000EE3900000002401000005000000000020000000000000000001020000000000000000000020009201000800000000020000000000280040000001000241200010200002000800000010200052000000100000004020000000080000000000000080000000000800000020000002000000180000201000C000000200000
	0000010150000000024000410000000800080001000400100000000000000000081804000100040088BD10000002004000000000000000000000000000000000088002802080240000000000200120004820000000000008100000000000002000208000000000108000800200040820058000800002020002000880000000
	000000020000041000000100C800C10000000900000004000420004010000810000408800004A0800001008001008800000000801108000900000001100800010001000800000050040000400400BAA200028018900800200090100A0082001000122000008221002000080080080000000800000000110001080010300204
	010800A2001000001004100034800010240000089290004800100000248030402000000008000100000100000200022804110024000440200040012001010000090500800107008000001400000000800200040000008101804000010040100910400401404010000805004100000000012000000801000080089840200000
	00081002800010000000200080A0008200A000042000000800200100204821010800102200100508002000300010008410100480102004000018868820058810002200802040000000000801000000020004000000002C11000024000001000000052001040108015401081500080000108000000080030085880080010180
	019008000018080055000049004008000800004100140001442000E7E21200001200000000900000020000000012000000020009002000080080080000000000000000100000000000001800000000820000000020000000200000900000820000001000400080000400120220088000000000000001000200001200014880
	8041400420084100000000002000000000800200048080042400800000000000000000000000004001000041011000000000100101000401000000400000000000C333000000000100000000010000000000000001000000000000000000000000000000000000000000000000000000000000000000000000000000000000
	0000000000000000000000000000000000000000000000000000000000000000000000000000000000000000000000000000000000000000000000000000000000000000000000000000000000000000000000008000000000000000800000000080000000000003E902004020100000008000000002000C44300840208402
	01000010080020A040000002010024040800009040011000020A040010502000800100820210040010C820008800010502004828100000008001010802000C6410004000840201000010080020A000000042410004240800209050010000020A04109000200000410002421004001048200088000185020008681000400000
	010108020008245400000004420090EF42080860100040008000000C0A00004050202000800201040430080020804000000205000020280400905201000000180000104024048001008202101400088861008040000C0200082010004000804101080A00046450000000800601000430080020804000000605000020280000
	905201000000180004104024008001008202181400008021008040080442000060100040000001010C0200084050000020000200C33300000000010000000001000000000000000100000000000000000000000000000000000000000000000000000000000000000000000000000000000000000000000000000000000000
	000000000000000000000000000000000000000000000000000000000000000000000000000000000000000000000000000000000000000000000000000000000000000000000080000000000000008000000000800000000000692E0040000000000080000000008000000000000002000000000000008000080010000800
	00000801000000100000000200000010000008000004020200000000200110000000020020400000200000002000020000000000000000000009100000000000080000000800002002002000001000000208200088100000000000200000000810000400000000000000000000000001000040000000000000000000100000
	0002DA20000000502000021022080600009062002010C0010010C80124221022000080210200812010000230C00482A0101080810001008002008700010008110090420800C010180180008008448000021000100C0010102900200001012002204120020041208001200308034110000109A0040100281401110000088020
	00A10010201E000120C0004D2104006929C41000241000002000001D0500006101000800040900E6050040010000000002102200000080805000200040010000480020820020000000002801800020000360101086001002900100100002080082040100020100108210001000001100000080840000000010001200000001
	002000010120022901600200402880000920000A41222000012004000820201C01080010000000A00030200610092400084124000061600410002400000120000011000440010000008000000062F4200000005020800000000802000000020000128000001080040120100008009001000000000800000000000020800000
	008000000080000400020000100020000009C000000AA000084000600200002008000010001800000000000000100000000001000100000001000000010008001100000201001080000880200000000000100000800000040001080008810000001000000040080000010000000108100C8100ADA900000000000000000400
	00002080000000200000000000000000000000000200000010000000000000000000000000000000000001000000000000000000000000000000000000000000000000004000000000000000000000000000000000000000000400000000100000000000000000000000001000000000000000000000000040000000000000
	000000000000000000080000000000000000000000000000000082B182600C100260089086600C942640289026400890A641009026490190204802942241528430099004A043D20424095300048052200580DB2001009A244000D2256C0090010902806461120204099004600D922440289226414810240100122649409024
	09429026091280B4491000A44B9200204912042048130404489120094298244102502C0902106409028064291202446D1002004D10260069101600492006000050FB82244C1202244892022048920608489226004892A609409226090192244908942449028424491A04244BD20420499B0404499224004892240140922409
	00922569009025490280646912022C49920020499204004992A401489224014092A60900922449009024490280244912002449920020C993040049922400489224014092240900922C490090244982802449120224491202204912060049162600493626010012648100008010000080800000808000000000000010840000
	0000000090100000000000028000091000000008000090100020000000201280000000902020800200200002080000902000001060001010200002100000101008000022000000020800202000012004000220044908202051900020431300004002000048000000C000200000100001101000090010000902000048000001
	4000100101002040400000800021C800002000000000001008000000000004800800000000012000004004800000200000002000004000000000200092000000120000000000000092000000020000009000400090120020001000000010000000120000001000012010400120120001009000000000000020000040000000
	40200000480000100000001000000010000100100009001002080400000000001000000000000000000000000040000010080075F580A42E2E32301892425014D284C42206D2D292922426A4A640D254D665D59090A630C84C190856145610B83C981C94D4C161B2F0B8EAF7F4F0F2BA60292AF3301D7C7CFF1212B0B0D0D2
	4040D0D4303054505052795B3B3372703173FBFB3B3B5252515170E167550C6D5C4E7F7E3A3B800142427B5A9A9BC69E1A5C52561333BB139B0B5F1FFAFA7F7F7A6AEBCE5B7A4C450A124142010040416242113239386665006E470004EAEA60728290001216500444A686109040D0E4E624268012945605D59090860040CC
	10485210D650101C901CD4D4C161B0729A5875E672E02822AAA97031BCF5FDF4B2B29010F0706060F0F0121254105012785A3A3272733031F2F20818627251515150664545241D4E141D9008616003023A1B9A9AD49C185817162020B83099085514E9F15E167A6BEACF4A6A4F0620216063040003022001604338392F2C00
	16E2C4C4EAEA626050520210D0D64404EEE61292D2D2E4E660638012D05241D194943686860018185250D6143410181C96D4C161B0F21A281D772260682A8BA87170D9F8F4F79090B0B0B0303030B4B0303054541212797B393171711151D2CB222B7272515150517767254C555E1417B93963724362022BBBBBB4FC585C83
	86A3A33A3A9A025E56F9FB76767A6BE2E76B5B4D646263222107050302627362610B28040700CB55C4C44E6E2426021040424240C484060650D050D0242680A240C240C60141848404840480044C565456441410120C544441419250080A166440622220888B1011F8E1657430308010D0507070D0D0203250100012505220
	3071511111D2D2202802127070313064656001216975747079020343634B6AFAF9B4F450504242C0E022028A021414F8F04707696BA9A0634246274141232043404041434323207A594D4E00965340008004400000004000000040000000400000004000000040040000000004000000040040000400000004000000000000
	00000040000000000000000000000000000000000000000020000000600000004000000000000000000000200000002000000020000000200100002043000020C100002041000000400000004000000080000800000000010000200100002001000020410200004102000041220000400200D2C220200806802080028A1A00
	800080088000180090042480215100044404F00030000020C802080040400228024000020020611422201872401030900AB0A0800280C891190080800010320000100002001210004012181010413000004809000090101000000140000C0000082408008090001010887903000B0608120004B00030000880001310101000
	16061013280A0001040C0908000000140000410438212A11002A4700002020429208081000140E04002402C0820000208021008601100060033080A8A04A2409C34400B84080A0869010028810421000220010C2C20280081010B040322240022212028080000040904002400242004000002A820113120192111A2003C1D0
	9110044442230E0601011A1A204200001100000A3019140C9011022188120011D908402A00C66840040C421001105830000000004002000002010000040000197F0000810030001090408080100044800C18009008420000800090C0109000800000028103000010100030121C180AC0D41282A18092C009A6200020300202
	23013B000CA69050009002486000022010100000101228022B0030024041120008000240000120C00200014880801A5000000391808002020800C000020006C001000120120802040B004B180018C9001000584E000002010400110110302030019050000099370020000000808000009082002004000C0000000000000000
	0001400040100220000090000002C000000002000400000480230002810040208A000200C20000008000000400021000000000008010040200022200004000000020000002000000001200008200000010000A008000000000900000100800000A800108000028000000400811000200004002140000000000401000060000
	00200000000200280002910030E200002000000000020000000000000000800000900000000000000000800080000000022800080000001000188008000000100011220008000000080000200010084039820000800000820000004000000000000002000A0000000000400000000000000101000400080004000802000000
	00001000020000000500000002000020001000000200001C00002018000030040144000001000010000020010000000000007699000000000010080000001400000000020000000000000000000450040400000000A00041004004404000200000020010000000008020004440200000308020000082000000000200000000
	000000005040000042000000000000030000800010000000800000000000000002C110000040001080C100000000000000000480000000000000800000010200000080000200100008000800000000000000000010400000FCD500000800800000100080000000800000088000008020000000000000000002000002000801
	000000300008000000008240000020400010000800200000000000002008008000100080000000000000000000100000000020205100000100000041000000400000000400000084000218000000000008080000000300104101200010000004000800004800080240000000400000000000002000000020400020081000F6
	DD010002806000000040080000000000800000000004002081008000000120100000002000000000100000008080000000201000800208020082109000080080030001000010000000100000000020020010000000100818000002000000100208002000400030004000020000200000802200000000000000180000008000
	0002800000100000420100005000011440080108000000010000004000100100000000A400DA6F00000400020000000002088000040084001008002000000000100080000020000000008200800000000800004000400200801220000000030000001000020000004094012000000008000040000200001000000002000000
	821000510000000100000011800000000000000080000000000100000000000A00211000000001002018000003401020001002440800000002000800000000000201000000000000000000108F0000002000000008001000000000280002400000004000004000000010820000000000000B00000000800000001080000200
	840000101080000000800000009000102200000000000020000000000000000000002000030000000000000800000010000000010006094080040008000000020000000000000000000C0000001001020102080000000000000000000000000000240000040000140010100000010000001C42200000000002900000000004
	0000000008100000000400000210000000400200800800040000000060008004120800400000400000000000006002000000000218200040004200004010000000000010000200501000201000004010001000080082C010001000000041000810001208008000800001000110001204001000000000000018000000028000
	0800000A1000000010000000000000000020000011000000F37A0000000020100000080200104000000000001080000200A181000410200000902000004100000010000202300000100000080000100000200010200000102100020000000090820002000020001000000000000000080000010002000B0000100000000000
	00400020020080000100000110000010220002420000008400000000008800000018000000000001040000001800000800000001000000000400000000009718100000000028000010600000020000100000000004010800100101002000000020000800004812000000000000001000201208000010000000000200081000
	00201080000000000000001000091010000000000000100040000000000020900108000000001000000200000050000008000000000200201012000008000000001020200000042000000000000000080000000800002000001001000000404000040000AB5900201400000000100000C00000D00008803010020000201000
	20021008000008048082000100002030080211043000040001920044002010000020040003029008000010040A00125402000840022000184111000008021002301000100420000012003800812008200800080800221002989820140100012408421480121403000004180200900914000C00880040010410000008001001
	0804090000002800000000B37C000000000000000000000000100200080000000200050018000002000800000020000000000000000800001000201004122080001000100000000000000110000008000004000000400008001800000010011000000000000000000000100080000000000001000002000000400000000000
	080010001020240044000002000000000000000010A8000008008000010800000800000000110000000040000040000000B3CF001010000020000020108440008030002000000000002000200010000000000000020A0000401000B000000114000000010000080004200100000E0000408200102080100008001010020010
	040100100000000028000010100000002400003010020010000000022008080000008030800010000000000110000010800111002018285000000000041000040000000000100400200000000410280000000000000000804A2000000400080010004004000040000010801000000000000011000120000008008400800900
	200280000002000000000000100240000000000000201802000000000000000202000400000000420020480001001000420000220010000001000800082090000820000000000018800A0812802002050000020802081001040200000400000600010000000008000040000404000800000009000001000000280400007C9E
	8010100220801040108040040800000800202000DA00000010800020001020800000002200001000004000588000110000B000100040000000000000200280000000083008000228200200A00010002000020000400000004100102039802200100A0000002104400800040040002400080004498000021008000044000402
	408200001000140000000A010044290100001840000021000000084018540000150000002609000800200010880040001008000040000018000820000000004208000080000000A0000000002200140000002008240008002000902C0420048000109000002012000200B00440100018000100000210001014000800080008
	00010000040000200004109000000001000200012000003000102034000400000000300002100011000304000200042000120000101000210008020800001805000000010800004930009712001800108020D008804010400800004008300820A8120000020000281080002000002002000010220014084008801025182010
	206884000004000000B2000020020038020C3062101820A00110002200120000100048000809002011300D000002080004B000040000080200204100200038452800840610000864000600401000800411160004000800020108301001010800480821081000000800081014010930008E1C80002002100000001000080000
	00080000000000004000009040000000000080A00000000000000000401000200000000080000000100024008010000000800000100000008000080002000000001000000004000000000040000000008022000030100001000040010004000000040000000010102000000000001000000002120100020000000002200010
	00450000102000020000000004094010044100000040006FC502400082120000000000001200000812100000100000008010480010200100800000010020000A000000100020100020000040000080000000000000000010000000000000000024000210080012000000908000008000000800000000000000001020000800
	0000000000000A000000020000001000000800200000000000000204008080040000002008000000040000000010004109000000001000000010000000B42D000000480000826000A0800C000800602802204A200132400084820000000010000A0880081000102A812008000404100C000020080010C50000200800080640
	10000C2000200080851820068001210000040000002000000001001C00000801800208000010200B000241101000318C208820010000000584085008000540042018002800501C0104000020041010000004080100100014001408600024080040040002F1400000480010A2400000900A080000400832224820000050400C
	92000000001000000080000002100802200030002000080040200800008000002000000800100000002400000084128908028002200010000000008000000000140000000800801200200018082000024100001A11200082010010000400842048000000400022000080041000010420000000040014040000110051000100
	00500800240090000400B8BE0200800200020000A00000000000081200000010010000A20090000000218000000809002800000820011008040010040004000000800054000000000000040210000800002000200004300400110001008080000000000001080800000001000000000800000100000000000000000C200800
	20000000090008100000040004001400288000180400000820100000000000000800000018041000000000080000C000EB4B0000000000000000040000000000000000000000000000000000000000000000000000000000800000000000000000000000000000000000000000004000000000000000000000000000000000
	0000000000200000000000000000000000000000000000000000000000000080000020000000000000000000000000000008000000400000000000000000004000000000000000000000002000000000000000000000F941902448828024481204204C96240068B224004892A4014012A40100122441029086411200345190
	00A04292002040020400D1932404409B2001400A244190522440809224410010244082022444900020459226006090A6004010260140902409009234490280A6491000345B9000A44B100020CB98040042112400CA9B2001401A244980D0244902102049828020091200600D1200604D122400291224404812204100A86A80
	2C681200246892002048920400489224004892240140922409009224490090244902A024491200244B920020499304004992240058922401409225090092244D0090254D0280244D12002D49920020499204004996240048962401409624090096244900942449028424491204244B92042049930400499224044892240140
	9224090092244D0090244D1280244D120024491200204912040049122400481224010006A5002028021200480080204080900000801240409000004020000000100000008000000000000210000010002020020200000010202000000000000000000010002012000000900020000280000080100000001000008000000020
	00010080220000202001000000000020000100002000000000101100000000002008800000101001210200010910002021101000010000210100002801001401010024000810048800A04300400000004000009000000080000000800000201000002000000020100000000000002000020020000000200090000020020000
	00800000209000000000000000000000200000002000900020000200000010000000100000001000092090000820800009000000080000000920001208000010012020800000201000000012000100100000009000000000000000800000000010000000000000000008000000000026B6D0B8D2D27A703876B07804805858
	5890BA7820A278787078212138308189909822302A20212B3838B131B4B4B9B93A3A3232B0B0B8B8B4B410103870191952103C3EB6263F3F32321634A2B61B3F32321B3B16923F9F201296173E3B3E8F393BB5A6ADB9A5952A39A70E2F2B2E3DBB3B060E353DB3A30E2E2A0E2E2EB332371702642D2D9292BC9C19B5353590
	90DCDC61656969505814300510795D50707C784C7800FF8DC8C0D2DA505A327038F084089898F00038FA92183838382069612038810188102A20202A33013010B1212C3C2133901000A0382890A0153480903830090950121E3C90243F3F2632063620301BBB32321F1B10103717881E161730313E97B9BC3436B1B13414A2
	25260E19093E35BA1F070736162622A4AC2A3A2C0CB73217372A200C1C57933E9E183004840511FCFC004048481959141001107C586135487C686800E83BDAE2D0C8D07A7EB878B0941C18187858789AA208B83878F0E96120A889890800BA2220AA3B291010B1B13C2C39092010203028A818982D34B0B0E8380999D0521E
	9C36243F3D963206A6A6B41F39323237171E9C2F2D881C151436353E1CB9BD3536B435B404B327250E3C2F1E1D9B9E949E353FA4A22C2EACAE2C2C37333616CD2D0D8D55139CBE2C34059515917CFC24644D495919341504157D79694D787C6C6C002083C28A58585A80F832F01858D8D8D8D850FA1858DA78F8D07829A9A8
	008109000808A8AA20210B18183939B494B9991A9AAA2A2020188894B4303030B0890902909C1E80242F0D26B6861680840B09001213131C180F0D04068F0E1C191E9C3D3CB496841104040505840624213E3D1E1E1517BCBC252785A5200E8CAEB636162423A5AD2D343615A521B5252524245DCD61656969686800110401
	494D6C6C6C580C200058230800100028000000680000004800000048000000480000084000000800000008002000080000000800000008000000180000001800000000000000100000000000000000020400001004000002000000000008000600080006000800060000000400010014000000040201000400000004020004
	0003000400020004000000040100002401020024011000240100002401000020010000000100040001000400000000A533280800608880008200C010A04088009000D0A0A218A81010101018A88011800882800A0000000030142102801002B00801000091200030A08010002081801202AAA604020410820004A510802884
	1002180280068400181610241000A8010298A00580802429002420012A0020131830B81800000008212481303034108033060010120091901400011804200000D0A00000400408001004000058100000000028040024C69000421042409210080800001800A000222A02004000A0004001A010100000900000800A2021300A
	00002018A01100808290A1280090011000001080081000900400229081003080020A221095100210011002801114A0802500023610B00104120010080184889002A4000E060421840080802610110A0A28800E0A880B848080C0082200000A8E04008090050008104440080040400010000104047170787C1000008BFC40F0
	A002303A2020A02080108010100088000010A01008A8A0A0000000801800203020A002020000A010002202200022302010009020800C1001A008100080001011902038A60432A01084220022202002000000008202208092A981050E382305BA28358010210B8D0800211908000B06252E08AA20941012088000263000301A
	0284940200A01098801004909004440100006811180000101000480000040040380041590000003000001000040800002000000000000000081000000000000000000280000010000000A000100000000000800000A02000018000040800000040000080042000000C00000002000080008016001200A00080100010012000
	000010201002000000060008003000010080000000000000000008080000000104000008300090480000000410000000000000000400000000040000002000000000000000000000C7A70020000040000002008010000800000008C20020008000000080200000000000000002800200000000000200010010200000000120
	000000001018000800000000080000000310802410000004020000080000000002000080021001002200019000001000100201000A0000041028810A0000040280200002190000000004000000060002002000800000000000000840000800400004000000000040100800000000926D000020000040800000000080108000
	0000003000100008000000000000000800000008000000201010000000002000000000008020000000081000000000000000122080000000008000200020101400000000000004081000248000000400000000000104008000010000000400000000008008000010800000000A200280320000040080000000000000000000
	0000000000000400000010000000100000100000008D710000008000A00000A0000000000810009020000200201080403180100000000080100020000000000020000000100000000000100000A000080080000100021020000010000000200000000208012200000100000000208200000030002082000400002002A10020
	082008008100000000B40004200000000080A1040001010000002002100000100010102080001000000100001400000000000000200000000048007A3DC00002400A00002000080000000000800008800000000020000000200100100020000000200100000500082000000028002000001000001000000020000000000000
	02000010000000008000040000000000800001000000001000008000180000200800000000100080200008220000000020020010000000200000009000000200001000000802080180000100204000000440010810000000045800006400102000E45100000000100000000020003000000000200200000000000080001000
	000000100000000000001000000000000080020000000000000000018000000000800000800000000080020404000000009004000200040200000000001000000008002109002000000000000000000000000030001800000019020400080810000A0400024080000110000400000400100000040000000000000000000000
	00000000000000003EE1108802000000028000000080004080000000800248800080000008808010000000020080200200080000008020020000821008110080000801008020001080100500102400249000002030000000000010000000000000200000030800010004800000980880002800042002001004010100000000
	0020000010000004000000080000008000800800000000840080400044006000400000000000402041104820000024010000400000B200100000000000100030000000000000000000000800000000082000020800000200000010000010000000010000000090000000000080000002920080009000200009800014002000
	0000000000008004000000A400008900080235000000000001000500000001000A2004000000001001000000008028008200100000000000008000001000000000000008000000001001000C0000002000140000591160180000000800204000000000800000000000002000300820100000108080000080200000000000A0
	0022000002008010002080001020000000000010000000000000022000000202000002000000200000000204100280800400020014000200008400200104808000020C08021000800002280020020C80201220001000008000009000000280041880040010801000000000001800001000001000000400000800E02E104060
	02020000000020000000000010304000000000000010004120000001002000000000000800000012000010002000100000001090202100802008001020201210002080004100828008000012000010040000001000001010080020000041100008011020000800000040000001000000101000000000040010020000100200
	00100000201000202800900001000020080000080000100000000000000000000056CB2000100080000050021048104000080000008010190010600C200090009000100000820001481004201084010000100200208C100004000000100012100100800000844000081000100010200008200080001000100005A002280500
	1000002000000014000000008020040000180A300098800800000000001820009000040110840A00001801088814100000082004040010002000100204000148082009000D1000C4C6002000228000000000000000000000084000000001080000200000C00000000000000080000004080000000110000000100080000000
	90000100200200010000100044000028000082000080080000008000000000000010002808002000000000000400010020000000040010002000001800000000000000000000000000001000000000000001200000000000000400040810082000000000000800000900001800DC0400400000000200100220044000003000
	00008000000000000000000100901001000200001108100080200280000000102000000804000001003008800008201000000080000041000000280004000032100000140010210010020010000000000040001000100002000010000000800880001800001000000014100080010510000800480000100080101008188020
	00000004000000001000100100000000000100008046001010400000004000101008400020003000100000100070001C003000000000002002001040000010000410000002200000100410002001000000100010008020021000800010001000100000000000040000000000048000000500100020001001000800000000A8
	00100048000310000000800000000000080020001300000688124008100028040800200000010020000000000000020400004008200000000400012D18001000184080000000100400000830000000980008000040800800001000900000002000100010000020080000100800000000100000000000100000040000041002
	112090001310A4010200820000000000000001001160000100002000090018001010010001000400104024000406002408200004012800080000024020020000041020011000080084000041000410400100080000000C000000000008000000BE350020A00800800000481000025088008080000000100430000010000000
	40080000A4030000204020005400008C7200201020200024C0000000208200210002002080000004000008000080104030108240008012000400000C00041008000010000000892008040800002609020802090028508200081020100010240000028010241308018086001001320140358C10002008000020100000100C00
	00010000180000C0A52800902810C000800040120010480800800090081800300000500800401080100400210200206010441000202C10001000002000C020000000000210042102003000031000A4190230040380B04212004000801200051001400C010400200008000009001020000C00042A040A040D00200C00E42008
	010000283804020082202210150880218201001811223144804930040140200800001C0004080001080000180003A11000000000080000100800008000009000000000040000008000000000000800A0000000000000000000080000C208202010000004100000200080000000000004800000001000000080100000008000
	00000000000000000020100008001001081090000900000100000001402000020200001A0000241010000000000000400004000210000410000104800000041000000800000000100000000000000000000000BA95924000808000200000000810000008008008000030000100000800101000008000000180000008000000
	00002001000420920000001000200010002100100001000002010880002040000000000000010000020008000000400000010000000800008000000000000000000100000001000000080100000010000010002020000000000010010002002808000001000000010000100100100000481410010000000800B4C500201008
	0000005038008004900080300002893000002010608008008B2020100880000028101000388020000C0080100900208400080001020100180180106412808030420141809100601042200020001D051892204108820900109A000021000001240010010A800A0258022000A400833300102218000020000810810000102811
	2880400100140000410080201910000011000008051104002100041009001400995902B01188800000202018800800808010000010812010211000C0000001109020088001800800001008000000050884102902A00000002000100321100090201180021000020100A010800000020020000019000082000000028800008A
	00082000000421100000008002000B20020520008300000102000800100000009000200000010810010002100000018000100800100001000110010014110000051180000C00A0A6400000000000401000000010100000088A0000280000000028001008802800000000000000200800300020000020000080100400001800
	0000000000010004001000228140880041004130404020000100001E01100808410140100110000100000080000000080100080040000000000000281310200010002000180020000010200030008001002804084000012001010000101000000800014408100008001080004E5D0000000000000000040000000002000800
	00000000000000000000000000020000000000000000000000000000000000000000000000000000000000000000000000000000000000000000000010040000000000000000000000000010000000000000000000000000000000800000000000000000000000000000000000000000004000000000000000000000000000
	00000000000000000000000000000000000000BC0A802460128004408284204C92A4006892A4000892A440001224490092A6010080A608128034119000A44B8200204992040049932400C8992401C29A246980D244298090040982822409909024490204200C92B60028A026004890340140823409008226410090A6491200
	34509000A44290002042920400C1832000509B2420409A004880D0204902802069928000601200046512000045122400601220004012240100AB9E8024681210244892002048920400489234004892A441409224490892244900902449028024491A0024499A0020499A0400499A242058922401429224090092254900922C
	4912806D4912002C4992002949920648499226484892240948B22409089234490890244903802449120024499200204992040449922400489224054092250D0092244D0290246D028024491200254912002049120400491624014812240100969E012000900000400000200010000008003200000000000010000000100008
	00002000000000004000000808000080400400185004000800000000000008001000080012080800000008000008080082400800060000000608001000080004040809829400008020090004000809040410180000190000001900000008000000021000091210000882000108000000089000000900000008101009001000
	08080010800076121000200002000000100000001200000000000000820000208000012000000020000000000000012000000020008001202080000020024000041000000412000104000000040010412400000000001001000000400004904001008240002000404124800000200000010000000000000000200080090004
	0200000082400004900001040000000400000000001001000000010000000100000000000010090000000000A0A5A0A0B8B82222AA6E70721C1A0010B818AABA2B3AA33232B22939B8B9694110106B4982026969333A2B69B2BA6363BD34018856FF3020363E1313109037377BBB4B6B32A243071B9B5F5316B891961A121D
	C1915D9716DFD798D1B5FDB6B67A7E58DDE1F19191AEBDA4AD010107163B199F9E939114151F1F94999282C75E951525F0171DDE1B111D1D191119191111112D2C010528391919111131110D0C0808110100AA3FB0B0B8B8A0206A68F0721C9A801038183A3A1B1A33B3B232A9B91830E9691090CB49020279693B33A309F8
	D02B2375FCC1411E161EA6D37257D71C041282531247C73E0E4286111355D30C82929A909815500F47351D959D10512FC6BC9C80845554E1B4989D26A5048D11001E1E9311121213111D1D1612949C9080D55496133D341F19441C9F971D1D0909181910912D2C0101203015111818301115041000191900AB20B0B0B898A2
	226E6A70701C1E0212BA3A281A291A931232B2A9B93838414910104A4A820279693119A92B1A12EBE375FCC9480F0668E04D4655571E1E038377774FEF0E2E4783131749CD1E94D4CA50585D5D5F17774E959DD8D85B937AEA181C5445E5F51D1C3A0BA8811C0519189C1D119090919E9F0D1D890498005F57D756793E1D16
	4A5F1F1F851D9819998999982524050020311C1C1818313015040808080800093E30B0B8B82222CA6A60F0981A82020A0AB892090A31B0B2322929A0A849C99010C848020269693B13210B5258AFAF9D2445CC56DE1E2E1092D15316860E0E29A84B4B14864C08199F4945040E5A4ADAD2DAD2450D1E0EDFC7DED6418C3286
	CACEDECECCCC0404280D08850C0412121A190E1E1A199696181C9E161A02D656D0543536191E9E96999C0D110009988198982524090828280808001018181D0C180811100069000000000020000000000002000000000000001000010000000000000008000000000000000000000200000008000000480000005800002042
	00040000000408000004081002040800020408001001480200014802100148020000482210084002100800001008000000080100040A0100040A010000080200041802000000020104000201040002000410000000000001080000000800000008000001080000000900009BF30080B8200080800040D08090001000001030
	08A12020B00210318000028220A0202302202070024040800A4802043CB138040D0C001080808000020000012BA1710C021203010002C00200180010990B308881818058109C041100008434E02000190911A4140186040481001009322320A0820201800000180410801884420000140C9C0D820C841C8C90010001000000
	00010501300101010010101C100000101000FF77A010010080026A829020180280800A180000901090120290200829B129088000808020000009190901623000000081080090202132A410120102908000B4804080A0A82054D000C000B80A00008900908010001226040D03918880E620800C80C40410441089100009A000
	0001008000950810911001000080808000801800C411A11002801D000100000100BD889891010500001000100008140001000111110800001DA2002001902220106022000000100030802A88234000810040008010088061001011480080800040202A0180A228230044812192D08800286810840012910010120200108080
	0A8B003500B0A28100000001401C4C01004000020039190008101621C062200100A821A00104010210001002110000821C151504010210000095118400810010009318010108980000010000200400080100101000012001000080000100DDAD00000000028080400450000020800008000800200010000000000000810022
	0000801002000080000100200200000D00010014028120002008000000C000000280000012800000009000000000109401100020000010080500802000201080000010000002800000100000008010001210208000000100001400810080100810009441180008008018000000000000000000000004000000200000000400
	00000000004B42012001000020000000808000100000800010010080200000080020804000000029000000100000080080000800000020800009200000000881009000001090000000000006008200004000000000000000010400000500000000000100000000004121000010100100080481000220000002100110000001
	00000000000881000020020080000000000000810110110800200000010001000010010000000010100000E0ED00000008800200000000001000000000080000200200000000000000200082008000000000000040400200000600004024000000010040800800000200000000000000A84000000A20800000008108010000
	0000000008010014020000040040A100000000040080800400000000000000000000000210000000030000001C000000008410000000040000800800000000000100000000001000000000000100010000AB510080008000002802102000020010000000000000100102800020080008001200000010000820900220005000
	000091000000008002200010000000006100600850040002000101000002000000000000000000000000100000010080200000100800000022000220000000000000030000000200008000000000900000048040000100000004840101000000000080000100000000100000200010200800000008000051F6001020100000
	00008000000800001000200088108000003081003000820000004200008001400000000080000021200000900000000000000080000004800000010000000000000000010A300000800200808A100000400000000010008020044000004000090000000000000008000008A180000400000480000000000000000000000000
	0100080000080080000000000400000120001001000000001100001080006296208000000000804000400000800000080000C10000000000001001100000000021001000000089004800200A00080000000048A101000002080010000010000180020000010000000000802000000010000020010402008008020004080020
	00000000400080000C1000010090001080840000100110000000810000800808010000180000000000000801000000000000000100000000000000010000000000000000D66800000010000000000020000000001000A010001000004010000080000000802000002000000000000000008020001008090000000094208810
	04000000000000200000200090000000000000000900000800000000000002800000080000860004801C00000000002100000000012000100000000008000100000000001002008000000008001200000010008120000000000004000810000008000000000000000000AEC800000020000000020200000000000220020000
	0200000280001001000021000000100020000041002003000000000400200004000000100002008002000000200020000008120040180000080000000010004081C820100400010088000400000400201101040000000500000001000000010002800000100000000000000400051080040104041880000000040880010100
	0000100000010000000001000100000000E23400008000200030000000009000000000000000002000000020000008000A000000000000A000200000000000000280000010001018000000000000000001910208008010004080002004900200800008A0401C00000000000010502180001008000002001000A10020800000
	0000000000000000000004000C001000000040000000000090020100000508100000001000000004000000000400100000100010000000D8900000080000080000106000000040000020080000100000000000000000000800000008002000000000080A00000A100000188000201000000000000404121000400000000810
	120020820000001010000100100000103000000400000934A00108802000010000410000000100002000092000180000001800002000800000000000001002002010000000001040000000000100000000101048001000004000000000F7ACE0089020000030400000020800001040C0000010400950000070000800084100
	20090004400010021162800140002400000022100C001020048000000920040011000000440029000018002800482A00104040000880804010000408000010002002000890002000A00A4000000C0801108000001E01042100900810402010010002800000200801A11000200001102C344000000040010001040008140000
	091100000E7F00000000080000400000000000001040080000000000100040200000080001082000000000000002100300024800240000002000100400008000000020040000000000004800001000000000100000101100000000000000000008041000008002000000000000000000000000042000100008000400010400
	000000000000000002008000000001010000200001000000000000400000014104000004000000000000514040800020000010200000000240002000408000000008004000100800000000400802040010400010C00080000000000000009200082030010004080000401000000000001000020012A0200040080020000000
	0030880050040000002400110000200820100040220080510000008009208100000008002010800020800110010008000000002010200000004010002420000401000000000000201000000001010000C6A120081880000000004030000800000000002000104110000000000000000000000003080010200000A008010802
	0000100810000000000001000008040219000450010000040001280008000800000A000040401020008020100000000108002080080000800101022802100000088000000810001003180000001800006000000008100000220008009000000000100814400400000010000810000800104008100000E31E00100020100010
	0000000040801010400010600100400011800008200010400800800000001401400000080000004000000A100400000000100400021C000040000000000040020400200000182120000802010C00300411000200040024000000001C001008200C000000100100100D00010807100050000000080000000002000011000100
	114000000080000810000508080000010100440000000030000B0000003F970820081000A800000000080000080802000000000090680000100000010020002840002000402208001800200050200490400000001000040280000400000006008200C818000000900040840000009800005000000240001820000040000400
	200020000020800021022000002820000000A0002400800000120000822080000204002002000080002100001104C000000000005000000A0011004000010000041800879B002820183088000000004008900010000000014010C0205000102000000108404028002000000802000028005000046002801400000004000690
	040000080402008040080010020400B0448001180830000814490002104522000004400400000000003C10002C800023000020000C300000042A0420801000100000A00002000204201100020090002000000418904004080008100100081005004000010902081000A8A31000000000000010000000000008480210000020
	00000900800008001000002080000000044041200018000000000000005800000010000000000200041000000002800048000000000000002000800000020000001000000810000000200400002000000820000000002000090000010100008110000040020000080200008000000000000141000001008000010000000100
	00004001020040000030000000040000321200004010000000109000000000000812104001320000008080000010100000202000482000000800000A000000000A002000000000100200008210042010800000808200201000080000000000028000480000080010100001801400000402000000000000100000000000401A
	200000800000100200000000000080000000000000040000050400002000100020000000000010000009000008080014080800000000AA342010010010A02400200090084000802408208008200230087000A00020480090008200800038000000801082180034000008069082200091500000088008025010080010000800
	80881240301000000010060015806800041000010010000804081208000008002F080108140040048002100408140080003084001820831160021C002800F201088C1001080004100804304800000010040000106001000030051000506E3000114080001020B000900800009400480001280000102840B020002850000000
	004880000808000002000200000E3000200092102002801082000080080210800892000028008880026000120000000250000C000010008000000500100A04020008000800200000084C00204A0004009010000400000094001000800040000010000C00120008881000180020000804205000000011080000081004190090
	0114003F5000000000003000000000000000400A0030009200220080000000801000003080A0002000002000000800108018000000000804000082100040000410300000801000000000100000001810000000800000080011C810040010010010040000001800000000100508010000001000000002000408100200800020
	08802002112006002000258001040420000100041000001000080000000008000040000028000000003100010001000000000004000000200400000040000000800000000000000000000000001002000080000000000000000000000000000100000000000000000000100000000000000000000000000000000000000000
	00000000000000000000000000000000000000000000000088000000000000000000000004000100000000000000400000000000000000000000000000000000000000000000000000000000000000B0D7802C2012000C0C9200204492240868B2240008902401009020090096264940902649128434499200A44BD8002441
	120004C99204054893240D401A004D80D220490090040D0280644D0200004992042045922448693604004892000100960441001624410A942241128490591204A0419204204192040449100001429B0401409A044900D2244100902C0D028060051200604912042045122400613204004812200000B92E802C4812006C4892
	0060489204484892264048922401409224490096244940902449028024491200244B9A002449920424499224044892240540922429009224690090244D0290244D12002469920020499214084996240048B2240148B6244908B6244900B4244902A424491A24244992242049922424599224204A9224214092242900922469
	0090246D0280646D120064691200204912040849122408483224010004AD10000812804008000040000200080802000008009000008010480000000800008008000000080000000A0000048842000418100000DA120400020204080000040C1000000802000008029000080090000812000008163000080420010006200100
	10200100000001032020001200200003002080130400801024004082240110822401001024400210650100002400800025090000200000040101002400480004800017F21000000010000000900000009200000090000000800000208000002090000020000000200002002000100020009000200012000004020000008000
	0000100000008200000090000000800000000010000000000000009000000090000800000048009000000080000800000008000000000000100800000000000000000000900000001000080080000000801008000010000000000800000008000000480000000000FB96121A727278F850D0C2C286929A1290909090D0C028
	82901A24A0A494B0B298982494028232021A1AB2129290F2F2707ED0969E97DAD6B33682043C769686969412161A9E46C6A6A68606ACA880809292D2D21E9696968484A581AF8F97BF99913515319195BD8B89AF8F2B83163E9B17B797BABEB692B70394F1D074939AB6929B739AAEDF1AFFDB4CE840E4C1C1FDD850711030
	010105080801505869606C68696D0019B9121A5252D010C858C80886129A12B8981818D0D00A82801A24A0288828380010068408881A0A1202900098186868707AD0D61A12DED6A3A682063E369E9E5E1C020412864ECEACAA860630A098881A9AD6D29A92BE9E1C2C142103132E1F9DB915351D89BD950F298FAF17093F1F
	8A3A96B6AE1A93B31226D0D0F4D8B39682A69B17BE8AFB1ADAEC41096480E084D93C4045301020000D080C0D7C5C69286C48696D00C8D81A105858B070D85888880C04120A3A1A9898D8D0008AC8426468AC0CAAA8B0B09E0C8A0A1A1A12108A8818087A6A5852D2DE171E5A5EA32782047A3A9A9A58881C0C16965EDEAEAE
	8E8E34B408881A9A5ED2169EBA9A98B88DA9A3A33F1F9DB91575B5F1B59D07230F27BF2B3E1E9FBF9636BA3E37131B27B5B4B410BB171337FA7EBE8B3E5F13373DBD3480A804893D2134201020000D0D0D0C7C1D6C29484464640042FE0A12525238B858D8C0000A02921A9A9A1010D8D0800AC84264E82080A8A8A8988404
	800008081A080000100068487852D0CE12181E4E22A6020622329696100000001A88DECEA62286063CB8188802905AD202080A0AB0B03501AB99033BADB53554BD9D9DB42525270E2F0F153F3A36B717BD1B0A22250314301024B6363513862688AF3E33371304280165A56DAD4905240131212901090D0450596C21204424
	65007CC60800004008000040080000000800000008000000080000084000000800000008000000080000000A0000000A00000408000000080000000000000400000008000000080000000800000408000000080000000804900008002000080024000800240000002400080024000000240008002401000000110024008000
	2400000024010000240100002C010000640100006401000020010000080100040801200400010000321D1000005828C0000458009022008092001080400010021250A0108000301220002400200200000012302002000266D0000640CA0404448080020080041002849600040600840000001202808000108A809008860814
	000C3020851381002101201505004401110128890308300600003E04A084A220B0223A4800006088003182800012A2081B4C00A14010086040BC801000083001000000000148400048292C200C001E60020210225030001080C00280101000E2001002102088288204840094000080188020820820203200008200B08C0024
	345016101040020424908206420014380002122882528286028400103000800012221400860200108481100820ABD0001D40D8C92124A0001504A4028D281A1A001013120C880A00843048E490129206201002001CF00012F65090A8809D08401044410008000000280800041040200041404000F1B8001842008000D44000
	02005C8008001008001080823080201000142802A0102040000020020000280210B00830900A42000024C292101210040010380200020094809010001408A000840C00900430004082001000A2000010200416040A180020201018980C00822208010210250000A204001012019C008412180C2000000422102C0002802000
	0808043400900024201030002808080400082008280100000801004CF20A000000400000000410000020000020000000000000000000040020000002202400100000008000000000800040000000020000011010000800000040000080000000000004008080060000000004000000A0008020000000040000080000000000
	00000290000010A0000080201008002000008000000008800110000008000000600080000000000020000000200000000000040800002000000000000000000800844C1000020000000400000004800880020010000040201020000000000020000010000000200000100000100000100000A8000084000000000000840C02
	00000010000000000200000000000000000000003042080400020014000000100002100004C0001000000000020800080A0000000210000002000000000000000200800012008000010000000000800000004400000000200000000808000000000024004020006A7200100000802000000000000000000000000000000000
	00801000900000020000000000000002002020002010000200440044004000408000000000000000000080140000000000000000100000100000000000800000001010200000002400000020080024000000000000008000000020000000000000204000A80000002000000000000000000000402800100000200000000800
	00000000000000000008000800001C7C000200400010004004000000200000100000001002000000000000001080000000000020000080020010000200000002000010008002002208109020000000020000080000000020008408200000060000002000000400000000000400800108140000010208000118040001000400
	000000020808000204001050040010010000002000001A0440180004000041180000000010040000200000081000200000000100C45400001000000000100080001200900080801000800000001220000800000028000000020820000000800000000420003000020002000404000002000004000004000080104480080000
	0000800084089000840002000080008100020111000000094000400100080201000010100110008104900000100008080000008000000080000A040000000801800080880084000000000000080004000040004000000100000027540000002048000014000010200000001000000210200000000000048000000000000080
	00000002080000000000000000401000805000001000001000100000200000002000000004000000000000000010003000000000000000880400082008000004008010A4000020008800200400100000000020009010000040000000000000100800C060000090000000000000000020000100080008000000000000000000
	0053640000180000208000400A080000004000000800000090006080000000000000000040000020000000020008008030001000002014000000000080400002009A00020086101000020000000004000020000208000002000800001010000240100000105000000000100000002308100822000204000003000000000000
	2010100600020000100000122000081000000000344000100000000000000C20280020000040006F5700004000000040000400400000000200000000000A00801080041400000000900000000000000020000010A00C8000400400004802008000020000000002000406100000008000000010800000908000000000000000
	0004002120010021040120012080042100008005040000000000000000801880A0000000208880080000100000000000A010000000048830108000500000000000000000400001080840000000E00B00000200009000004080820000108000000000000080000A100000000230000020800200000000102200000000020600
	10000002040000040000020410000000800000021002008200020010000000120080000610000020008000020080000000000801080000010200000206000200800412242000120C2244040002002204200006102A000600400800104400000001000800200000000100000040000001000400178010080080800C08000020
	0800000008002000400020410000000000808000002000000000000000000010820000001000000040200010000000C000200110102040000000200000600000000000021000081002000012804800001000000090000802040008100000000024011000000010002018000020921000000000000000802000800000401000
	0504101001000002004000004008000001400000010010040000EA6920000010200012000018004040021040080002100004005008240001180010480000080408001002080200000040048820108000000410000400140208A000002000A01410440A00000422040010400000001508000000060820400C00100820000018
	0000000028086008000068790001604400040900008000086400500110040001281002200B020008400000011210000018002000000018001008242A00080000E54A00008000080002001000000000000040080012400001000028000000000010600000000000000002000A80000000140000002000000000000000000080
	000000000020001000080000002002020000000000000000000002080004001000008000080004000000000000000010000800000154080400801000804000000000108000000000001300000010001000000102000000600000000000000008000800040000DE3908000000A0000000080004084000280000000000600000
	00000001000890000800020004080010000090020000400088100000000004000084400C02204920000000108000040000040000041400000010080906220088040000000000000830000010000008000A204015000068C0010000000000090000001008040050000004080020500200080204004400001002100004100000
	0008180020500004000008000094FF201010000400081020004400000220102000000000045000000400800000000000020800000000000000000000000000200000C0100000100000201000501000006004000060422000000000040040100000100030000040200048100000000000020008100000200800182000001020
	601000200000200200000020000001000020088100002040010000080100000000004008000000000100200021003002000000AD261000000010000000084058001008003A18000000048000002000002800800008000020000201006200020000000800040220000410020204003000060002162000720002028020144402
	00000001221008120400006410284000040008022400080004000020000802000034124002700020000002000040022040008200A01080000010020804102900402001080000390000010008000000000024000940220000007A784000000000082A1000000080020040004000000A10000200019480000100402008000000
	00000010044000004100000000000000804C100000020000900000800084008000500000802000980002000000000002001200000401000004400000500040280400A000000400000C000001020400278000020100141006200000020204000020040000000000041002008000000000001000000408004000140419000900
	D0E300400000100002280008D00808000A500018080004000002241108200000004800080000020160100000000000480000220000004004001202200000108214A004D200020200340006A00080000010221008000442142000410000040A4020041840086404200088000624004412205224022400800000030030440220
	82023002840000002C0004000020040A10008020180000000800000008044018041748090000B8A110000000000800100040000012000000004000029000000080000080800100200000002000000200044200000001000400000004009A000400100204000002002000800040900000400010080102000000020200000010
	08000400000004000000000000000020000000000008000001000000030200004002040010000000800000001002000010002940000001000000010100100000000400000000010020000000C6D10000000000000000004008800000408200000002B000001200000014000000200040000020000020240002000001080004
	00000000108020041000000000002020101008008080000000000000000000090000000000000001000000010000010100000001000000000000000800000000000000080000000000008010002090000120000000000000400000000000800000410000000000000000140000000000090007D80020011808300880200200
	4418000038100840280000014828100020180000000802208008100200588000A028001020180084300A8000030200320880180042000C400000180000A018003020802040308400000418003030080120002200281008402C0018096220000071012041A00020116004201C0124184C00A4010400240803042C4002582D00
	00103480400024100010281008150014006000041000200400F332000001183000800800000008000082180010000AA0000150082000140800000048008000080000000810000008210000080000B01800020000120000100820000028004090080000802800008000400011880000001C0020010800212102012001080820
	11002841200041200000002000000070240800040430088024000080240100012C00100A24411000241040002410000020000100001410000004008029040030E1002000000008000040224080100840000008600000100A00001000201000002000000020200022002440802200001820041004000082A000040032008000
	00021400100800008000100000302000002000000000000010003000000000000800001004400800000000000000210801402000000100000019080000441080142000000620000000400008000000800080000050010810100800000440000000100080008F95010001000000000004000000200000000000000000000000
	01000000000000200000000000008000400000400000000000000000000000000800000040000000000000000000200000000000000004000000200000000000000000000000000000000000000000000000000000000000000000000010000000000000000000000000400000000000000000000000004000000000040002
	000000000000200000000400E864802420121064608214604482340020A2104040863401408234014186264040B02641518030039004A4439020204391240043D2240140932409409A2C4100D2246100920561028204411200204192062045962600618022000090A240400020080892A040021022491280305A9200A04901
	0020CA020000C9132000C80B2000C01A214880C0204802902140020221489210204812162044162008691230004912200000237982244812122448921220489216004892364048923601409236090092244900902449038024491200244992002049920400499224004A9224014292240902922469029024690290244D1200
	244992002049921600499226004896360140963409099624490094244903842449120424499304205B92040059922400589224015092250990922549129025491280244912002549120021491204084912240048122401009F0380240000000000908000001000400090000000902000409080000030000000808000002020
	00000000500000008080040410000000820020048080000410800004009000440080000000900040020020000010000004300000022000000220000802304000100040402020004200200801002053430000100020004050200000102000000020011002604082002000100060400000200800004041100000000200C000DD
	F5000004000000000000000000000000000000000000000004000000000000000400000004000040000000000400000000000000000000400020000000000000000000000000000000000000400000904000008000000080000000000000008000010010000100000001000000010000000000000000000000000000020000
	00020000008200010082000000000000000002090000000100001000000000000000120000D98CA62E42C62A3EF0F0A2B24460DA4A0090A6B600003E26EAF8F6E66A70ED6520EC24E42E2638A07A3AF070A6A6A4A4BE3E11914446C04485C646461C369616888E07073E3ED6DEA62E02C25EDED2F2F2F296928C1EB696A496
	50F04D452A0A2B8B85E15C5D395929094F2B0F4E2140AB0A5D3983CD3F599DAB4401AACC137A94A094D0BA9F57339DA8C98AEB8F14701E3B4303781B097B0F135010791909491E1E5B1F006FB4060EC640B2A2687A3A2A5402C252288A3E2E1002AEB6606076662C74AD6520AC26E42E0278603212F4342E2E2828B6360191
	0C4EC86C0504C2C218308616480C83833030120AA62E46C6D2D2FADAD87896120210381A8C9EB0904B630C2C81816D0918795D3D4B092F4A1B2B4525CB0A3C5987A95A38F98F20488EA85114F28638001DA85111BBCEAACE8F2B521233572247193B581B1F530C443D0D59191A5A0B4F00A2DEAAA2EE6EA6B6D8DA1A0A7C4E
	42D2B89A3E2E1C06869E96962A3E126E0DC988C0A26C822EFC7C16369C8C0E0E080892929D0D0E8E48CE83C3C2C21EBE1A8AC2868B8B36364A5AA8A08A0A06D6DAFA3A7A1A8E04163A3AAAB86EC4C7EF8EAE29ADA0C5DDF5D5BD6325234F54654F2FE9AD315FC1EF563AF2842546CCEA7B37F286FC948DA97E77B3C6ABC64F
	6BECB4BBDE3B5F517269330D5D145475754D0610521D5500243FAE0666E03E2AEAFAA2B2F2921A8A8A9AA6B69E96362EAE9CA296D2CC6DEDA8E4A068820E6C6C0E0E3424A6A6A8A8BEBE8101428248EE80A2424214B60A8A80860303BCBCCACAACA4864608DA6ACA107012920E0C080A22904EE4E5EDA28223074A27ADF5B0
	D96145422F25652B4B694D402FA5EB224AC6E0642AA8CE0666C4E0B622AB8F0F22C5E0EEA66B0F8CE0D5E175367113096259594C0C4101094146465F1700522508008000088200000892000008920000089200000892000840960008408000084080000840000008000000088000000880000008C200040082000000820008
	008200080080000800800008000000080000000800100008022440080224000002240009002440000024400100244002002450020020500224004002240050022400900225001002244000002440000025400000214000020040000400400004004000002A2B040084800A0050001002040002001000000012000292120010
	A272140024400420000804204470000014000800201600009442022420410600401040001000400104102050102024008418428002904000028E120490000042800000122880034184181304000800214008004120000018401003401011140110000048403400801033808001163441402080008005110203200810000002
	000820090200020000010053860028010030840220080000400802004026900000100020000000000080002C408220064000200208546024000000201410000008004200402206000A1E8200028000001480024008124000100090088090301000920006000010000220000800082001000871011148250000264109006030
	0D00186100008800240810080004108084341008000900098100001A102E484010334358081450000500001B0000005A007F51220243040432000022907200D050020018060000242C002826000C6006030000044420201100007000000200800400080001044400802020800004340000040402022C02004404004002C280
	726000120484008420009880B020400984000088B0480008F100000A02021109000000898107000CA0002C2B4048002680100231000008090112290082920E2E50402A0001000B00000111080850181041401C9A5000001C050000400000004000060060003000000002000000120000000010100000000204400410000000
	C000004002000000020000000000010000000820002042000000000000000000002000000200805004000010240000000000001000000000000000000000020000021001000080000000810802000000000000400102004008000080401000000010008000000000000000010100040000003000000000010000008000CF14
	032001001000000010000000020000001020000020040000000400088000004800000008004010020000000000000000100000008000044000000800900000040001200050000000400010000000C010040080100000100060000001200000008020000850000000200000000042800000400000500000240081002C900000
	24100000801000240000012A80000000100040000000010410400000000000100000100077920002040000140000000000000000000004000000000000000000004000040204000004400000400000040400000000000000064000000040000400000200000000040000000240000000400002000000800200008000000400
	80000000040088080001000400010800000009040000080000000900000008000800000000080000000000000008020000008000020A0000010802010000020000080000020A00000200FC46000000000080000000800000080000000000000000920000002000000000400020000000200000000000000000000004001400
	00004020000A400004400000400000040200000000000202900020040200000880100000800000000000000003000000000200000002000000A0010000004000000081000400000004000000000000000201000000000000000040000100020010440000000040001000000000400000044300000080082000000800000000
	4000008A000000000000000080000000030000000002200000000000000000000010000001000020000000000010001008000000001008001004000000080000000800000000000000080000000000082000000020100000400000200000000000010030000000200001000000000000000020000000098000000140000100
	0010000000400020000009000000010400000004018000259E000000000220002010204400220000001400001004002000020004000000220000020000000020001000200004002000000004000000220180004400000000008200040004000020440000000012801000801004008400002000004200000000000000031100
	0000000000080040000001000010100000301000000000480A1400008910000000100280080200000102000000100010080000000020401000000010009A4500000200000010020200001210000010000000020020000800002000000000000000000021000008000000088020080000000800000000000000000000000000
	0000000000800000000000008000000030000200200000000200000000000000400000002080001040010011000000000000000400400000004000200010000100000024000200250110240000003400000800000000000018000009000100080000003ABB0420040004000000000000000000400000000000000020002002
	4210000000000400000400140000204000000000040000000200002000000002020004000000000200004000040002100000400000000004200000100000009000000002880089040000080001080806000000010801220408050800001908000000080000100080002000080800400A00044008002C020000000208001000
	00000000080200400800FB2B08000080020000000000000040800200000000000800001200000420240200002080002000001020041000000000100000800040040200000000001000000600000020100000080080004080002000000000020002000280000008008010000010401800210000000040000000200000001000
	00002000020000000000000000100004000110000000000000900000000000280310400000000800100042001000000059640000000000000000000040009000000000404006000000200000402000404004000040040040002000004200000208000000000020000000201010000000002000020200001000406012020800
	0080000002000040002048000000480004000100000008000000004000000041000003000000000000000048000002000000009000089012010100000000000000000010400000004040001400081002000110040100BEAC002852202010A80012000080000002002080001020081040280400020430180021040002000854
	00780104104020040010022002004420100000000600021480000880000220200880004004120062100840000202108000100200003000300024024410210000402802002C0020086000004820041040210002000C142011440200002300004020002000084028520001021008002000020002004120084000002000DCDD00
	08001000100008100000400000020080000000000800400000000000001000010004000000241000000042000000080200200000200020000000000000040002000000000000084220400202102210400000000200C80000100000200000012400080000000000086004000000022000000000100000000000000000200000
	0000A801000000010000000000000002001000000000000000000000000200010020006D80000020400000002000020480002000000000000000000010000002000004000000260000180000001000000042000000000000000400001110200C10004220000000800020000000900000040000008004000000304000000200
	4000000000200002000000000042000010202040008100002800000000210000000A000105400098100010024020002000002000000000000C00002002001004280000084000010000E7A3002000022000800000000400108020000060560000202000280420405020004C0002400240000040680110040020040000100200
	00400001000002000040108000080200120040200000080000000040060800020000002000000800001410000000401400210002000210080001084000004000040040000248000410041000000A00020001000000000800480040104201001040000040000220510020100000040065650030000008004010000000101000
	00B000101000801000B004000050400010000000020044000A2004100280000002800412000000004000000000080000A0000002800010020000000000600001C00000044080020020100840A410000020000000308020000000010020102000200060000100020000002200002000220000002024120422840000A2208002
	2100200020001000200004000008100000000300000058610A808000902280001000000800020802000A00080002044002002000000000200000000022004001000020002300040000000010800014200290000000100400600400008020801C00208210082000000002000200080400002100026409048004430400045800
	0004400600060014000401022024400080004000100004020000110000000000004005001040100000500000004110000051000044510410004900007737A21880000090108000001800021008001A0018000092906400065020400030000000000206600862100400A2022180020002100000802044801000000010200000
	64008012A01880000010C0010840800002008202000024480114A20040002004410030040800000440002402001024044001202004000022002000260002003000142004220400650000003200002020400000610000005000500041140300090000FC3F000000000228400010000000000000920000000000000000000000
	00000000000000000000000100000000000000000404100000000010000002000000008004000200000000000420000220200000000000004008001000002000000924840000028400403000000100000200240000012000024200008040000010000000000001000200000080820020900041000010000010100000000001
	080400000010004000A1F200000000000000000000000200000000900001001001000000080004004000200040000000400220004202000000000000C0002020400000001000000010022020001000000000004000000400000200000000000082000000000000002000000000000000200001002420000004000100042000
	0020200280000000000020000000211090000400020004001000000000000000000000000000000000000002040800A6D6040201000010100200C0804C041000B040262000040000020400000003008040042382010718000004800080034004C00100011002002600400262080120010012010120502082008210E8010A40
	01800114010201600104E3000000420800020A40000001000082000A01102802008028400241100210000000002020011000420800002004000090000210000083000010000100000A04080002200000240110000063BA040001001000001200400200000090004034000001000000000C04000100C0002001020003000020
	06000000400040800140002002000400120000200000000002210020500000004000448802080000011000000080000402A0000002000000024000002001010000060000000E010000040000200212200080002000000020020000109400040080000610100002000000000000000200080000000000250008100053890002
	000000000000800008C00014000080022100001402000000000040002000004481000C4002004000800203000400008010002040200200400002013022010010100120000082009221000040820100000201400300010041000028400200080000000000800000280021002000006008214210000000000000002000100000
	000021002000000210000000000081001001000000000800000002000000020004008E3701000100000000000000000020000000000000000000000000000000000002000000000000008000000000000000000000000000010000000000000040000000000000000000200000000000000004000000000000000000000000
	000000000000000000000000001000000080000000000008000000000000000000200008000000400000000000000000000000000000000000000000000000000000000000000000553F002400920224009006000490260060B096000104260141802608089400410B94A4431B0414509A04A441DB000001100400CB902401
	4A9924014288254802D025480292254900820509100261489016290C84A641283220414892220041922208409220094B9022005380300AD000800BD300200AC304001849040092C30009120800489240010892124109808060081200400C0200400C0224412822224100022249001C1A802C4892022C489202204892060848
	922608489236014192260900922449009024490380244912002449D20020499204004B9224204A9224214292242912922569029025690280244D120064499202214992044149922441499624094096240940B6244940B4244942A4244952242449D3242049D3040049D2242448D22401409224090092254D0092644D028064
	491200654912006149120440491224404816244100542B0200081210040000800008000400000000000000800000000000001000400000004000000040410004131000008050000000000000500000005000000000000004101040400000042080000060008000000000000000220040100009002080400180000000908000
	00000000000000000000000000240000000004000000000000010000000004000000000002240180000000020001000000000000000000002400008EB6004000008000000000000000800000000040000000000000104000008000000000000000000201000000000400000000200000002080000020800000208000002080
	000020801000008080000000000000000000000000000100900000009000000080000000000000000000010000000100008000000082000000000000008000000000000000000000001000010000000000000200000002000000000000200000003957AC2C5CCE24BC3AFEA2A2C8E88888A2C6B6B66D6DA3A1C0C36D6F145C
	EC6CACEC253547073E6F175EB727D898B1713070B292D0A03252B252913188008302D39395B4D797579316D613B3C7874B8A89D99591D28343133677222B7EAFC2B293F3A6A3C5E5F8F8093926A257472362A120A7A3C7C696D29282723B8ECED35E93033F3796A65232D7E730346565A387B3B25554701733731733525273
	1332721A1A6D6100B751EC6C5CDC2A3E48D8606044C88A8AA0C4B4B44D4DA3A1C0C36C6E5C14A4ECC08067250E4C3625571EF7279CDC31315010F29290E0A000F110D3338800A1A07030177692D233B3F236977783C3A3AAF0B895D090C023126424286832EB8636C383E7E3119124A40B0966E2330327678120E7E3878796
	D69290723A9EDE171690113F3796B65232F7F734342524E5E5B3B204047111206117130202731322623A3A2D2500F2F8A4A6D85224340E1A8080ECC00282A2A694944848A0A2C2437F7D12584848C080F7A58FCF7C7D4A02FEA790D0D9D95212F09090E0D0F0F3B2638388A8A1A0F3F3B3C297F77763E4B6A0D286E6E3E2E1
	B181C592C3635360232E470C7DD6D66125636775753C3C3325E26675556727E1A56367E5E566265282236AD0D08B0713020F0D9684426293A3C0E4F0F16367B1B2050445404303270702026363402200022D2100B6F8E4E4D050223648586262424200044266F6F64A4A202242C33E7C5A1020EC88C8E9E9C2802C6D0A427A
	63D08039791252E0D0D2A28262B272614182228382B2B2F1D0D0B0510120766446C0A0C188307841C0D080431230707C7C4C35D21291F5B3B74565707041652226656563234125A327E565E624D290226AD0D042425050272596B40020B1B1E0E0F0F0A121F172444471516100535340425353402250726961003067000080
	08000000402002000800020000002200000002000000020000002400480000004800000048000000480020004002000040022000400220000002200000022040000020400000204000002840001000400000004010040840102400401024400010244008002440000024400000044000002050000000500800045000002010
	0000001000006400100044000000400010016000100040001000400010084004009F1710A25C1490245210002280080802000864404800A2000001014100000280000000000100040148100400C400A01810400000004000101841008008C0038030802300714001B022C02005808001009881015151410180001303080889
	008000018344C1800400002000224020032041A1218040811486419258004000B640C120102400231022404000A00561868003C3012107610060014040000340000000600000006B3B4008000A00880820C04002800408060400062280010012C0640C12582000200020074602210600400185008000006202301001823200
	00828000A01280210103101500040604500002D0004202804000A6040000004066400823B04080004000200100212000C009800400010401000080430404400080008302000800840091C10300108004222010040000400700100212001001120002001000120274281044040088490A1402800C128084008048008084C0C0
	000000100080C100020048008402C4CC020080490200110020101050508180100000D0018080E010230000000000005080008493000000149000400080210158008000020023012020004100062200F0002202108068028022C000006000000002248100820012000020140400001200000030006000151404002204212080
	00400420020001001002020000200002002009009AE50000000018008000240000002800004000000040002000400028100000200280010010400200800000000080100010000000800101001080080000004000100000004001110000000000000000004011002020000000000008008020A0000000010001000220800010
	000000E0010000000000004000009240080500008408800104401200000000000420000104000002200000040102002200010000200000042000BA8B001040008000005000800008000080000000000800008000014000000002044000000200050011080000104088000000000010001020400100A0000000810100002180
	140004000000900040000100000000004120000001002240010000010000000200000000000000000000020081000001800600000081000000000001104000000000000000200001000000018000000020000000000000000000000020010800FEA54220080000000000004000C08000000040000000000000004000000000
	80000000000000000000000020000020000000000000000000000000800080000000000000020004200000000000402080800000014000010000140000008000041000000000000440800000000000240000000080000000808002002000000000802000002000002020401000000000600010004011200001100040000210
	000020004000002985000002002004002000000000000400000020A0100000010000000008020022080000000020008000000144000090204000000000930000000100000040000000020001000000004000000000000000011004200000800000000000080000400040000000082000010000000080000000002100000010
	00000010000000100000A010000000100000000020000080000206100002201200010012000000100000000000F1A00004001002000800020000000000000004000000000000000004000000040000002244000200000080040000010000820000000000004000000000400000004000000000000004100000800000004000
	00800002020021000000000000020000000380000000000802800001000000000200800000000000000200080200020000000000800400010000000000008000000100000000000000000000000018000000001184881000180814001080000008000A00440002000000801000000010400000024000000001000010000000
	000000000000001000000000000002000098002001808010C000000000008400000000800800000421000000220000010000000000800022100002802000C020000000012040400000408000004000000044402000400000000020024004000040042100410000004000000040000000400000004000000000035600000204
	80000004000000000000000800000000000000000000000000000004000080080001400000000080004000000000014000000080000000200083000004002004000200000002000200000010000000000100400000200140020020000000010000000040020000000000000000020004040011000200100000001000030010
	00000012000000000000020002000001000000000000000200040000000000000DC60000008000008000004080000400000400400000000200C0000200008000028000000300000000000401000000000000201000C08000002800000000400000000010000000000022210000800200800040021000400002400300100080
	00000000842080000000000004200000000100000500050200000000000000008401000000210000402410040002000000000000000200004000000000000000600000000000085B08020004000002000000000200808002040000028100000305004802000000000600000004004000001010000000124000000200000012
	00000002000000320001001000008040900050000000010008018000000000000000080008000040002000400000000200200000400000000000A000000000000000000000000000000000000000000000800004010680000001000004000000000000000000020002040000F45B0040000202000000000008020000080004
	00001012400004144900041000081000404000000800040000020000100A0020000200000000000000000028000000000202004400022004000200000000600900000000800000001000000000A04100A000010000200000002000002000038204000000000010100020500200000000200100000500120200000000000002
	002001000000000000010000000040000600005B9C0800200408000010104280000000021000002200010450000002000044002100000400020006400009440450422800045201000002142002244386000200020410C18000020090004820184040001000C000000008000422410201000200000800050000900105000102
	00000104002001000004014C83402440080240000021001502000020002101C04027A000040901446000012040010402004002401001280000E61900080002000A00100010800000000008000000221001000000010000140001280000004000004000000000001000000C0000000200020000040080000000000000800000
	0000000060000000000000008040000000080020001000000000008080040000000000040000000020000000020000000004900000100020000000000000000005001000008006000020040200000000000001000000000042004001080200C26A000000200000000002400C00000020000000001000005000400800000000
	0000000202001000000440801200200002000110000000100021020008020A4002004000800000400290000C40004000200004000000200004000100000000000800000000000100000200001000010000A200050000000000410000400840010000000D000140000100000000000080000000000400200000000204600000
	0010000004003A454000000400000000000006000020120000040000004604001006040040000010004600000A04000008054004024800006200000004000003214008040020040013000200020400200000001A00004010010800002080020002400100020021400021000190000122000300200004010080000004480102
	0044201200000201200030020000200220004341200000080101642041000100400001000000000000200000AEDE0006180000000000800048000000803004000110A0100214800004000C0040202400000000510001420000080210114400624A00007000400420000100100100009A400000826002402000000002004100
	060100002122100010000040808400098400040000000001200440030001044000040000000000100004000000008006000000002004000024000000018000000000120000005010000020000040100500002F8F800000000002081000000000000408020000080000010100000202C0008090050000000000000402200042
	04000000000000000000020000000280008008040000600100000001000018884000200002100000480000084001000004000000414000000001000000000000000020002000000040050204000000408000200002000000001200000002080220000040040006080000200000000040100001000400000020F08400100800
	0000088000000800048002000400010080060180020600088431C40004000040000006400048001002450000200208120040000220810000880001A8024100008040000820004000204300021040010001007800100000000000C40508040001000000002100402003010400400044000304001000C4000000800204020000
	02000004080002200000800402001A00000050000010401000015400010400ED1002000000020000100000400000000810000008103001001000004080000000002000000000010100200202040000100000424000204000000400000000100004401000000002022140108008000200000000000800000200010004004080
	000140800000000000000000040000002000000000000004000000000000002000000000000010200000022400000001400000040000002000000000000000000000000000E498100000100000080002000080000008000000000000080000A001001020010800040100000400000004400020004A00200002000000008000
	0000000000000200010010040110000000020000000000000000000000020401080002004004000000008001000000000100000000000000020000400204000100040000000004408200010000080400002000000001001000600100000000001000000020004010040000A89D02E000081240000000004810020000100024
	00920064000200044002008000004880E00202412008100302800001820010008010004000005002020000280000400000402802040048004400002000004800000400000000200004400800040028000000004121000002010020000500090001000000200000000210120011000020002000002140000400010010200010
	06480020480000000450000000020020000046EB8000001000020008000200D8000200000004000208000000018402502081080000C0004000000820034020024208A0020200008000008000020000000000000001005004081100000040000000000000000800000200040100200600000000002800800000400020010000
	0100200004000940010002002100041000020004400000002000000021200001000110003000524001000800000010001020000200002000D68642300800401000000000000000001800200080100064000220000000000000000C012082064100001004800000010000100010000040000050000002002800024000000022
	000400000A4004002000000040000400000000080040000C4000040000000100010100020000000000000102000000040000000000020000101100822001000800400400040000000000000420000820400000040040000000401004000041F600000000000800000000000000000000000000010000000000000000000000
	00000000000000000000000000000000104000000000000000000000000000000000000000000000000000000000000000000000000000100000000000000000000000000000000000000000000000000000000000000000000000000000000000000000000000000000000000000000000000000000000000000000000000
	0040000000F23F000004200000002400000004000000200000020000040400020080000200100010008000000000100380100080008000014000090008000000000000080000004008000800080400000400000400000000000000000000000600000400000000000000020000000000020000000002000000000040004000
	00000000000000410000000000404000010000002000000040040400000020000000002000002400300400E73600400000600400000000000000000000200204000002200000A00020009080000000000000100000100000010003400110800080000000404000000800000801000004004004000040000000000000000000
	0000000000020000000000060000000000000000000000000002010000000100000100000000000000000001000000000000000000000000042000404000000000000020000000000400002000000200001EB81C028000001000021000000800040480040020012000000110000200000100000288020000A60401000000A2
	00081028040000000000080401000002000000400490000000000840800040020002000000080C0004004805004008000000000000020001000006000000044000040001060000020001210000000040400420002240000200000104004000401000240000100002000000000400400000444002400000B544200040008000
	000000A0003000000800004040001048081200404011000040000004004000000220000004080010000008000040408001000000004101020010010282418010000000000004010000000400000000080000000002000000020041000000000000000000000002000000000004000000000001402000000200000100010001
	00000006000000040000002200002000000500000000000002010000000053AC204A046050A40006201014000400208C460002052850182400420172910010000094C200140002018002019600900009950800C9084001040040410200001148884106885000000C8440400605000000000000080C00024406400A00000200
	0042000102000002000200044000060102050002054001016040014000410000410023000201000044460120000000204404320422000020000000204400040461024000364D140000800000200080002800000000000020402002040300902080000200C000000A0000A002003401100820090240B0400000000080480000
	010008000B000004120041048800400000000000020000080400040000000900000004000402000100000000000400000000020100000000020000000000000000200002042000400000010040000100000440344000000040000020000104000400000260020010240013B000000000000000000000000000000000000000
	00000000000000000000000000000000000000000000000000000000000000000000000000000000000000000000000000000000000000000000000000000000000000000000000000000000000000000000000000000000000000000000000000000000000000000000000000000000000000000000000000000000000000
	000000000000000000000000000000000013B0000000000000000000000000000000000000000000000000000000000000000000000000000000000000000000000000000000000000000000000000000000000000000000000000000000000000000000000000000000000000000000000000000000000000000000000000
	0000000000000000000000000000000000000000000000000000000000000000000000000000000000000000000000000000000000000013B000000000000000000000000000000000000000000000000000000000000000000000000000000000000000000000000000000000000000000000000000000000000000000000
	00000000000000000000000000000000000000000000000000000000000000000000000000000000000000000000000000000000000000000000000000000000000000000000000000000000000000000000000000000000000000000013B00000000000000000000000000000000000000000000000000000000000000000
	00000000000000000000000000000000000000000000000000000000000000000000000000000000000000000000000000000000000000000000000000000000000000000000000000000000000000000000000000000000000000000000000000000000000000000000000000000000000000000000000000000000000000
	0000000013B000000000000000000000000000000000000000000000000000000000000000000000000000000000000000000000000000000000000000000000000000000000000000000000000000000000000000000000000000000000000000000000000000000000000000000000000000000000000000000000000000
	00000000000000000000000000000000000000000000000000000000000000000000000000000000000013B00000000000000000000000000000000000000000000000000000000000000000000000000000000000000000000000000000000000000000000000000000000000000000000000000000000000000000000000
	000000000000000000000000000000000000000000000000000000000000000000000000000000000000000000000000000000000000000000000000000000000000000000000000000000000000000013B0000000000000000000000000000000000000000000000000000000000000000000000000000000000000000000
	0000000000000000000000000000000000000000000000000000000000000000000000000000000000000000000000000000000000000000000000000000000000000000000000000000000000000000000000000000000000000000000000000000000000000000000000000000000000000000000013B000000000000000
	00000000000000000000000000000000000000000000000000000000000000000000000000000000000000000000000000000000000000000000000000000000000000000000000000000000000000000000000000000000000000000000000000000000000000000000000000000000000000000000000000000000000000
	000000000000000000000000000000000000000000000000000000000013B0000000000000000000000000000000000000000000000000000000000000000000000000000000000000000000000000000000000000000000000000000000000000000000000000000000000000000000000000000000000000000000000000
	0000000000000000000000000000000000000000000000000000000000000000000000000000000000000000000000000000000000000000000000000000000000000013B000000000000000000000000000000000000000000000000000000000000000000000000000000000000000000000000000000000000000000000
	00000000000000000000000000000000000000000000000000000000000000000000000000000000000000000000000000000000000000000000000000000000000000000000000000000000000000000000000000000000000000000000000000000000000000000013B00000000000000000000000000000000000000000
	00000000000000000000000000000000000000000000000000000000000000000000000000000000000000000000000000000000000000000000000000000000000000000000000000000000000000000000000000000000000000000000000000000000000000000000000000000000000000000000000000000000000000
	0000000000000000000000000000000013B000000000000000000000000000000000000000000000000000000000000000000000000000000000000000000000000000000000000000000000000000000000000000000000000000000000000000000000000000000000000000000000000000000000000000000000000000
	00000000000000000000000000000000000000000000000000000000000000000000000000000000000000000000000000000000000013B00000000000000000000000000000000000000000000000000000000000000000000000000000000000000000000000000000000000000000000000000000000000000000000000
	000000000000000000000000000000000000000000000000000000000000000000000000000000000000000000000000000000000000000000000000000000000000000000000000000000000000000000000000000000000000000013B0000000000000000000000000000000000000000000000000000000000000000000
	00000000000000000000000000000000000000000000000000000000000000000000000000000000000000000000000000000000000000000000000000000000000000000000000000000000000000000000000000000000000000000000000000000000000000000000000000000000000000000000000000000000000000
	00000013B00000000000000000000000000000000000000000000000000000000000000000000000000000000000000000000000000000000000000000000000000000000000000000000000000000000000000000000000000000000000000000000000000000000000000000000000000000000000000000000000000000
	000000000000000000000000000000000000000000000000000000000000000000000000000000000013B0000000000000000000000000000000000000000000000000000000000000000000000000000000000000000000000000000000000000000000000000000000000000000000000000000000000000000000000000
	0000000000000000000000000000000000000000000000000000000000000000000000000000000000000000000000000000000000000000000000000000000000000000000000000000000000000013B000000000000000000000000000000000000000000000000000000000000000000000000000000000000000000000
	00000000000000000000000000000000000000000000000000000000000000000000000000000000000000000000000000000000000000000000000000000000000000000000000000000000000000000000000000000000000000000000000000000000000000000000000000000000000000000013B00000000000000000
	00000000000000000000000000000000000000000000000000000000000000000000000000000000000000000000000000000000000000000000000000000000000000000000000000000000000000000000000000000000000000000000000000000000000000000000000000000000000000000000000000000000000000
	0000000000000000000000000000000000000000000000000000000013B000000000000000000000000000000000000000000000000000000000000000000000000000000000000000000000000000000000000000000000000000000000000000000000000000000000000000000000000000000000000000000000000000
	00000000000000000000000000000000000000000000000000000000000000000000000000000000000000000000000000000000000000000000000000000000000013B00000000000000000000000000000000000000000000000000000000000000000000000000000000000000000000000000000000000000000000000
	000000000000000000000000000000000000000000000000000000000000000000000000000000000000000000000000000000000000000000000000000000000000000000000000000000000000000000000000000000000000000000000000000000000000000013B0000000000000000000000000000000000000000000
	00000000000000000000000000000000000000000000000000000000000000000000000000000000000000000000000000000000000000000000000000000000000000000000000000000000000000000000000000000000000000000000000000000000000000000000000000000000000000000000000000000000000000
	00000000000000000000000000000013B00000000000000000000000000000000000000000000000000000000000000000000000000000000000000000000000000000000000000000000000000000000000000000000000000000000000000000000000000000000000000000000000000000000000000000000000000000
	000000000000000000000000000000000000000000000000000000000000000000000000000000000000000000000000000000000013B0000000000000000000000000000000000000000000000000000000000000000000000000000000000000000000000000000000000000000000000000000000000000000000000000
	0000000000000000000000000000000000000000000000000000000000000000000000000000000000000000000000000000000000000000000000000000000000000000000000000000000000000000000000000000000000000013B000000000000000000000000000000000000000000000000000000000000000000000
	00000000000000000000000000000000000000000000000000000000000000000000000000000000000000000000000000000000000000000000000000000000000000000000000000000000000000000000000000000000000000000000000000000000000000000000000000000000000000000000000000000000000000
	000013B0000000000000000000000000000000000000000000000000000000000000000000000000000000000000000000000000000000000000000000000000000000000000000000000000000000000000000000000000000000000000000000000000000000000000000000000000000000000000000000000000000000
	0000000000000000000000000000000000000000000000000000000000000000000000000000000013B000000000000000000000000000000000000000000000000000000000000000000000000000000000000000000000000000000000000000000000000000000000000000000000000000000000000000000000000000
	00000000000000000000000000000000000000000000000000000000000000000000000000000000000000000000000000000000000000000000000000000000000000000000000000000000000013B00000000000000000000000000000000000000000000000000000000000000000000000000000000000000000000000
	000000000000000000000000000000000000000000000000000000000000000000000000000000000000000000000000000000000000000000000000000000000000000000000000000000000000000000000000000000000000000000000000000000000000000000000000000000000000000013B0000000000000000000
	00000000000000000000000000000000000000000000000000000000000000000000000000000000000000000000000000000000000000000000000000000000000000000000000000000000000000000000000000000000000000000000000000000000000000000000000000000000000000000000000000000000000000
	00000000000000000000000000000000000000000000000000000013B00000000000000000000000000000000000000000000000000000000000000000000000000000000000000000000000000000000000000000000000000000000000000000000000000000000000000000000000000000000000000000000000000000
	000000000000000000000000000000000000000000000000000000000000000000000000000000000000000000000000000000000000000000000000000000000013B0000000000000000000000000000000000000000000000000000000000000000000000000000000000000000000000000000000000000000000000000
	0000000000000000000000000000000000000000000000000000000000000000000000000000000000000000000000000000000000000000000000000000000000000000000000000000000000000000000000000000000000000000000000000000000000000013B000000000000000000000000000000000000000000000
	00000000000000000000000000000000000000000000000000000000000000000000000000000000000000000000000000000000000000000000000000000000000000000000000000000000000000000000000000000000000000000000000000000000000000000000000000000000000000000000000000000000000000
	000000000000000000000000000013B0000000000000000000000000000000000000000000000000000000000000000000000000000000000000000000000000000000000000000000000000000000000000000000000000000000000000000000000000000000000000000000000000000000000000000000000000000000
	0000000000000000000000000000000000000000000000000000000000000000000000000000000000000000000000000000000013B000000000000000000000000000000000000000000000000000000000000000000000000000000000000000000000000000000000000000000000000000000000000000000000000000
	00000000000000000000000000000000000000000000000000000000000000000000000000000000000000000000000000000000000000000000000000000000000000000000000000000000000000000000000000000000000013B00000000000000000000000000000000000000000000000000000000000000000000000
	00000000000000000000000000000000000000000000000000000000000000000000000000000000000000000000000000000000000000000000000000000000000000000000000000000000000000000000000000000000000000000000000000000000000000000000000000000000000000000000000000000000000000
	0013B000000000000000000000000000000000000000000000000000000000000000000000000000000000000000000000000000000000000000000000000000000000000000000000000000000000000000000000000000000000000000000000000000000000000000000000000000000000000000000000000000000000
	00000000000000000000000000000000000000000000000000000000000000000000000000000013B00000000000000000000000000000000000000000000000000000000000000000000000000000000000000000000000000000000000000000000000000000000000000000000000000000000000000000000000000000
	000000000000000000000000000000000000000000000000000000000000000000000000000000000000000000000000000000000000000000000000000000000000000000000000000000000013B0000000000000000000000000000000000000000000000000000000000000000000000000000000000000000000000000
	0000000000000000000000000000000000000000000000000000000000000000000000000000000000000000000000000000000000000000000000000000000000000000000000000000000000000000000000000000000000000000000000000000000000000000000000000000000000000013B000000000000000000000
	00000000000000000000000000000000000000000000000000000000000000000000000000000000000000000000000000000000000000000000000000000000000000000000000000000000000000000000000000000000000000000000000000000000000000000000000000000000000000000000000000000000000000
	000000000000000000000000000000000000000000000000000013B0000000000000000000000000000000000000000000000000000000000000000000000000000000000000000000000000000000000000000000000000000000000000000000000000000000000000000000000000000000000000000000000000000000
	0000000000000000000000000000000000000000000000000000000000000000000000000000000000000000000000000000000000000000000000000000000013B000000000000000000000000000000000000000000000000000000000000000000000000000000000000000000000000000000000000000000000000000
	00000000000000000000000000000000000000000000000000000000000000000000000000000000000000000000000000000000000000000000000000000000000000000000000000000000000000000000000000000000000000000000000000000000000013B00000000000000000000000000000000000000000000000
	00000000000000000000000000000000000000000000000000000000000000000000000000000000000000000000000000000000000000000000000000000000000000000000000000000000000000000000000000000000000000000000000000000000000000000000000000000000000000000000000000000000000000
	0000000000000000000000000013B000000000000000000000000000000000000000000000000000000000000000000000000000000000000000000000000000000000000000000000000000000000000000000000000000000000000000000000000000000000000000000000000000000000000000000000000000000000
	00000000000000000000000000000000000000000000000000000000000000000000000000000000000000000000000000000013B00000000000000000000000000000000000000000000000000000000000000000000000000000000000000000000000000000000000000000000000000000000000000000000000000000
	000000000000000000000000000000000000000000000000000000000000000000000000000000000000000000000000000000000000000000000000000000000000000000000000000000000000000000000000000000000013B0000000000000000000000000000000000000000000000000000000000000000000000000
	00000000000000000000000000000000000000000000000000000000000000000000000000000000000000000000000000000000000000000000000000000000000000000000000000000000000000000000000000000000000000000000000000000000000000000000000000000000000000000000000000000000000000
	13B00000000000000000000000000000000000000000000000000000000000000000000000000000000000000000000000000000000000000000000000000000000000000000000000000000000000000000000000000000000000000000000000000000000000000000000000000000000000000000000000000000000000
	000000000000000000000000000000000000000000000000000000000000000000000000000013B0000000000000000000000000000000000000000000000000000000000000000000000000000000000000000000000000000000000000000000000000000000000000000000000000000000000000000000000000000000
	0000000000000000000000000000000000000000000000000000000000000000000000000000000000000000000000000000000000000000000000000000000000000000000000000000000013B000000000000000000000000000000000000000000000000000000000000000000000000000000000000000000000000000
	00000000000000000000000000000000000000000000000000000000000000000000000000000000000000000000000000000000000000000000000000000000000000000000000000000000000000000000000000000000000000000000000000000000000000000000000000000000000013B00000000000000000000000
	00000000000000000000000000000000000000000000000000000000000000000000000000000000000000000000000000000000000000000000000000000000000000000000000000000000000000000000000000000000000000000000000000000000000000000000000000000000000000000000000000000000000000
	0000000000000000000000000000000000000000000000000013B000000000000000000000000000000000000000000000000000000000000000000000000000000000000000000000000000000000000000000000000000000000000000000000000000000000000000000000000000000000000000000000000000000000
	00000000000000000000000000000000000000000000000000000000000000000000000000000000000000000000000000000000000000000000000000000013B00000000000000000000000000000000000000000000000000000000000000000000000000000000000000000000000000000000000000000000000000000
	000000000000000000000000000000000000000000000000000000000000000000000000000000000000000000000000000000000000000000000000000000000000000000000000000000000000000000000000000000000000000000000000000000000013B0000000000000000000000000000000000000000000000000
	00000000000000000000000000000000000000000000000000000000000000000000000000000000000000000000000000000000000000000000000000000000000000000000000000000000000000000000000000000000000000000000000000000000000000000000000000000000000000000000000000000000000000
	00000000000000000000000013B00000000000000000000000000000000000000000000000000000000000000000000000000000000000000000000000000000000000000000000000000000000000000000000000000000000000000000000000000000000000000000000000000000000000000000000000000000000000
	000000000000000000000000000000000000000000000000000000000000000000000000000000000000000000000000000013B0000000000000000000000000000000000000000000000000000000000000000000000000000000000000000000000000000000000000000000000000000000000000000000000000000000
	0000000000000000000000000000000000000000000000000000000000000000000000000000000000000000000000000000000000000000000000000000000000000000000000000000000000000000000000000000000013B000000000000000000000000000000000000000000000000000000000000000000000000000
	00000000000000000000000000000000000000000000000000000000000000000000000000000000000000000000000000000000000000000000000000000000000000000000000000000000000000000000000000000000000000000000000000000000000000000000000000000000000000000000000000000000000013
	B0000000000000000000000000000000000000000000000000000000000000000000000000000000000000000000000000000000000000000000000000000000000000000000000000000000000000000000000000000000000000000000000000000000000000000000000000000000000000000000000000000000000000
	0000000000000000000000000000000000000000000000000000000000000000000000000013B000000000000000000000000000000000000000000000000000000000000000000000000000000000000000000000000000000000000000000000000000000000000000000000000000000000000000000000000000000000
	00000000000000000000000000000000000000000000000000000000000000000000000000000000000000000000000000000000000000000000000000000000000000000000000000000013B00000000000000000000000000000000000000000000000000000000000000000000000000000000000000000000000000000
	000000000000000000000000000000000000000000000000000000000000000000000000000000000000000000000000000000000000000000000000000000000000000000000000000000000000000000000000000000000000000000000000000000000000000000000000000000000013B0000000000000000000000000
	00000000000000000000000000000000000000000000000000000000000000000000000000000000000000000000000000000000000000000000000000000000000000000000000000000000000000000000000000000000000000000000000000000000000000000000000000000000000000000000000000000000000000
	00000000000000000000000000000000000000000000000013B00000000000000000000000000000000000000000000000000000000000000000000000000000000000000000000000000000000000000000000000000000000000000000000000000000000000000000000000000000000000000000000000000000000000
	000000000000000000000000000000000000000000000000000000000000000000000000000000000000000000000000000000000000000000000000000013B0000000000000000000000000000000000000000000000000000000000000000000000000000000000000000000000000000000000000000000000000000000
	0000000000000000000000000000000000000000000000000000000000000000000000000000000000000000000000000000000000000000000000000000000000000000000000000000000000000000000000000000000000000000000000000000000013B000000000000000000000000000000000000000000000000000
	00000000000000000000000000000000000000000000000000000000000000000000000000000000000000000000000000000000000000000000000000000000000000000000000000000000000000000000000000000000000000000000000000000000000000000000000000000000000000000000000000000000000000
	000000000000000000000013B0000000000000000000000000000000000000000000000000000000000000000000000000000000000000000000000000000000000000000000000000000000000000000000000000000000000000000000000000000000000000000000000000000000000000000000000000000000000000
	0000000000000000000000000000000000000000000000000000000000000000000000000000000000000000000000000013B000000000000000000000000000000000000000000000000000000000000000000000000000000000000000000000000000000000000000000000000000000000000000000000000000000000
	00000000000000000000000000000000000000000000000000000000000000000000000000000000000000000000000000000000000000000000000000000000000000000000000000000000000000000000000000000013B00000000000000000000000000000000000000000000000000000000000000000000000000000
	000000000000000000000000000000000000000000000000000000000000000000000000000000000000000000000000000000000000000000000000000000000000000000000000000000000000000000000000000000000000000000000000000000000000000000000000000000000000000000000000000000000013B0
	00000000000000000000000000000000000000000000000000000000000000000000000000000000000000000000000000000000000000000000000000000000000000000000000000000000000000000000000000000000000000000000000000000000000000000000000000000000000000000000000000000000000000
	00000000000000000000000000000000000000000000000000000000000000000000000013B00000000000000000000000000000000000000000000000000000000000000000000000000000000000000000000000000000000000000000000000000000000000000000000000000000000000000000000000000000000000
	000000000000000000000000000000000000000000000000000000000000000000000000000000000000000000000000000000000000000000000000000000000000000000000000000013B0000000000000000000000000000000000000000000000000000000000000000000000000000000000000000000000000000000
	0000000000000000000000000000000000000000000000000000000000000000000000000000000000000000000000000000000000000000000000000000000000000000000000000000000000000000000000000000000000000000000000000000000000000000000000000000000013B000000000000000000000000000
	00000000000000000000000000000000000000000000000000000000000000000000000000000000000000000000000000000000000000000000000000000000000000000000000000000000000000000000000000000000000000000000000000000000000000000000000000000000000000000000000000000000000000
	000000000000000000000000000000000000000000000013B0000000000000000000000000000000000000000000000000000000000000000000000000000000000000000000000000000000000000000000000000000000000000000000000000000000000000000000000000000000000000000000000000000000000000
	0000000000000000000000000000000000000000000000000000000000000000000000000000000000000000000000000000000000000000000000000013B000000000000000000000000000000000000000000000000000000000000000000000000000000000000000000000000000000000000000000000000000000000
	00000000000000000000000000000000000000000000000000000000000000000000000000000000000000000000000000000000000000000000000000000000000000000000000000000000000000000000000000000000000000000000000000000013B00000000000000000000000000000000000000000000000000000
	00000000000000000000000000000000000000000000000000000000000000000000000000000000000000000000000000000000000000000000000000000000000000000000000000000000000000000000000000000000000000000000000000000000000000000000000000000000000000000000000000000000000000
	0000000000000000000013B000000000000000000000000000000000000000000000000000000000000000000000000000000000000000000000000000000000000000000000000000000000000000000000000000000000000000000000000000000000000000000000000000000000000000000000000000000000000000
	00000000000000000000000000000000000000000000000000000000000000000000000000000000000000000000000013B00000000000000000000000000000000000000000000000000000000000000000000000000000000000000000000000000000000000000000000000000000000000000000000000000000000000
	000000000000000000000000000000000000000000000000000000000000000000000000000000000000000000000000000000000000000000000000000000000000000000000000000000000000000000000000000013B0000000000000000000000000000000000000000000000000000000000000000000000000000000
	0000000000000000000000000000000000000000000000000000000000000000000000000000000000000000000000000000000000000000000000000000000000000000000000000000000000000000000000000000000000000000000000000000000000000000000000000000000000000000000000000000000013B000
	00000000000000000000000000000000000000000000000000000000000000000000000000000000000000000000000000000000000000000000000000000000000000000000000000000000000000000000000000000000000000000000000000000000000000000000000000000000000000000000000000000000000000
	000000000000000000000000000000000000000000000000000000000000000000000013B0000000000000000000000000000000000000000000000000000000000000000000000000000000000000000000000000000000000000000000000000000000000000000000000000000000000000000000000000000000000000
	0000000000000000000000000000000000000000000000000000000000000000000000000000000000000000000000000000000000000000000000000000000000000000000000000013B000000000000000000000000000000000000000000000000000000000000000000000000000000000000000000000000000000000
	00000000000000000000000000000000000000000000000000000000000000000000000000000000000000000000000000000000000000000000000000000000000000000000000000000000000000000000000000000000000000000000000000000000000000000000000000000013B00000000000000000000000000000
	00000000000000000000000000000000000000000000000000000000000000000000000000000000000000000000000000000000000000000000000000000000000000000000000000000000000000000000000000000000000000000000000000000000000000000000000000000000000000000000000000000000000000
	0000000000000000000000000000000000000000000013B000000000000000000000000000000000000000000000000000000000000000000000000000000000000000000000000000000000000000000000000000000000000000000000000000000000000000000000000000000000000000000000000000000000000000
	00000000000000000000000000000000000000000000000000000000000000000000000000000000000000000000000000000000000000000000000013B00000000000000000000000000000000000000000000000000000000000000000000000000000000000000000000000000000000000000000000000000000000000
	000000000000000000000000000000000000000000000000000000000000000000000000000000000000000000000000000000000000000000000000000000000000000000000000000000000000000000000000000000000000000000000000000013B0000000000000000000000000000000000000000000000000000000
	00000000000000000000000000000000000000000000000000000000000000000000000000000000000000000000000000000000000000000000000000000000000000000000000000000000000000000000000000000000000000000000000000000000000000000000000000000000000000000000000000000000000000
	00000000000000000013B00000000000000000000000000000000000000000000000000000000000000000000000000000000000000000000000000000000000000000000000000000000000000000000000000000000000000000000000000000000000000000000000000000000000000000000000000000000000000000
	000000000000000000000000000000000000000000000000000000000000000000000000000000000000000000000013B0000000000000000000000000000000000000000000000000000000000000000000000000000000000000000000000000000000000000000000000000000000000000000000000000000000000000
	0000000000000000000000000000000000000000000000000000000000000000000000000000000000000000000000000000000000000000000000000000000000000000000000000000000000000000000000000013B000000000000000000000000000000000000000000000000000000000000000000000000000000000
	00000000000000000000000000000000000000000000000000000000000000000000000000000000000000000000000000000000000000000000000000000000000000000000000000000000000000000000000000000000000000000000000000000000000000000000000000000000000000000000000000000013B00000
	00000000000000000000000000000000000000000000000000000000000000000000000000000000000000000000000000000000000000000000000000000000000000000000000000000000000000000000000000000000000000000000000000000000000000000000000000000000000000000000000000000000000000
	0000000000000000000000000000000000000000000000000000000000000000000013B000000000000000000000000000000000000000000000000000000000000000000000000000000000000000000000000000000000000000000000000000000000000000000000000000000000000000000000000000000000000000
	00000000000000000000000000000000000000000000000000000000000000000000000000000000000000000000000000000000000000000000000000000000000000000000000013B00000000000000000000000000000000000000000000000000000000000000000000000000000000000000000000000000000000000
	000000000000000000000000000000000000000000000000000000000000000000000000000000000000000000000000000000000000000000000000000000000000000000000000000000000000000000000000000000000000000000000000000000000000000000000000000013B0000000000000000000000000000000
	00000000000000000000000000000000000000000000000000000000000000000000000000000000000000000000000000000000000000000000000000000000000000000000000000000000000000000000000000000000000000000000000000000000000000000000000000000000000000000000000000000000000000
	00000000000000000000000000000000000000000013B00000000000000000000000000000000000000000000000000000000000000000000000000000000000000000000000000000000000000000000000000000000000000000000000000000000000000000000000000000000000000000000000000000000000000000
	000000000000000000000000000000000000000000000000000000000000000000000000000000000000000000000000000000000000000000000013B0000000000000000000000000000000000000000000000000000000000000000000000000000000000000000000000000000000000000000000000000000000000000
	0000000000000000000000000000000000000000000000000000000000000000000000000000000000000000000000000000000000000000000000000000000000000000000000000000000000000000000000000000000000000000000000000013B000000000000000000000000000000000000000000000000000000000
	00000000000000000000000000000000000000000000000000000000000000000000000000000000000000000000000000000000000000000000000000000000000000000000000000000000000000000000000000000000000000000000000000000000000000000000000000000000000000000000000000000000000000
	000000000000000013B0000000000000000000000000000000000000000000000000000000000000000000000000000000000000000000000000000000000000000000000000000000000000000000000000000000000000000000000000000000000000000000000000000000000000000000000000000000000000000000
	0000000000000000000000000000000000000000000000000000000000000000000000000000000000000000000013B000000000000000000000000000000000000000000000000000000000000000000000000000000000000000000000000000000000000000000000000000000000000000000000000000000000000000
	00000000000000000000000000000000000000000000000000000000000000000000000000000000000000000000000000000000000000000000000000000000000000000000000000000000000000000000000013B00000000000000000000000000000000000000000000000000000000000000000000000000000000000
	000000000000000000000000000000000000000000000000000000000000000000000000000000000000000000000000000000000000000000000000000000000000000000000000000000000000000000000000000000000000000000000000000000000000000000000000000000000000000000000000000013B0000000
	00000000000000000000000000000000000000000000000000000000000000000000000000000000000000000000000000000000000000000000000000000000000000000000000000000000000000000000000000000000000000000000000000000000000000000000000000000000000000000000000000000000000000
	00000000000000000000000000000000000000000000000000000000000000000013B00000000000000000000000000000000000000000000000000000000000000000000000000000000000000000000000000000000000000000000000000000000000000000000000000000000000000000000000000000000000000000
	000000000000000000000000000000000000000000000000000000000000000000000000000000000000000000000000000000000000000000000000000000000000000000000013B0000000000000000000000000000000000000000000000000000000000000000000000000000000000000000000000000000000000000
	0000000000000000000000000000000000000000000000000000000000000000000000000000000000000000000000000000000000000000000000000000000000000000000000000000000000000000000000000000000000000000000000000000000000000000000000000013B000000000000000000000000000000000
	00000000000000000000000000000000000000000000000000000000000000000000000000000000000000000000000000000000000000000000000000000000000000000000000000000000000000000000000000000000000000000000000000000000000000000000000000000000000000000000000000000000000000
	000000000000000000000000000000000000000013B0000000000000000000000000000000000000000000000000000000000000000000000000000000000000000000000000000000000000000000000000000000000000000000000000000000000000000000000000000000000000000000000000000000000000000000
	0000000000000000000000000000000000000000000000000000000000000000000000000000000000000000000000000000000000000000000013B000000000000000000000000000000000000000000000000000000000000000000000000000000000000000000000000000000000000000000000000000000000000000
	00000000000000000000000000000000000000000000000000000000000000000000000000000000000000000000000000000000000000000000000000000000000000000000000000000000000000000000000000000000000000000000000013B00000000000000000000000000000000000000000000000000000000000
	00000000000000000000000000000000000000000000000000000000000000000000000000000000000000000000000000000000000000000000000000000000000000000000000000000000000000000000000000000000000000000000000000000000000000000000000000000000000000000000000000000000000000
	0000000000000013B000000000000000000000000000000000000000000000000000000000000000000000000000000000000000000000000000000000000000000000000000000000000000000000000000000000000000000000000000000000000000000000000000000000000000000000000000000000000000000000
	00000000000000000000000000000000000000000000000000000000000000000000000000000000000000000013B00000000000000000000000000000000000000000000000000000000000000000000000000000000000000000000000000000000000000000000000000000000000000000000000000000000000000000
	000000000000000000000000000000000000000000000000000000000000000000000000000000000000000000000000000000000000000000000000000000000000000000000000000000000000000000000013B0000000000000000000000000000000000000000000000000000000000000000000000000000000000000
	0000000000000000000000000000000000000000000000000000000000000000000000000000000000000000000000000000000000000000000000000000000000000000000000000000000000000000000000000000000000000000000000000000000000000000000000000000000000000000000000000013B000000000
	00000000000000000000000000000000000000000000000000000000000000000000000000000000000000000000000000000000000000000000000000000000000000000000000000000000000000000000000000000000000000000000000000000000000000000000000000000000000000000000000000000000000000
	000000000000000000000000000000000000000000000000000000000000000013B0000000000000000000000000000000000000000000000000000000000000000000000000000000000000000000000000000000000000000000000000000000000000000000000000000000000000000000000000000000000000000000
	0000000000000000000000000000000000000000000000000000000000000000000000000000000000000000000000000000000000000000000000000000000000000000000013B000000000000000000000000000000000000000000000000000000000000000000000000000000000000000000000000000000000000000
	00000000000000000000000000000000000000000000000000000000000000000000000000000000000000000000000000000000000000000000000000000000000000000000000000000000000000000000000000000000000000000000000000000000000000000000000013B00000000000000000000000000000000000
	00000000000000000000000000000000000000000000000000000000000000000000000000000000000000000000000000000000000000000000000000000000000000000000000000000000000000000000000000000000000000000000000000000000000000000000000000000000000000000000000000000000000000
	0000000000000000000000000000000000000013B000000000000000000000000000000000000000000000000000000000000000000000000000000000000000000000000000000000000000000000000000000000000000000000000000000000000000000000000000000000000000000000000000000000000000000000
	00000000000000000000000000000000000000000000000000000000000000000000000000000000000000000000000000000000000000000013B00000000000000000000000000000000000000000000000000000000000000000000000000000000000000000000000000000000000000000000000000000000000000000
	000000000000000000000000000000000000000000000000000000000000000000000000000000000000000000000000000000000000000000000000000000000000000000000000000000000000000000000000000000000000000000000013B0000000000000000000000000000000000000000000000000000000000000
	00000000000000000000000000000000000000000000000000000000000000000000000000000000000000000000000000000000000000000000000000000000000000000000000000000000000000000000000000000000000000000000000000000000000000000000000000000000000000000000000000000000000000
	00000000000013B00000000000000000000000000000000000000000000000000000000000000000000000000000000000000000000000000000000000000000000000000000000000000000000000000000000000000000000000000000000000000000000000000000000000000000000000000000000000000000000000
	000000000000000000000000000000000000000000000000000000000000000000000000000000000000000013B0000000000000000000000000000000000000000000000000000000000000000000000000000000000000000000000000000000000000000000000000000000000000000000000000000000000000000000
	0000000000000000000000000000000000000000000000000000000000000000000000000000000000000000000000000000000000000000000000000000000000000000000000000000000000000000000013B000000000000000000000000000000000000000000000000000000000000000000000000000000000000000
	00000000000000000000000000000000000000000000000000000000000000000000000000000000000000000000000000000000000000000000000000000000000000000000000000000000000000000000000000000000000000000000000000000000000000000000000000000000000000000000000013B00000000000
	00000000000000000000000000000000000000000000000000000000000000000000000000000000000000000000000000000000000000000000000000000000000000000000000000000000000000000000000000000000000000000000000000000000000000000000000000000000000000000000000000000000000000
	0000000000000000000000000000000000000000000000000000000000000013B000000000000000000000000000000000000000000000000000000000000000000000000000000000000000000000000000000000000000000000000000000000000000000000000000000000000000000000000000000000000000000000
	00000000000000000000000000000000000000000000000000000000000000000000000000000000000000000000000000000000000000000000000000000000000000000013B00000000000000000000000000000000000000000000000000000000000000000000000000000000000000000000000000000000000000000
	000000000000000000000000000000000000000000000000000000000000000000000000000000000000000000000000000000000000000000000000000000000000000000000000000000000000000000000000000000000000000000000000000000000000000000000013B0000000000000000000000000000000000000
	00000000000000000000000000000000000000000000000000000000000000000000000000000000000000000000000000000000000000000000000000000000000000000000000000000000000000000000000000000000000000000000000000000000000000000000000000000000000000000000000000000000000000
	00000000000000000000000000000000000013B00000000000000000000000000000000000000000000000000000000000000000000000000000000000000000000000000000000000000000000000000000000000000000000000000000000000000000000000000000000000000000000000000000000000000000000000
	000000000000000000000000000000000000000000000000000000000000000000000000000000000000000000000000000000000000000013B0000000000000000000000000000000000000000000000000000000000000000000000000000000000000000000000000000000000000000000000000000000000000000000
	0000000000000000000000000000000000000000000000000000000000000000000000000000000000000000000000000000000000000000000000000000000000000000000000000000000000000000000000000000000000000000000013B000000000000000000000000000000000000000000000000000000000000000
	00000000000000000000000000000000000000000000000000000000000000000000000000000000000000000000000000000000000000000000000000000000000000000000000000000000000000000000000000000000000000000000000000000000000000000000000000000000000000000000000000000000000000
	000000000013B0000000000000000000000000000000000000000000000000000000000000000000000000000000000000000000000000000000000000000000000000000000000000000000000000000000000000000000000000000000000000000000000000000000000000000000000000000000000000000000000000
	0000000000000000000000000000000000000000000000000000000000000000000000000000000000000013B000000000000000000000000000000000000000000000000000000000000000000000000000000000000000000000000000000000000000000000000000000000000000000000000000000000000000000000
	00000000000000000000000000000000000000000000000000000000000000000000000000000000000000000000000000000000000000000000000000000000000000000000000000000000000000000013B00000000000000000000000000000000000000000000000000000000000000000000000000000000000000000
	000000000000000000000000000000000000000000000000000000000000000000000000000000000000000000000000000000000000000000000000000000000000000000000000000000000000000000000000000000000000000000000000000000000000000000000000000000000000000000000013B0000000000000
	00000000000000000000000000000000000000000000000000000000000000000000000000000000000000000000000000000000000000000000000000000000000000000000000000000000000000000000000000000000000000000000000000000000000000000000000000000000000000000000000000000000000000
	00000000000000000000000000000000000000000000000000000000000013B00000000000000000000000000000000000000000000000000000000000000000000000000000000000000000000000000000000000000000000000000000000000000000000000000000000000000000000000000000000000000000000000
	000000000000000000000000000000000000000000000000000000000000000000000000000000000000000000000000000000000000000000000000000000000000000013B0000000000000000000000000000000000000000000000000000000000000000000000000000000000000000000000000000000000000000000
	0000000000000000000000000000000000000000000000000000000000000000000000000000000000000000000000000000000000000000000000000000000000000000000000000000000000000000000000000000000000000000000000000000000000000000000013B000000000000000000000000000000000000000
	00000000000000000000000000000000000000000000000000000000000000000000000000000000000000000000000000000000000000000000000000000000000000000000000000000000000000000000000000000000000000000000000000000000000000000000000000000000000000000000000000000000000000
	00000000000000000000000000000000006B4C00028212021008901288408088485800C040C00000000001410101080C48094400604C24040060206000000000000000000406040422002026129200109090008080800010000002830202110810138941808848480040404000000000014101010804480944004044040400
	6020600000000000200000040624042200202602020030103000808080001000000283020211101013014100084848004040400008000001AB00029212021090901088888088584808004040400901000149090108484808444440442424042020202004000000240400042404040222302212120200909010028080801202
	000292020201911011098981884848080140404009010001490101004848084444404424040400202020040000002404000424240422222022120202009010100280808012020002921202111110110901110048480801404040090100B4DA0000400000000000000000400002000000000100008008000000008000050000
	00010009010000400040000004080010020080000000000000140010000000001002000000000100000100000000400000420000000000000000000000000000000000040001000000000000004000000040000000000240000000000000000000040000000000200000000010204001000000120000004000000000000010
	020000002385000000C0000000020000000200100280008000800004005000400400000020000000000000480008000000000000140000400080000000000000008000040000000002100200008040C00000000800020000000200000000004001000000000000000001000000000001014000000040000204000000000000
	0000000000000000000024000000010000000001000040000010000000100200120000000100400004000CAC0080000008000008400200000000000000000040010800000820000000000001000800000000000000000046000000000000000200000004800000040000101000011084100800000000080000020000000000
	00000000010102000C0040004004000000000000010000000000000000000400000400000000020000000400040020000000200002020402000010001000000000501200100000000000000100010000E8EB000000000000000240000000000000000000000000000000000000000000200000000100000000000000000000
	00000000000000000000000000000000000000000000000000000000000000000002000000000000000000000000000000000000040000000000000000000000000000000000000000020000000000000000000400000000000000000000000000000000000000000010020000000000000000000000844900000000000000
	00020000000002000080000000008000000000000400000000000000000008000000000000000000000000000000000000000000000000001000100400100000000000000800000000000000000000000000000000000000000000000000000000000000000000000040000000000000000000000000000004002020040000
	0000000000000100000000000000021000000000000000000000000000EB2D000040000000040400002020100000000000000000000000000000800203000010001800C00080000000000000000000020081010000080C00044000400000000000000000000000000000000404004020002000000000000002000000000000
	00000203010010001000C0008000000000000000000000400101000008000800400040000020200000000000003040000000060440002000201000000000000000000048DD000000000800000404040026002000A000008000000000000000000000020102081300100090488000C000400008000000000001000100098808
	004C004400400000001000000001000000000006040402240220002000000000000000000000000000020202001301100090408000800000000000000000000100010409000800480040004000000000000000001000000000040404002402200020000000020000006AEB0000000000000000000000000000000000000000
	08001000000000000000000000000000000000000000000000000010400000000000000000000000000000000002020000000000004000000000000000000000000000000000080000000000000000000000000000000000000040000000000400000000000000000000000000000000000000020400000000000000000000
	100000000000000000010000000000000FDC00000000000008000000040000002000000000000000000000000000000000000200000010000000800006000000000000000000000001000000080000004000010000000002000000000000000000000400000020000000000001004000000000000000000002000000100000
	008000000000000000000000000000010000000800000040000000000000000000400000000000000004000000200000000000040000375B0080000000000000040000002000000000000041000008004000000000000200000010000000800000000000000010040000000001000000080000104000000000000080000000
	0080000000000804000000200000000001000000000000000000000000020000001000000080000000000400000400000000000100000008000000400000000000020000000000000000000000140000102000000000000100000000A83E000040000000040000042400002020000000000001000000080000000600000212
	00100080008000000000000400000000000100000109001008480040000010000010000000800040000000040000046400002020000000000000040000000000000600000212000010900000808000000000000000000001020001090000084800400000000000000000000010000100000410000424002000000000004000
	0001002C590000800000000000000040000000020000000000040000400020000000000000000000000100000000000000000000000000820000000000000000800000000000000000080000000100000000000000000000000000000040010000000000400000000000000000000001000000000000020000000000000000
	0000000000000000000000000100000000020000000000000000000040000000000000001000000000326B00002000082040140404042C20202020000000420004000018008000800602020312141010FA8080818000400040002080000081810101090808084A404040480000008400010000400100000804040404440801
	00210000040000400104000000000003020202020000001000000280000000000000400040050101210104002348404040410201000000000000002000004016040404242020202000040000400000041D00000080000000200000000000000014001000100000000000400002000000000008003000000000008000000220
	000000040040000000000000140000400400088000000000004000000000010002000A00004000000000000000010000000000000000000000000000000000000000400400000005000000000000000000020000000240000000000000002100400000000000010000010000220000001004000000A4230000A00028000030
	000000000000100010000040000000000010800000040000010000246802000000000040200200208400000000800000000010060000000C8000840000010040004000000008000048020900010000000400004000050000000000000000000000000000000002000400000000050000004000002000060000210200010002
	00000000000020204000000000010001000000000200000010000000E06D0000000000004000000008000000000400000012040000000048000280000000000800000000000000010000004000000000C000000000000000000000000000080000000000000001000000010002000000004000000000000000010000000000
	000001000000000000000000000000400000000000004000040000000000000200000000000100000000000001000000004012000000000000000004000004004000D61E0000040000240000100000000000401000400000140000001000000000000000000002800000020000010000000210000002000000100000000000
	0000800004000200000010000008008000000000080002000000001001400004000000000000040000002000000000000002000040410000024000000A000000000000000000000000002020000000200000410012000040100000000000010000000001000000004E2F000032000000200040088840001202000008100820
	00221083480000801000002000400022400008000080160400440018000004044040002200009410040010100000012C02030400206002000110400000000800000000100810800004004401000400080004400000000844000010000041000000000000140000002232000620000002000002200000000000000040002000
	112000100000000000104004010000C9C600001002000000004810C0001000000000000008100000000051000080000000000000000200000000010204040000000200040000000000000080009000001002000000102200000000008000004000000000000000001010000000000000000005000020000040000000000004
	0000000000000000020000000000000000200000000000000020200000000100000000002000200000000000000000000000010000A72F000000200000000000000000000002504008100000200002800200000000000000208000000000000000008002001440080000000000000000000400000000000000010000000300
	2000022001000000020008000000000100488004000040000000040000000000000000000042001000010300004000080010000002001000000200000002000000000020400000100000401011000010010000000000400400000026CD00000004200400200000000800020000000000000400102008000000001000000000
	40026000020800000010000000001000000054000040022000100004000410000000040804000008400000001008000000000000000000001000040000040000000008000004000000080000400040000040000000000004000000200200042000002000000200000000000000024000000000000000000000000010010000
	000038C300000800000000100000060040002010000000100000000000040000000000100002000010020000A0000000000010000000100400000001000A1000000840000000080000040000000000000000010400000000000000000002000000000800000000000000000200000000000000000000000010000040000000
	000001000000000040100000000000004000000100000000000000040000200040000000000000003DBD00204020000400000000000004080800080008000000000100200400402000200400000400000000000000000000060002180020080000000000020000000000000004000000040818000000080000000800000600
	000040081024000000002010010004000000200000200000000000021000210000040102000000100200001000000200000002300000000004000000000042000000000400011004000000400000502C0020000800041000000000020440100800080008000001000004000420001000040000040000000020000000000000
	0600122014080000000000001008000000000000000000000800180000000001000008000400000040001A040000000020100100000000200000000000000000001002210010000045000000001200000000000002100000021000000000000000000000420000000000044000000000000040001FAC000060000000000000
	000000000800000000001000000000200000000040002000000000000200000000000000001000000800000000000000020200000000000000000C0400000400000000080000000000020000000000000020000000000800000400000000000000200000000000000000000000000002000000000000001000000000000000
	00204000000401000000000000000000000001100400000000000094040020000210000002004040001000000004004002100000A00000000410000120000800000040402000000100001000200002000000920000008200200910000000001000081200010010020C60020220000000000000000140000400000000080000
	0000090020010000000000002000002000010224040200000000000004009204008000000010000125000001000010000002120000000001000000000000100000092100800108020000000208800400000020001080010840060044000090000000000002440000100200008000008002044020044200200004130400400C
	02002000843000A0200000808820004000000000024C0400102000002080080000084011000B11000080040220052014000B0095000B10200001001104C80004A4110100400804012C100000488400000C90000508202041080008041402002000004C00400400BF4580000B00100200000040008010000000001083001000
	802600400004100001000000000040004022000000008010006000220000201002000084240001180000A000A000001A00010800040802002200400200000000000000200004080048000000000001000005012024000000012002000000240000020004000400000500900000000004100081000000000000001000430002
	0000000010000000000488100000518920000000000000020A00400000000000040000404008000000048010000020000008400400000000000000010002040004000042028014000002000002000020001400102000800010A042000060000008000400100000014080080000001001090210018800002000040000000B10
	042900013001021500C800000020940000020405802018000004482104108D05002008002000180008000700000000004000C400261C01000100000000000400800020000000000000000000000000000000000000000000000000008020000000000000000000000000010000000000000040000000000000000010000000
	000000000004000000200000000000004000000000002000000800000000000000000080000000000000000000000000000100000008000000400000102000000000000000000000000000000000002000000000000000000000C268800440129004400284004412A40020323400418224004092B4010002A6010010264112
	8034018200A451020004D1100000C1822401500B2401D09A244100C264011000240192802401129024010286200410260161903400408234014882B401080220410294A649120034499000A44B8000205B020000D9C2000118830009509A004100D2280100804841128008411200280D1200404D1220006922000008020041
	00E5AF802468120024689200204892040048923400489224014092240900922449009024494280244912002459920020499224004B922400489224014092240900922C49009024490280244912002449920260499206404992240048923401409224090092244900902449028024491200244B9200204B92040449D2240048
	922401409224090092244900906449028024491200244912006049121400491234004812344100E0DC0204400000000002000000020640000004000002040000020000000200000000000002040000000004020000000202002400800000020204000000000002020000000020000200200080002000000220000000000002
	0000002220000002000001222001000004010A202001020020000B00200103000000080000020200008002000100020000000001000000012000000000000009000000000000000000000081009576000004000000000000400000000000008000000090400000004000040000000000000000000000000000400000004000
	00004000000040000000000000800008008000000000020000000200000002000000000000000040010000400100004000048000000000000004000009000000000000000800040000000000000000000001208000000000020000000200200010000000000000000009000002090000000800DA9E48666E66C6CE5216EAA2
	4E62868C66464C068CC647DFCE92C6CE565E40420800060C064E70600A02C44C565E20002E04C2CCF6FF8282131EC6C48E848E8CD292668E5A32E6E6CC82CEC6E6EA707288804F63424860426A6258502329000ACD8B3038ACAD81898F852E073207062C8907343D020B371FA5A53C356A66B7BEA1A5A9208F8A6B26696D1A
	1A0F0B1A3E183E181071752121052819002510353A62673A030076D4462C4246CCC47038C08846428C86664E460EC2865D55C6DEC4C45C144840000806040E427860626886041E142A00664E8084BAB68A82515086848E028C0CDA9C648E1834C6CEC08AE4E488C2521AC28A45410A00200A2028101148432029C88B18108C
	8C28208381260E330B0E2580031C1500013C1487AF3438646091B487A3AD20098C69206F6B16320B0D02022E2A2C305070202005091804291529234C43320F008011242C0E0C8C84763AE0A86C6CCCC4042E84CE4CCE0DD5441CCC8C1A568AC080880E0E0E467A720208CECC9E908AA0466CCACCBB968C045F55C6C60E8E0C
	0CD056EE44507CC4CCC68EEC2EECA4505A80886F4F4A40202A000879796963236B83C11218252520A88AA2052D353D2F078F8D1C1528091E36A28A111C484CBF9787038D08A1244E4647423E3A03070E3E24121C105C5909082D0D110D29350C064C42033F0032942C646826A4AC5A5AE8A02A02848C0A0C0C444CC4451DCE
	D6C4CC161E88C888800408044868686A62040CD6DEC8E80E26C0CC727ECC4C1614C4C40680060414146C44147CAEEE2C20CC06A4AA7838EAA249410208484A4A427B732329014BA3E13A302424088080A00921292D270F2B25363E220A163E88881A124E421216A004860627220A06414436160602022622263C3478580808
	0909150D0D19151B787E0F37002A53080000200800002008000000080000400800000008000008000000080000000800000008000000080000004800002048000000480000004000000000000C0000004408000024080000240800002008000000080000004802200048022000480220000800200000002408020024080200
	240802002008020024080200200002042000020C0000020C2000000C2000100C000000002800000008000400083004000830004EB606424024000A40B0400000024E0A0204868810844400801400444004400008000400080002002A42060000CE0200024200240CA60484000E000042020688C80220820048404000C8C040
	0040000000000280020000002000011141000101014000000581208102000C0111000401010204090100880106050C084440100083018081038520094145002022030022002420000021002000010100000123010240020A00DB3D000C010248040200004A00C0000064820002C44088D20C0A40020E180040800000004606
	0010001800020E000000800C26022208800014400200008008000080880040000424080006040A0242E0080A4040080002000800000008082000000D048880080008050101800001080200011106000010200000002400040020008001608C0000000C201A0108041A000C0010383100010000000000040008122100190000
	297A4800074000400042080042000004000008440200100D52C0040000C2000200080004000860400000008410000002082000009040000082000406800080061200460490020202C20200A2400800124040050240080000400A0000020318000600291500008800000000280000012C800028000200000C21201000222080
	80242400000000402022000002052001102002000040540001010010090104000844862001009582040000000040000004400000200000008000008080008018400000404000020000001000100080080000100000000000000000000100920008040040C00002008000400000024002004048000000040000002000000000
	000000020000000000001180000200000010000000800000000100000004080004000001000000080400004080000820040300000020000000100010002400000030000000092000001000004C6D41080100000410000000020000000002000800000000004000009200000008000000060000000000000008020200088404
	20002080000000000200020800001000008000004000000000000240000008000100000000002000000000000002018000040000800100000000000000020008000000002001000004400410000000810000000020000000000004000200200000200000010100000100040000010000290021BD0000000040000000000040
	00000000408000004000400000000000000000020000000000200000000000480000000000000440000000400408008000000000008000000000000000800000000000000040000000000000020000400000000000000001000000000000000000040000000000000000000000200000002000800420000080000000200002
	01000810000000202000050000000000000000000000000000AAD908000200000240000000008000448000000C000010040A0000020000000208000000100000008220800400000000400000001400040000000200000000000080000002100000000020020000108208000082000000000000001001000020000408008000
	28000000800C00010000000034010000080004000000040000000000000000000000000100102004010000000000004000000000000000000000000008000079E300000044000082000040000000000000000000000108000000040048000000000400000000400040000000000000080200008A0000000008000000000000
	0008400C00000024C008000040080000400000004008000000080000000A000000082000000800000004000000000000010008000000900002001000000280000122000008010000480420000A0000022E0000000100000000000000000100004200028000A6AB400200020000200200020040000204200002044000024402
	400404020000008000000608000010080200040002000200022000000080000000040000028000000000004000420002000200024000000200020000000000400001000000010000000000010000000000010000000100800000000000000020000000600000000000C0000020000002000800000000000030000004000000
	000100050018020220000100D080000000600800004000080000000800020000028000801000000000000000000000000000020000000000000000000000000080200000000000000000000C800000020000000080000440000020000000000000000000000000000100001001000104000081000000000001000008010000
	0203000100000008000000000001000001000700000001000000010000000000000001000000010000000000010400000000DE990200000000000000000000020A0004000042040008408400000004000040000000004008000000020000040200000020020004000400040200000082020002000002000000000000000000
	000002004040000800000000000001000008000440000000000000000000010000040900000400000000002100000820000000200000004004004040000000200010000000000810000000000000000000000200000200007A2A00040400000800000800000000040000000400100014000000000008000000000004000040
	00000000060080000000000000000A00000000000000000400004000240008040000088004000000000000040000020002000800000008010000000C00000008000300002810002002000000000000000000000004000080008000000000000100000000000002000004000000400000000000080000000000004400000041
	D9000000020000000000000000100808008000000000000800000000040000001000000820000000000002002000020000000000000448000000C01000000280000000820004900060601010000000104000020000488010000800800001000000002400010000040008000408000400010200001000000011480000100000
	0010120020001000411000000000000020000000000000200100100040000000400400000030390088003840228802081202000004001000140812000080020000000010E80004080140824000400000000012000040800C200204001000000000040208000002420040000000100000022040084002800090480000000000
	10020400480000084000000400400000000000004000005224100040280000400400002800600500000088112200200000000068008001006410000000020050044000000000000015200013E70008000A00008000001000000000000080000000000080000000000000000004000008020000400000000000000000000000
	04000010000080000000000000000000000000004000000000100008409000100000080000000A0000840800000000000400004000000000000000000010200010000008000100000000002000000000000000000000000000000080000000000000000000000040000000000000002400D372008010004002000A00020200
	0034100000101800000002000000000048B00000080280001000000002802000000200C0000400000000000100000C02084000800200800080040000006000000400000200000000C00000001000000000000000040000000000000200180C0004400280040000402000004000041008000010000208B80062001001000040
	20000000204020040002200050000020000000040011000082C200002000200000000800000008002008040000020000000800000004000010000001600040000000000002100000000008200200004C0000400000100200020040004002100030001200402000400000028040080000001000000000004108006000010000
	00000400000000000041000012000000001000480020004000010410000001001060000000080000000001100400000000000110044000000040000000006003020008004000080000A0000002040822000A000004000801040800080000000000084C00400A00000000080002080000A20808200000200000000000A00408
	401A00080400242000080004000000000040020000100000400C000000200120000000000000000000200000020040200012201004000040000000000000001000002082002000002000040000000000000000000000000000000000200400000405000046BB40100000081000000A0000080008000000100802009A000000
	50004000B0000800000000200008100000000430000E400000020042000000900002000200800200200200020004028002080212400208080000080006000400112288000C1001210A000400082000000500280023064000090000400B0014020090240280800003000104100302040B000004402104000820000108000000
	1900000409000000080000F723021000084000000802200000000C000000180208800A0800004040082080000808004408422010000000000C2A000408088028004000200000100002248282001208000E0002000000800E000052020800480800041200400001028000093100200100000008200000050228002226400231
	04004002001000022004800080000020020523100422000000044120000028000000080000000810040001040004090400E8CC00400000100800008008080002000802020000001400010014080000100000000000000000080800000000000010420020020200000200000080000000000008200000002400022408020000
	000000000002000000000400081420080024000008020400000000000020000041000000080000100900044000000090020000100201008000000000020D000000000400000001000000000000010000000800000000008A570200000200000010000000100000008000000000020000001000401000000000000000000000
	002000101000000040200000000000800020200000000002000400001004000000400800000000000000001000400080004040000000000020010010000001000000010400000100000001200010080020418020000200040400000024000020040000040402000000000000000010610000000100000000000000400067E7
	0430D108002082402008228C1004400C00208208000002100800020040008040002200A248300040488080462A0084020800C0000000920110004008001400200048AA00006834800072698480402000220C008010480400A21004000A100004024000A0000010E220020021000240A4880280200106000000000020A05320
	00001A000000428100000000205820B00100000110000201540008033040040005010400443C042003480020420000000A000014080000000280000012001008020040000000000020824800002008501204080000620800008000808210102000000004002000483200004820500268A10000402000080200000008040002
	C000040218042002400020010000000106002000030460010A0020000200008000000000A20420000204000022040100000620104800000000010002600000080000104004008100050017A9001290000000108028000090000084400020000802000000000040100000408020000000002040000000408000228004000040
	000000002000000000100200040000800C0020008410000C4000800000001000C0D00000402010000000000001001080000000E000002000010000000000A00090010C600120000220401400000010200000000080040000002000219000000010001141100001000300000004400000137C01000100000000000000000020
	00000000000000000000000020000000000000000000000000800000000000000000000000000001000000000000004000000000000000000000002000000000000000000020000000000000400000000000000000000002000000100000008000000000000000001000000000010000000800000000000000000000000000
	0000000000000000000000002000000000000040000000924910204482102440820420649214006086340000863041008610410086124140840601128414419204A4418004205392000041922001409B2021409A004100D220410080200112806001120060059200600592204001B230404082340140822009409220494290
	220952802419CA00A011D2002049C2002059D2002148D30029008A006910C2006910924069008240691202402D1002400D102240290222404800224100042A90244C92002448920020489204004896240048962401409624090096244940B4244902A42449122024499204204B92040449922404489224254092240D00922C
	4D00902C4902806C4D12006C4992006049920448499624404896240140922409009624490090244902842449120024599204244992040449922404489224054092240D1092244D00922449028024491200244912026049121600491226004812260100CB228040000002000080820000020000008206000080000000828400
	0002800000000000028000024200000040000082C2000000000000C282000440000000820208008080080802820004008008000080000000000000808000010284004902800008068001080080000B040000030000000A0400818B040400480004820200008002050480020900800009008200010080000900000009000000
	090000000901000088003F8F12002000000000000000000000000000000000200000002000000000000000000000000400000000000200200000000000000000040000000000000004000000040000000000100000000000000010000000000000040000000400000000100040001000000000000000000000000000400000
	104000000000000000000000100000000000000000004000101048000010400000104000000200000000000100104000EE1CA03AA01222A09A9A00800222881032922EBE0404B22020BA66F60C0CB020009060E406067EEE4248A02250108A48C64600800001CE4EC74E04802C248A0AC60E0C8C140ECA5A840E5EDA8C0C48
	EC20A054789C1C5CDC248413331B0FB89D75C55736555FA090E7D50C2D42C23918EE4FDABDC0C6F15452F35E1FE84095AC57761F178100BDBD76655E57D0DAA97877F31054421E293855510C007054190D51553C4100C1FAA0381A1A88281092880886001A822010B4209C0C089A2028B024940420B00808EE6CCE4E362602
	08A022589802C00C0C8A0A48C80080050486022CA40C8C440C8A0A148E4ADA060CD65A840C68C800A054589C1C70D01E9E251590A4183D42C67115D5FD01314A4C280D5A6A1930CC4D7A0D5C6ED5746CCD7C1CCE661504E5C53911AF2F5D1DD6C54A437E7E8D5C4ECA0145623A491854500F037256180C41551C4100113588
	12A81A288A9A9A8808A4080098BABAB404DC4C48FA9A929C04B40428B89898EE6C8C0CFC7C0A02AAA018FA48CA8E8E8A0A49C848C88B83820228AC0880C6C68A0200905AC09494CA500884C4E0B838EC5C0888E8C8AC2CB31390A5D4F5B623E702C7ED90B077632F0AD1601031E5E17B1A5374C0A5F1017F9E4AE2BDB5E1C0
	3F9F23A2ECAE95D61F466E6FBCFDC3470545763B382955450F077E7A0C0C55510D4400984288303A1AA0001A9800808088920A00902E9EFEFED26048D26EF6BE9EB02000906CECC4C42C2C4A424A4090F2C84AC64648C88282CA4AC64640C0A2A68A02820208808494DA40840440D20084E0C08828C8580C8CC8C8A2028939
	2E2FE6C7A001D332656CA181E8C88BAA69683A136743CBAAEBE8E283DB2B7ABA68C092B2426233B30888A8AA2566BBE2CACBBCFDEB6F2464521B682941410E065F5B0D0D45510D5400B9BC08000000080000000880000008800000089600004892000840960008009000080084000802000048020000488200004882000048
	820004408200040082080400820804009008000080080480000008800000088400000884200008822000408620000080200000842001020020010A04200182002401822004008220040082200400822004008220010082240100802401000020010000000100060001000400000000ECF782F2008200020002008000208082
	00002C00200018120820000600202010000882840000001000002000102000820000000004480004004C00002020000C00488A04000C40C802080000040C00009000004004000420140235301880040108045020008100000044000010481100000050000440612042285C002240140020004400002000101000064B182818
	5004A000404000004000100002000C0100020020600067520400A0002600020400022000001C000080A2042480002000D080200C0080000064600040200008000022600A000000000280000000000000840000448A800000000014000212100046828000202000100028000800000814000105147030811328051050102100
	1027040000280804440004001A0000001000040080000402541111018145018030001082040001581000000060500010000000601000100110111800B7AE7008103088A000108A000602100000001014000022A4000024300400922600000000040C04200040000400008000004C8000000082800400028004000000040400
	880200880000169058080048440000701080045040800000000003010410080510050820181088002800000030020821389004141830840000002C0010912100040A041804084610004012000800021910181600194A0001081A0010005804000100A8D8400200000000000204020000200000000010000000000000000020
	04008002000080100004208008002000000000000000000000010000040800042040000000000010000000000080000000002004004000200000000004100004000000000000000410020000181000000080000000100100180001000000000140000048000004480000000010020002000800080000000002040000102000
	000000004000000100D33B2000A0000000100080000020000000000000000080220008001000000010000000000000000000000200001082000400800000000000000000000000000000408008000200C000020000800000000080002020000020000000001001401000001861000010000000010000000900000000404000
	005000A018440020040001100000800004110000401840084010104040101000500800000008000410000000500800D3AE00000000000000000200000020000000000400000000000020040000002002002400040000000000000000000000000000000000000000000A000000000000040000000000001000000004000000
	04100000040000000000000000000000000000000000000040000000000010000844000000000000000000000000000000000010000000000000000200000000000000000000140000400000004000001000000000829802000082200A00000000000200000000002000000A00002010000000000000000080100010000000
	000000000000000000800000000000408000400048800000000004008208000242100000040000000010000000400008000118800020000800000049000800002008400008000000000800000008001000000208001020900000000008000800000000000000000209000800004008000000080000000800000000BA030080
	10000000040000880000000000000802000000000000420020008000000000404000000000000000000800004008000208400080000800000000000000000280000000000400800000004008000000000000000000002000000005000001200000802000001000020800000000020000000000000A20000000000000020000
	00030000000094000000040008000000000040000000000100100000010000003000582D60000000008000000000000200100000008020042000000020000004041002000000000000000000000002200000000000000000000400000000002000040000000400040008000000000000400000000820240004000000040000
	00001000000004001000010080000400000000000000000014000000440000000404000104100040040050402000009000000000200000005000000000020000020000000000000016DE8010300000000000000004208402000000100000148000008000000800020008002008002000004004000000008000000000000000
	02000400000400000200000000000000000000100008040020000010000000001000120010020500000B1000010000001000040000100000200400003080002000000000000020001000000104200000010000100000221000000000102004000000000000000810001000000000A543000400000084000000000000001000
	000000200400000000000000002000000004400004000000000000000000000000000000040000000000040000C00000000800000000020010400E0000000000004000208000001000200000002001009004100000000000000400000020000000040000000014100004000000000000004000000004000000010000000100
	00000000000000000000000000000000000220000069740810000020020200000000008800000080240000100000200084000002000000000200000000000000200060000000000000000000800000800000000800040800000008401000080000000800001000000008000040840001000000040000040000000120000000
	2000000000100000002002040020000000008000000000200100010000000200040000180000940000000000000112000000003000000005010000CCD3000020100000000002080000820000008000008000000000004048000000000020000800000008000000400000020820000080042080000024809000000200006000
	00000010000100000004000010004010140800000000000010000000000940240000410020000000044000000000000000100000004000000010100425100020000000000010000000000024200000082000000800000000000000400110000100B3EDE00282000000804820108000100C1840000200000004CA1020000006
	00000000488020800006000200201008000000021C0000001000100200000004200038821000249000040060700800024108082000800000100820900C00042030000030000070002010004800402000007160000230200011000011A014002020400040108030000010002140120000001011026000100010200811400000
	1838000400300000B588008200000000004008000000000000400002000004001840000000000000000008200000020000000000000802002002081000040000100204000080000000800020201010000021400800000000000000400400000000000408002000102000040000102000004000000000004000201220201010
	00000000100020000041003000000010000000401000001020002040082000000000000000100000080000300000FC1340008022000000000030840008062008008000000000000000000802000000004002008010000208002000100000000000040080000000000000180402600802100004000004000000200000000108
	30148008003000002000000014000000180000600000110800004030041000400000000000000110410004100000441004000810204000200000020000040013000000040008200001000020002000041001000027EB2000100000008008000204001080100000008000000080024020400400000000008220080400000000
	00400000000008000000008030000080200000000030004000800000000040001002044008000000000010280080100000000020000100600000000040200000104000210000000000000000000000208000000030002080000000400000110000000000000000002000101000001840000800005001000000008C26080000
	00000000000000000000001002000028000012000A1080004220041000002002240000060000080000C000420000000860008022000002000000000000000220000000000800005000200020980000400000100040480090000000000000000070200000000000000000000000000000021000000000508000000400140000
	20000000001400040010200000000010000000400000004110001000041804020099ED400000801000800012800000108800000000100004802000440000105080000080480000022800001000000810020000844800000400100080000010A200000280001800A00640008C00880008024000001010000000100004000008
	0000100100180000010820002005000010290020401928154008A004200802000010200010201006100080003100000401000000000000100910000010000100090001000810005987400000001000800010000000008002000000201010840A00D004025000541000A80024020A2000061800000840124002040020080080
	201280020000A00000020080300002040040040008900000B00810000010000050004400009000000100100060100008200000010000003800001040002C4010A000400080001000201000101006001010800430001401200000001000100910000011400010110011000800007E5600080080000000008200000010080010
	000008000200002000000000A00000000040000000000000000000000080000000C8400004000000000010000002000000020008208000080880004028020040000000400010000008000008000010000800000001200000002400000100200009000013080004001820000200040400002020000000040000010000000000
	000000000000400000000001000008080416000053D7002000000020000002080000020008100200000022000000204000100000000000000200200050002040020000484000004240000002400000000200000200042000000044100048081200200000000000008408000010400000000000100040011010000010004048
	00000140002000010004011004048300040000000004000000010010040000100400000000200000090000000100100408010000400010000000B4EA008200001002000200200A0480000220006400200010020000860240002400101002000008000402088001408220100208000000A04802010040400808040022020040
	0688200000A000044010000018221C0000500205000A50200403082001020061000009200B002300340012148130025002080240000020400420130020013E1002004203640208076020100040000000000000204401000010080000410000005ABD0080010000000000200008000000020802040000003002002004024004
	2000100000000000280402402800420040004200004000480240000000000206080402002044008030004800282000000000000012800412400041020800040A000140030040100811006800230400001211200102440000024184002040040002000000160300100201461200024000000060000000000000400000040100
	004001C0000000972E022000002210000202080200820000106000200002000000824010000000000000000200000010400000000108A20010004A000000A000024000000000002000000202000844000000924004100018000800000800001400005020000011200010000021000000010048200140000004201001121804
	0002000400003000200400210010000420000408210430000000000900000001100008011000000800100000005D040000000000000000000000000000000000000000800000000040000000000000000010000000800000000000000000002000000001100000000000004000000000000000000010000000000000000440
	0000200000000000000000000000000000000000020000000000000080000000000000000800000000000000000008000000400000000000000000000000000000000000000000002000000000000000000000DA7900240092806400128460240284402016A440001280414016A0010016A2410014B641020434419204A441
	120420C112040081122401C0192401C05824018042244180002441820004419200240192142065821400618224004092340040821408408224014290260152801401C200A411C2000011C2002011C3002010DB0020008A004910C2202810824028108240281200480D1200602D1202402012224000120241008E4480644892
	802448928020489284004892A4004892A40140B2A4090092A4490090A4490280244912002449920420C9D20400C9922400C8922401C292240982922C4990902C699280244992002C499210604992140049922408499234014192340948922449489024494A8024495A202459DA002459DA040459DA240458D224054092250D
	1092244D10906549128065491200654912006049120640491226494812244900E6C6010000000020200000000002000000000000000000000020204000002000000020000000200000000000002020000000000000000040020000000000000200200000020804000000000200082010000000100000001000000010100108
	04000100101001010000000100000011000001110004021100040010000000100405001000050010000100100401001008010000002010100900000001001000010130108000FE0310000400100000000000000010000000000000040200000010004000000000000000000000000000001000040400000024000000040000
	0004000000040000082400000000000040240000000000000000000040000400000004004000200000000400000000000000240000000400000124000000000000000000000000000000000000000000000008000000000000020000000201000002010000020000000000005778862656F61616EAD692BA52725646F2D20E
	8E42426E4EC6AA269656328C4C2884AC940A2814043212A2068EA6060AA6864642266B86C2870A02800E46A6A6D2120E8A3C3ACE86E82A08A82A32707E2A3A4C605A022A180E1E454433232D3C2F370545584B085923056C2530E81948A0316A233068154E021364263E6A356603122D25130255070A1F6D2C520229700302
	7E2F401E0B7A0722520166122B5E02067D2500B34F0C0CFE5EAE8E4A7200084E4ADECE725206864242E4C4062A04847E1EC06408A40E04220014241A2A9C0CAE86022A0A2ACCE8466A4440870202800A062424D21A06A21C3A0E46A82A08A81A02427A122A5C420A1220001E0E5D0F6B1B290F3F275C0E0051410062050D44
	31284001D4042F72273E440D56062C7C2632652457072F35071644041E4B2B7E06177C2516462B7A08095A09164003522603580F124629700052E3BEBEEE5EAE8CDEFA2A223E1A9E9CEAEA8200860680A6AC86AA32AE0A0CE884A83E2C22001EBC0A2A2EAE260E8CAE8EAEEEEE2F22464E8F8382004E0C2624F6F6880A1412
	4E46ECEA84002A327C5A1A0A344E421A3E3E1A0A584A4A5B1C1E3E2735434B5950116727054CF9785411D181015869585E175B032E7E4A5A531F5302267C031317571B4E2E7F44557C2517472D7C5C5B580B374707527A7F5607164A247C0088C686264AFA2624FADA98A09A8A0604C2C28E0C8E0E082CAC86AE0696366CEC
	A088AC8C8AA8262432123E1E062EA8AAA2824E4A8E82C6CE868682008684A4A4B6BAA022B0B28EC6ACA684003A22625A021A125A120A0E1C0A1A1A1E32220A1A0E167E1A104009586C6D440D29691D4C6C5D761B394939624A5370321A4A104642523232120210024F5A783551012D745B5A742549190B58535056034B1F07
	56565A742C008D900800802008800020088000000880000008800000088420080080200800802008008020080000200800042008800020088000000880000000800000028000000080080000800000008008000000000012000008120000081200000912000001120000001000480000004900000049100000491200044912
	0004481200044012010400120004001200410012044110000441100000411000004110060049100600481000ED501002C0100C8450240000104004000000040400000400480644067040864608000080200000001020849488240404042804446020000400080480000088081002202C1024480044640000160408400A3200
	000040000008100140444021203000206010004001002020012024055010002001000008000000440802104440020204300002050519190050000101010004011300000A5200221000000601310225104100C5CE081000221010021200020002080042020800004228A202209050002E400020001012020200002208100002
	0000000200C0200E04420002020004464000040A3804800800804E2800200A2022400820006000041410000206440518120401043D410001110040240400200000000C00100E441034451500140050100220010115090D13050040020208280802504008010A402220302120004212080150420100011000F0660004338402
	002000109800301290101082000600020000400000061000000424040000280402001202002402000220062200004284400404000200060602240408022610040002080CA00018202010081060520A000814000000232518040302100D00000108000049441400400124204130220020601202002504000804100000000010
	40100404440310140038000A5020080E410802000141020022002082602800A672000000020010000204000010240000028000000200000000804010068000220C0400120000001200000402000004020000000200010000000800000040000210000000004400000000000010000004200000300000000010000000000800
	042204400000020004001C000000C00100000844000048050000400001000044100004000200000100080108000000080000020000000408000020000400000000212110003EF010002000000010000000000200004000000000000000000A0000000000000000000000000004200010000000000000200400402000000200
	04024400000000002000000200000002000000020000021020000200000002040004400000040000000000100000000000400000000000000001001000001000000000040000000000080010400400000000000000310000010000000120000000010000100000040000009986000010000000000000900000200000000400
	00040400000044000004000000040000100000000000000004800400000000E0000000800000080000008004000000080800800000200008000040080000004020000000000000000020000400090108000000000020000000000000041000010010000000000020010000000000002000000100000100200A000040080020
	080A200403000021020A0020000020000000183904100040800000040002000000001000080000000008000000020000044002000000200000000000008000200000000000000000000200040000000000020008000004100E0040040200003000200810000004000000080040040449000000004000000140000000000004
	20000000000004022000000000040001100001011000001300000000040000000000000006000100000000000010000000000000000010003FD009022000000C004000002000000800000000000022000040000040000000000010020000000008000002000000002804020004000040000800000042000804200000002000
	000800002004000000000000000040000010000000100000000002002000100000000000210000000400200002000000201002010000020000020000000000000002000000001400010000004000004010000200000000104002010080002E330000001000100020000000009000001000000000A000004000040018000000
	00800002000000100000000000000000000400002000440000000004000000120004200400000000000000000200002000000000000000000000000000200004000010000008002400400004000840000060000000004000001840000060040000000000000000100802080000000001000200000A20080000000000000300
	00000000002874000080040000020000000000000000000000020000000000100020000240002000000800000020000010000000000004400040000000020000040002000000000800001000080000080000004000000220000214000002000100000201001000000001000100000000000020110000001000000400010004
	000000000000000404110005001401000040000010000000100000040000002240000000000000006000002BD1000000800400001008100050001000000004004000000204000000400004000000000000000000000000200400000000002000080004000000800000400028040080000040004C0000800020000008004010
	4800000000044001100500012000010000000000000001000000000010000020200024000200000000100008000001080000000002005000001000000008401020000250002042000000024100020009004D3D0000020002002000000000000200000202000000020000201000220000020000001020000002000204800A00
	00020002000004020000000400000000080600000402200000000020002404082800000000000000180000000000002200300110002000000041000000201000040000200000000010000000040002000000000300000000004004100400000140000000000000000000000000100300200000000040008D60022020001040
	00121008000002000804004000220000080030000020100000000400082000004000000200200002802000024000001000000440002000000000400000000000122000100000000010080010104000101000000030000000100000000000001020000000000840200000420020100000000000002400000021000020000010
	0421000000081090406010100000001000000000004000040140000041007164000004480004402802200A000410400020081000002020500000080400006010002800000220001A40000A0000000042100000206A005002000010001000000000287400180000000060000618400220420000080800000010000000304000
	201002043041004000000004200010152000100200081011422210100002100040001200002000044000140020000A010000040800020001400050100410002004002000456B002000000040000008000008021000080000100000200010000000000000004020000800000000000040000000000000120000204000100000
	00001010000000400800201008001200000000000002100000100000000010100000000000201000000000000100200000000040100000000010000008120002000000000000000010000000040421040010009000004000000000021000001000000000100040400000F10700022840001400082000040004002040006000
	00000020480010280400001000000E00001200500A00800008020080400000000038000040000028000040000000000000000000201000040000082000100048002008000000000020502000001200003400404000001000040000000400400020001000010000002010010021200800006000000000102800400011000410
	0400000000000000200400002400010000545D000000040000621000120600000000040008220000000000002000001000200000020020002000000200002200002002000000400200000244000000000000000020104400000000600000020050000842000000100000000000001000000000000000000010000000000820
	200010210210000200004000201010040200400002080000100000400000000002080020000008000000004140001040010400000020002EA8002200200A0040000800000000004000300800000000041812402000000020000000002000000020400200100000000000440000821000102000020004000000000000002000
	200000001040000000084010020000000010201800000110100000402010040000000000000055001000401000002000122000400000400000000100020010020012000000000100000010000000002000001001002010004000000000F9F704080000A0000000020000001008100000000420001820022000000008100000
	00080400004016001000400000322040020000200000000000021000000000204420000004001208144000000092500000001800400400020000020820044000040100000030000000000000200020002401001000010000200000160200001000001000000004401002100400121064000000001100001000400000210004
	01001300E323040200208020004002000000100800002018000010080A30104220001800000000000420400030024210000002100000420000000000100000021000000420000040000004200230104000001080104810000A1004401200180000001104000000010010300400000000000050250000300500100020300000
	4010060042001000010200020004420012100000001000001000000030100001500000002100000110002F280028000002080000000800000000401000000024000000042000000000000020000800000000000400005000200040200400002000920000200002000000000024000000000000080400104000020000400000
	0000000000002002080020104040042000000000000000000000002010400000000100000200200000000000000000001010000010000004001201640000000000000100000000000010004104020000B169822400008000000002400800040000000040001200000820000000220000002004400200240200000402000000
	10080400020000000A00000000000000000000008010000000000020000020400000000000000000002000001010000000000000000000400000000020000100002042000000004804001040000000000000001220000000002100006100000041000000010100004100000000010010000000300000418900002000102052
	00000000140A00002024800008200000504000580088300008100A00004000020020D00230402010000010300460144005320040AA0000042200000020400A4000004A000022102000205E10044A10000000080920500421040013211000112043040024101001018402010020100100012000200000210021000C00011064
	4000041010410020000304121000003220544400001000205000000400186786200120A0100000024010080200000000C0001800200030000048020820000000040002000200020422100000000400000210000046000412200220000020040080100002084000002020001002000002080010104800200008190004000120
	02000100500000200004010000004500000000004014000040200000000020012400000130000060244110010041000004030000024000000040110000105080200400178D0000000000005200000000000C000000002402000000480040000030801028000048000004600000401000223040081010000024300840000000
	00800000020000002000400000000A4000002040200040100004000200000010002000500004110010200100400100202400011020020300002001080011000020002000000012000000040000010010004000200102100011003001005004000000002000000010006A010000000000000000000000002000000000000000
	00000800000000000000000000001000000080000000000000000000000000000100000000000000400000000000000000000000004000001000000000002000000000000000000000000000000000000200000000000000800000000000000000000000000001000000080000000004000000000000000000000000000000
	00000000002000000010000040000000B6D380204410002000900420648200006094200040962401008624010096264100843241008430419004A4419004244180000441822405409B240540CA200500D204050080044D02902045021024018214206582100021862000009634014086000940961008028426495284140992
	04A048C204001992000048C3240018932009409A004900C2440910824048108200490002204D0202202D1206406912020008022240005600822C4812022C489200604892040848922408489234014892240908923449089424490A84244B1A04244B9A0024499A0404499A2404589224014092242910922449009064490280
	244912102C49921060499204084992244048962441409624090096344900B024490280244912202449920420599204004992240448D22405409224090092246D1092246D128224491202244912002049120600491224004912240100F7AE010000020200000000000802000000022000000222000020000808020000080420
	00400000020000200A02000000420400080A00000002000000020000000200000000000802000000020000000200000812000000020000001200014022000000020000010000000000000300002401010000001000001102000000000000020204000002010100100004020001200000014100100001100000010000000100
	048100F32C1040200000482000000000001040000010400000004000200000402000000020000008000000402000104820001000202000400020004000200200000000000000100000200000402000004820000000000000400000000000200000010010000000100001000000002000000000001200000002000020020000
	2000000000100001001000000400000000100000000000002000100000001000000000000000100000504EA6A65A5A6E2E4A4A223048721E56705034647A5A666670186E6C402A2428141C22382A2A7AEA321ADE4E58582E2A54740A2A7279284A212862403E76080874245A5A34367A72042678786E6C686A303240680E0C
	785A303259792221101321234060756700012725022374E60300E465062160603714505132304240032821372D24030023214446273746562524715024253014313047721011705025245353757500436ACEBE52722C2C4A4A12105C0A0C4C705036266808242470384E4C00220C0C14142A28020A5048223ACE5E58500E36
	5C7C08383218484A212042403C340A0A742458582634484246645A504C66686812104E484C4E785832305A782102705132301210757511102625414275660001C464056421602415604072706042211002142D2621226000474562704647203150501504705100214602511070512405535325250071BC84841A0A66064A4A
	22302C520C54202006461A1A644470106C66424A6468141C120A4A62DA526252CCC4521A240C5454484833322A40096360425E3E0A0A7474686814265A4226243238044E4A4A123026084C0E7A7A02004B4921237233220142603725000127070122F5760011E5C50504414004054141303260423B331334090A0113632343
	412636425324257151252404112031675711107061243512127575005FFEC4B4526224044A4A021000020656424204047A3A260632122C2642424C4C141408084262404062724C54622204344666425232124A40006240421636080826264A4A06344802642612120624484A10320A0A4E0C585A20026A4A02005053200312
	0235351110240500032527011044750465014125246041101222003210113603020210220000022331434321304160142501110120430250015141251422220101000B8100000208000000000000000800020000000200000002000008020000000000000000000008000002080000000A0004000A0000000A000000020000
	00020000000200000000000002000800020000000200000002000000020000000200000002000000000000000000010000000100040001000000010000000002000000020004000200000002000500000005000000010000000100000001000000010000000104001F36803008600022004002100058000810001010203020
	2000306248400848081C0C0800000248000020504050083414000818002010004000080000204002003020300000320800422020300044502000202010404200400002410022006101003010102000110004000002200010010024070620201005121200200000340020320114000041104044222600041004403010014000
	0000303001005000003000201100000F095804000268004A22002050040C52401020220840400008400C00206004000010300C2A2022603A10203828004000342022181C006808000060224010080000040A7010007060000E0048422828000202006408084010220428200105002031010040544000010020206002620210
	361200600000231200201140622200115301240103332001010055001002242020000024223001214000504000102400404204210006CF204072180044040010000020500000484440500004427000002008002244200002300008000400020C00021008600014406040600022642000401024000000104000220400102040
	40002802004420005808060008000020104100220050424620200031001020000301540001020040601102420020204022000040002004001060200000200202001042100111120021101044701000020011020011013010601400F8AB80301000002040000410000024000010000000000000000020000800004002000000
	10000000800010000000000004000800000001000000080000404000000000000000000000400000000000400400003060020010000208000000000000200000012402000000100000008000000042040200001000400000010000000820000140000100000000000000000010000110100014004000204000000100000200
	04004822000008224004000202000000005000001000000020000040000040000200000400000200402002202400000000100020700000402000000020000000000000000000000640000002100026400800000000040000080000000020200040000040000000100000000000200200000030400021400000021002000020
	000000000010040010000000400204000010052000002060000100201001000000000020000001003103000000000A0000000020000020000000002000000000200000000000000820000020100800000020080008100400102000000030204800000800000400002000004000000000000400200000000000000000004400
	40000000000000000000005000000000000000000200021100000404000000000000000020000000000000000000002000000000000004210000000000000004000000000000102000100020400000840000400040000008041000040040400040004010400010000000002820000418000800000000001000000000000000
	0810020000000000002000001002081000020000100800400000400000002004000000000800000000204002010000000300000010100000000001402000020200000002000004000000000140100103000020012200000400201200000000000000000000004100000010400004002000000000A499045000000000200000
	00205000000000120408000006000048040040040000001000000000000000400020026000000020004000000000284000006000000400080020000000002000004000000000200840020000000020000000002011100000004000000024004000040000000010610020002100200052002000200000004000000000000001
	014040020000004004100000200000220040000000000040000000C046000000000020400004000010001000000000000000200000002000004000000000000220000A020000200000000004000040000000480000000000000000002000200000001000020040000A00000000080000004000002211000000400000041000
	204000002000002000001000000400000020020000002000000000000000000000001021004000000000100020000000002000300000010000100100100010000013BE0800200000000000000040000A0050000000002000000040000000000000000000000000200410000010000000500010000000000000200000402000
	00000000100002006000000000080020000400020020000000000000000005000000014000200000000100000000002000000000000000000000100200000002000420110110000100000200241010000020000001001004000000000000020000100000000100463F00000000000002040000000000080800402040100000
	20000008200000080800042020000040000000480010240000000000000402000000000000004000100050000020100000200000000000000020001028000000000440002000210000122000000000100000000350000000200000000000001000200001400000200440200402000040000000000000000000000000000200
	001000200000002010000000000056EF600008520000000000000008000000000000200040001008420000000400001002180008000000080000004800080000080020180000400402000010000000000020001020000800002008005020000240000000000000000100020000000020000000000001000000000000000300
	021002000020010000000000021000120000002000000000020000021000040012200040000000000010000000000000401024005DC500000002000000001020400000000010000000020000082010080004000000200000000000020000000040000008110000000000001000200000100020001000201000202000002100
	0000002000020000100000080020000002000000200001002000000020200000200000502020085000000010000001100020101020004002000000000020001000000000080000000000101000010010010000000000000400001CDD2080500000020A60000000004010080240205000002400440020002014480800600028
	00000020400220001002000002443002202000001002400200000820004008001008100010106208004800102040004010000000001000040042102000100200100050000000000008000001140200002220401000000240000000100020103001001249000020002020505100200000002000100040000050003831000100
	00D7EC00001000000002000000004000400002004002000004000000000004000008004020000000020020002000100200000200400000300000000000000200000000000820000000000150000000000000101000100000002000000000006000002000000000002000000000000000000008420000000000100000000000
	0000000000000001000001080000000000080000000000000000000000000000000010000400005C17A000004002000000000004000010300820005000200008400008000048002000000200001000400002004000000800000024000000003000000208100060200000000000002000100200000840200006400000002000
	0000000000000000000100120010100000000010000820401000000000004020000000100000000150000200201040000000001000202040104000001400002000000010600020182000010000C1D1000002000000204800300400000000000000000000002004300020001004000000002800000000000000000000000110
	10000022000000000040000008001000502000100018200020000000000800240000004008000000100200040012000000200000004020002000000010000025100002200010010002005020102000001020000042100060002000001000000100200000001011004100100000000001000000345B80488400000000000800
	00000000000042000020001000002000000000000000000000000000000000340020200240000020000002000200001000001000002000000000400000000002400000100000000000100000000020010000010000000020100000200001000000010000000000100010100040100040200010001060000000100040201010
	00211000100010410000100020000000000000020100200010006FCB001240000800000070004000100840102000000200400804001004404010005020402400000020000000005010401000100248101000500020421000000000006400021010001048000028024000180000000002401050020000100A00004200000040
	00004000002000020000000002000100202140022020100200006002000000220000000200402000004100000000200020001000004100000010001000400000DDAF820800C4000000002058000010080050002020004000080000000040104040004020200400002000300420500002005000220018100000504022001000
	0000200440120000100010000040020000001000001002004040102100180000004200200040002000000020000002000000021001003020111260401002202000224000002010000030022000002150000000000130000020000040010000020020000010000C221040000000080000000040000000000002400002100000
	04300000040000001000000000000000000000000020500000001040000002020000100000001000002000000040000048000200284010000800000000001002000000020001000000000010004000000100000001000000000000000040000000002000005000001000000002000000001040001000010010006000001000
	00000000000010010010004000FA5E02080000120000100200000000080000004040300000080000000000040000000400000020000800000040000040080000005000001200200010100000121020200010000000120000100000001002200010000800000000000012400800000000000000010020404300004000000000
	10002000012000400000001002202400100000001000200010292010002020000000000000010010000100000001010000410047692480002200400240002042140000122000800200400400522004620830400010304200000442300000E40022000000320000000040200003000020020000004210002000020020000200
	20104000001022000000124000120250000042103000221030002000000220000010000000B0002002000210001020000000000140000122000000630000000002400000114000001240001002000800122000101200300200B7D8820803000200005002200240000802104080422000041840000402400000000000040000
	40002810400400420000380200001040201000221000002200123002100000100200100002000000400020000200000802500000124000400250003002100000000100004120004000000020000002001122005000000010000204002102000000122000000122100000110000000240100102100001020000011280205000
	CFF92500200000500002000000100000000000001000400002000020002854201000006000000224000020000020004000000000000040020000000000100000000020002000000022001000201000101002100000000000120000001200000800000020102000204020020000000000100010202000000000000020000000
	2040200010000021000000380000400020402000000010000000000800001010000001020100D658000000000000000000000000200000000000004080000000100000000000000000001000000080000000000000000000000000000100000000000000400000000000000000002000000080000000000000002000000000
	00000000000000000000000000020000001000000080000000000000000000000000000100000000000000000000000000000000000000000000000000000000002000000000000000000000590B00244012002440820420449224006092200040862401409224010092224100943241028430419004A04192042041920000
	41900001408320014082204100D20041009000410280004112000041900020619000006190200040902001409000010090020100900241128030019200A0419000200190000041902001409120014090204100D06041009220010082204110002001120220411020002112200040122000008AB08024409210244092002040
	9204004092240040922401409224010092244100902441028024411204244392042041920000419220004292200140922001109220610090204102802041120020419200204192000041922000409220014092200140B2204140B020414280204152002041D2002041D200004192200040D220014092200100922041009260
	41028260411200204112006041120040411220404112204100577F01006000004040000020400000404000004040202000000010404020004040200040002000400020204240002052500000520000005040000040000000000000400000404000100040001040400010004000000000101040400000004010104000001000
	40000000000000005000000000000010402020101000200040000010002000101020200010400000102000000020201000000010104000003000012032C0004D621000008000000000000000001000000000000000100000000000000000000000000000000000000000100004000000000010000000000000000000000000
	000000100000001000000000000020000000000000000000000000200000002000004000000000000000400000000020000040200000000000000000000000000000000000000000000002000000004000000000000000400000000000000040000000000015E086C6B0120262127042020620520230106636125022425030
	0252305064040060061420407080127286167216225252305232307312121152021210520222702002127070105040101010603242003260023040122200722022306032420032604070607240402270404070E02040F060106062726062126030210032014072401020003200027200526242725040201000304060500042
	7200506040500061516313000694F6965232420230102242044012427002065630304202301242225032040460004624402010006202C6261666001032401232602002525110420210100202521042522030002010600050326010006032004012407000207220603240100060120002306050000240200010606050A03002
	2250406030205202203200635000320200320060104032024270022010002010007040201042021040704000300121534300D7306606D0326222725222422646124260320646626272327052423240226464600056264020F0707212C4B4167662623050525053120242530342125212022262604252202070702070307010
	62726060323252124072222072327232605242603250723220104032624040B0102050E0F012723000025200723330320023514072323032006212403272323202605010303020300060107252100030204030507073230031F4A6F66252026212706222424052024242763602403252523222623252640400606464204060
	00126274647606204050207220004242521042424210120222223202126070206070204050423070303260425040125250522042706012723032400212207010102060200000403010300010006252101232401222003232323200122200323032720012224232302020100030507030204212001050503020201021130049
	FD408000204002002040020000400200004002200040022000400220400000204000002040000020420004204000002040020000400200004002000000020000000200400000004000000040100000401200004012000040120000401200004012000040100000400000004000000050000000520000005200000012200000
	5220000012200000126000001260001000200010006000100040001000400010204001100061EA00829080020010300200000040420000121000004000102000400020000020400410402000000040000060001200123020004000020210000000100000000000100000000020300020000250000040120000000000001200
	200042402020200220605022004060600040000060404020206050002000105200002022000060400000003000004000004010224000022000102000500000025000000040400020005200DC5A1240201000420000404200000210100044002010000220100000701004000000100020000004620204140660000000400032
	2010101000000212000022002030400010300010000000001000000010602000401200000032000010220000426040002000000000004000002000000010000002004020420000001010004000000000120240001020020020501010000010000020005040400000004000100000010100E484C41401204000200000000400
	10000010204210000240000052120040000240200200004000001030100010140010600010001062000040501000001000221000021260003000405000206022000022000020124000004040002020100000101000000050400000002020604000203040420020700040202000000200400012324000200000002252400242
	0000402000000040400000000000504000100060C0520000161B1102000000000000040000002000000000020000000000000010000000000200000010000000800000000014000030400000000001000000000000004200000000000000000000000000400000000020000020100000000000000012002040000000001002
	0020001000000080000000000000000000000000000100000000000040402000000000000000000000000000000020000000002000000000000000401000EABB008000200002002040000000120000100400001000420000000060100000400000000020000002201000022010000002000010400010000010001000200010
	20401210000010401000003000000000022000000000001002000000000000022020404000000000002000400040005000200050002000000200002000000000000000000000000020000020404000000000000040004000020040004000002040000100896800000000000000000000000000000000000000000000000010
	00000000000200000010000000000000140400020000000000000010000010100000000000000000000020001000002000000000000000000020000000000000000000000000000020002002000000000000000000000000000000000000000000000000000000000000000000000000020002000000000000000000000040
	0000000000000000000000608F000010204200100040000000400000000020000000000000000040000000200000000000000030400000004010000000002020000000004000000000000000000000000000000000000000100000000000001000000000000000001000000000000000000000000000200020400020000200
	00200040020000001000000020000000000000000000000000000000000000002000000000004000000010000000020000B1EC01148000000020000000000000100000001000004000100040000000040000400400000000000000000000000000200010000000020000000000000002000000120000000000000000000000
	000012000000000000004200000020000000401000400002000000400040000020000010004002000020004000000200000000400000100000004000004000004010200000000000400000000000000040000020009000E7C40002001000000000000000000000001000000000000000000002000000000000000000400000
	000000001000000000000000001000000000020000000000000000000000002000100000000000000000002040020000200020004000000000000000000000400000000000400000002020000000000010200000002040000200000040000000102000000000000000000000000000100000000000000000400000400068D0
	44800000000000000002000400020000420000200200002000000030000200000010200000000002040020000000005000000040000000000000000020000010000000400000006000000042000000400000000000000010000000020020002200001000000040000000200000000000000000500000000000000000000010
	400000002200000002000030400000000210000000000000400010000000000000000000E6F44000000000000000000200000000000000101000000000004000000000000000000000000000004000000000000000000020200000001000020000000000002000001000002000000000000000000020000040000000000020
	00400000000010000000404000000000400000000000400040000040000000000000000000000000000200000002000240100000000020000000000000000000100000001000000201005593000000800040100000000000004000000040000000000030000200000000002002100040040000100000400000000000021002
	00020040000000100000000000000020000000000020000022000010400000020000004000000020000000000000000020000020000000000020000000000020000000007000001002400002300000100040005000000000021000000000104000001000000000400040000000000000DF3280404000000000000000400000
	00000000004000000000000000002000004000000000002000000000000020000010200010000000100020000000002000100060000000001002000000000000121020001002400000204040001000000000000020000000002000002000000000000000200000000020000000001000000002102020101000000000400010
	0000001000000000102040001000000000000000000000D658000002200000403012200000401000500020021000201000000002401000102000600200400050002000005200000000400020400000100060001000000000000000204020002010500200100040020000400010000000021000000012000030500200100010
	00400000200020001020021000300012400020120000102010600200000000021060000000003002004020000000000010000000100010205000100000B94C00000000000000001000000010001000000002000000000000000240100010200000000040004000000000120000200010000000100000100000000020001000
	0000000010000000120000000000000000001000000040020000000000000000300000000000200020000000000000200002000000000000220000001000002000001000000210400000000000000000000000000000104000001000002000001000008F2C4080026000000020022004004000000020000050002000000000
	20000000000000220002102000100000200000001000000000000000000000000010000000000000400000001000004000105200021040000002200000201040100002102010420000100010000200000020000000002010002000120020000010000000025020120020400000000000000002005000000000002010000000
	1000000000100000000035EF00000000000010400000004000000040000000000000100000000000000000400040000000000000002000400000000000402040000020000060000000000000402020002000002200000000000020001000004000000000000000000000000000000000000000400000000000201000000000
	10000040000010000000200000000000004010002040001000003000002000000000000000000000001000004000000041740002000000104000400000000040400000404000200020400040200000000000000000000000000000000020000000102040005002004000001200001000000030000000402000200002600000
	20000000000000400000020000000000000000000000004000000000400000000000000020000020001200000010000000100202000002005010000000100000000030100000000000000000000000400000002040000C0B401000200040000000300040000200002210200000420000221000504000402000006000004000
	20100050000000200010000000002000200020000000000020000042000000401000000000000040100000000200004010000010402010001000400010200000000000000030401000004000200040002000402000100000200000001000200022400000200010000040201000001000100000000000106100001000814900
	40000040000040007000004200000010020040002200404032003000400040000060000000002000000010000000100000005000220000200200000000002000100200006020500000600000204010000000000000001000001000102000000040001040200000400000004000000000402000200000300000003000000022
	000000021000003200003000001000303000001000101000000000000010006040200010E2120020001000000000004000000040002040002000400020000040000000002000000000004000000010402000000020205000000000402000100000001000002000004000000000000200000000000000000200400002400000
	0040000010000000000000000000000000001020001000200000400000024000000010000010020000100020000000400000000000000040000000000000000000000040010010000093D180000000000020000020000000004010000000000000401000000030300000000000000000000000000000200010000000100000
	00000000000010002010000020000000000002400000020000000000000000004000100000000000000010000010000000300000000000000000200000000002000020020000001202200010000000000000000200200000000000000000001000000000000000000000000000400050D51000006000320040100000140000
	002020002050201000000030000040000000000200200010000050A0004040200010402000404000100140004000000000000040104010400010006000100040000022500002023000002250001002502002220000000040002220002010000010802012102020020000201000200001002020121200304210000002100030
	00000010400100002010404000002000200010003000166580000160002220402000000000000000000000400010004020000000007000000000002000000000102000005020001040100000400010004000000000100000004000100050001000400000004000000200000002500000024000000240201002000000600000
	0000000000000010201002000200220000100010000002000030021000000200022000001030000000000010010000100000000000002000800020003A631000000010000000001000100000005000202010200010001000003000000000000000000000000000404020000000002000400000000000000000102000000020
	0000400000024020001200000000005000020000001000102010001000020010200000001020002000002000000000002020100000002220002002200020100000000220100010020000000000000000500000200040000040000000000010409000A8FE000000000000000004000000200000000000000000000000000000
	00000002000000100000008000000000000000000040000000010000000000000040000000000000001000000000000000000000000000200000000000000000000000000000000000020000000000000080000000000000000000000000000100000000000000000000000000000000000000000000000000000040000000
	0000000000000000008F8380244012002440820420649204006092240040922401409224010082244102903641028034419200A44182002041820000419220014093200140C2200100C220010080204102802041120020019200204192200041B220004092100140A220010092204103903240038030009300A04093002040
	93000040920001009300014092004100D2402100800040028021410200204112002061120000611220000012200100FC56802440120024409200204092040040922400409224014092240100922441009024410280244112002441920020419200004192200040922001409220010092204100906041028020411200204192
	006041921000419220004092300140B2200100923041019020410380204113002041D30020419300004192200040D22001409220010092206100902041028020411200204112006041120000411220004012204100FFB201206000002060001020000000404000200040202000402000000020000000002040002020400020
	005040200000002000404000000000000040000000000000000000000000100000101200001212004010120040101200401210004002120000101001001000000000200010202010102020121020000212000012020001101000000210002012002000000000210000000110102000001000001010400030308000D4C50000
	00000000000000000000000000000000000000000000000040001000002000000000000000000000000000000000000000000010000000000000000000000000000000000040000000402000000000000000000000000100000001000000000000000000000000000000000000000000000000000000000000000000000000
	00000000010000000000000000000000000000000000000001000000010000000000382620206060303030342020447000002000606020206020202020007050301270702230202030A02020F05030603030103050401011101001004040104010105010707030707070307050507072525030305070121210102030511133
	73313173700100717331302231212160E03130B031323332323030706210317070313032323070313311317272303011013131715131111111313151711111701030101030101000C3BF60602020606070706060041040402000202020206020606070503010301000002220606070606060B0301040101040401010404050
	504140000010001010500070202020707030705050327052522222505000007252627251111150131323200100616131302221202070603130A021323332323131716310305272133200201030212353337070202021210000715131113131111051511011301030101030303000F91D606040604070646060606444404020
	202000600020606060606020302220001072426040F0507040F0D050007030507050405140404041414040500010104040505010405040004050506062525032323212505062426272434361213333313311135351111012030000F0402001B1B1313021203133736113336262121331315310333153334040303010002121
	416120312131213161511111313131313010303000BFB10000406000304040000040400000404060406000004040402030607060604050200020006040200070704000600020004040100040400000404000000000000050000000500000005050226052722020101042424242203041414303535361631113414111100001
	010161412001010111100100101252401010406012120323121003011213424230303020100051612131001020304151010101012120200020200062D2400000004000000040000000400000004000000040000000400000400000004000000040000000400000004000000040000000400000004000000000000000000000
	00000000000000000000000000020000400210004002000040021000400200000000000000000001000000010000000102000001020000000200000002000000020000000200200000010000002000000020000000000000000000002000000000DCA120000000301010003000000000000000002000000020200040200010
	00002040102000200020102000102000100020101000000000000000000000001000000050002040400060404000426000000020000000120000200010000121301040001100014010000010000000600010002001004020000100302000226000002120210020200000400000201000111010000101106101011001001150
	0041011000000000586C400000004000003000000000400000000000000000400000101000600030103000000000000000400020100000001000001010501010004000005000001010000000100000000000101000004030000260100000001000000110004201000110001000200010102000010000110010001000000030
	00200210100000300012011001110131100000100001000000400110000100100001200000000100000000001000FF0E00002100000000004000103000000000400000200000000000001000300000000000004000000010300040302030006000000000000000000000005000000010005040101050000000000002304020
	100020000030005002000100000000220100000011010000000000000000200000201000000000004000200000012040000060000200210200201000300000211000000000000040000100014000500060000000E3BC0000000000000000040000002000000000002000000000000010000000000200000030000000800000
	0000000000000010000000010000000000000040000000000000001000000010000020100000001000200010000000100001000100210011000040130000001000000081100000011000000010000000100100001000000110400000110040000000000000400000010001000100012001004000010000000000EC24000020
	00000000100000000000000000000000000000000000000010200020101000000000000000200000000010300000001000000000000000000000100000000040000000400000400002000000002000000000001020000000000000000000000000000000100000000000200000000000000000102020004000200020002000
	0020200000002010000000000000000000000000004000000000000020000000001FA10000000000000000000000002000000000000000000000000000000000000000000000000000000000000000000000000000000000000000000000004000000000000040000000000000000000400000000000000000000000010000
	00000000000000010000000010004000000000000000000000000000000000000000000000000100000000000000000100000100000000000000000020000100004000000000001F40000000000000000040001020000000000000000000000000001000000000200000000000000010000010100000000000000000400000
	00000000104000001000000010001040000000000000002000000000000000000000000000000000000000000000000000100000000000000000200000000000400000000000000010010000001000000000000000000100100000000020000020000011000000000000000000F9A301000000400000000000000000400000
	00400000000000004000000000100000000000000000000000002000200020400000000000000040000000000010000000400000000000000000400000003000006000000000004000000000001040100000001000000000000000000000000000000000200000000000020000000200000100000100020000000030001000
	0000000000000000000000000010000000100000D3C1000000000010000000000010000000000000000000002000000000000000000000000000000000000000000010000000001000000000000000000000000000000000000000004000000000024000000000000000000000001000012020000100100001000000000011
	00000000100000000000000100002000000020002000204000002100000000100000000000000000014001000000010000004000010040000000967340000000000000200000000000000000000000000000000000000040002000400000400000004000200000000020100000000000100000000000000000000010001000
	0040000000100000001000000200000012000002000000020000000000000000000000000000000000000010000000000000000000200000000000000000200000200000000020000000000000000000000001000000000000000000000000001AE30020000000301000002000000000000020000000200000002000200000
	00000020000000200010000000000000000000000000001000000000000040000000000000002000000000000040000000000000000000003000000000000000000000000020000010000000000000000000000000000000000000100000000100010000000000000000000000000000001100000000100000001000000110
	000000100000000D2E00000000000000000010000000000000000000004000000000001000001000100000000000000020100020500000000000001000000000000000001000000000005000100000002000000000002020000000000000000000010040000010000200000000000020000000002000000020001040200000
	020000000020000000400000000200100000000000100010002010000000001000000000000000400000000000FE1D0000200000002002000000000000001020000000000000000040400020000020000000200000000000000000000000000010000020000000000000000000000040000220001000200002100000001000
	00000000000010410000200040201000000000000000000000000000002000000000000010200000000000000000005000202000000000000000000010000010000001001000000000000000000040000000001882204010004000005010200000400000000000000000000010003020000000000040004000000010202000
	30000060100060000020500000100000000000000000000000002000000010400000025020000010000000002000001011000000002000100000000020000000010010000020201000200000204010000010100000000010001000000001200000200020000000000000000000100000000000100010000000BA0200000020
	00004000200000000000000000000000000000000000000000000000000000000000000000000020000000000040000050000000000000000000000040000002000000001000000000400000100000000000001000000000400000100000000000000000000001002010000000200000000000000000000000000000000000
	10000000002000000000300010000000000000000000000000000000000000000CE8400010000000120000000000000020000000000000001000100020400000200000002000100000200020001000400000000000000000000000000000004000000000000000002000004200100000002000000000200000200000310000
	0000000000000000000020000010000000002000000000000000000010000000010040200000004000000000000000000000000000000010000000000020000010000000000002E620000000400020001000000000400010002000000000000020400000002000004000400000001000000000002000001030000020200010
	000000000000000000000000201020000000000000120000100000000020000041100000002000002000100000000000000000100000000000001000202010600000001000001010000010200040000100000000200000000000000001000010000000000000004010000000909E0000600000100000000000000000000000
	00100000400000100000001000000020400000004000000000201000100010000000003000000000000000000010000020000020401000000010000000400000000000401000100000200000000000000000005000000000002000000020000000000010400000200000300000100000000010004000000100200000001000
	000001000000000000000000000000000000007EDD00300000006000001000400010400000001020003000002000000020400000000000000020000000006400004000004000703000000000000000000000100200100010200010000030000000001000000000000000004000004000400000004000112000002000000000
	000000200010102000002001102010000000500020020211000001000000003010005020000000100010000010000000001001400000000000CCA12000200000400000100040001040000010001020005000201000002000400000402000000020000064000030000000400040102000300000000000000000000210001020
	0070000010001000000000000000000000501000400000200000400000000000700000000000002020003000003000002010100000200030000020120102001000000000110010001060100000100010000000100000100001400000000000F295100040001020000000000000000000000000000020000000000000001000
	00000000000000400000000000000050100020100000000000000000000000101000200000000000100020000000001000400000000000000040000000400000000001102000000000000000000000000000000000004100200010000000500000001000000000010000002020000000000000000100000000000000000000
	00000000000012671000200010000000000000000000001010000000000000001000000000000010000000000000000000424020000000000040000000404000000000000010000060000000200000000000000000020040000210004000020000001200000000400000000000000000002000000000200002000000120020
	1000200002000000020000201000010100000000100000000010202000000000000000000090000000000000FC9A600000402000200020400044400000604020204000200060200000006000004000020000403000402090000030002050001010402000000150204000002020000000200010404000104040001140300010
	000000102040001040006010002000100003003040000240000010201000800030100220000000001000000001002100100100005000206010002100300020400010012000310000101000200030800000009B5520000160300000006000400000401040006000400020204010000000002050000000000040200000204020
	4000201020100010000020004050000000001000200040000040100000100040005300001012001000104042001040420000004000100001005000000000200000001000200030000202000010201000020000000300100010011000000050001100000000500010212000010000001000801010A0000000911D0150000000
	00200000000000000000000010200000000000002000004000000000000000000040000210000010004000004000400040000020000000200000002000002020000040400000000000204000000000000000000000201000100020000000000020000040000000002000000002001020102000000000000000002000002100
	000020010020200020100020002000000000001000100000002000000000009C1500000000000000000400000000000000000000000000000000000000000002000000000000008000000000000000000000000000010000000000000040000000000000000000010000000000000000000000000000000000000000000020
	000000000000020000000000000080000000000000000000000000000100000000000000400000000000000000000000000000000000000000002000000000000080000000A59D802400020024009204204482240060B2240040922401409224010182044102902641128034119300A4008300200092002001822021409320
	2140C2002100D20160008021200280012112000060920021409220016192200041B2200040B2220101B0204002A0124102A010419320A0418320004090200043902001429100004290214002D0014102900041028020411200204012002161120001611220004012000100F872906440121064409210604092140040922400
	40923401409234010092244100B024414280244152002451D2002051D2002041922000509220015092200110922061109020610280606112006061920021419200004192200040B2200140B2220101B2304100B0204102A0204113002041932020519220004392202042922001429221210292216102902041028020411200
	204112002141120001411220004012200100344B1120000000202010022000000000000220000020200000002000000220000000200100002001002020000200200000002000122000001200010002000000000000020020000012000100102000001020000200000110200000103000000020000030300000200001020000
	0010002002120000001120001010000000100000101000000010000000000021100020011010000000000000101000001000010010100100661F000000000000000000000000004000000040010000400100004040000000400000000000000000000002000000000100000040000000400000000000000000002000024000
	00000000000201200000400000024000000040002000400120004000000000000000000100000000000000002000000000200000000000000020000000000000000000000120000001200000002000000000000000000000000020000000B7EE10007050003070540202466202426040606040416041032303224020012361
	014240002060C00121C3430323436370106060723300121052005321610202622021233170414141135072223263227222031303520303716161516171612170202313213120000211030331A10313A33323231323020032203223003000200311336301116130021131210011300001113020212131210131110121010111
	0101213100504620005070101040600222464202426040400021210303210101012000010141216240200051412301E3432101414110300040323200021142015321210000622001033330014111034072120253026232030313423303617161407161510163332000312130000200010131200303B3231203013102302231
	20201222112013012020130361201301212110002010010120302131203001010010211011010111312100DAB9300040702030547002226646000020600040606160202303616060406361012162422000F0602101E1C123036361513141415342627232704341612100006262636151514141411352723121736240101313
	110032024051705151417060401032131000300012020303B3311313918132220232001200123312122210223022723312027072110331313020203031312131001001103111019121311121011131210079742020605000206040202242420040024220204141630301210323426241616101616000206041022062620021
	40613011014172626060326043412323020222224341515001411102407200105352510003130110121250402051015150505303201000103010000001012121021201111212112010323103320200301032203232220010213201133121203030200131112130303020011111811010003111112030004F89000010200000
	10200000000000000000000020000000200000022000000020000000200000002000000020000000200000002010000000100200000002000000020020000000000000000010000020100000001000000030000001300000003000000130000000000000000000001020000011000000120000001200000012010000120100
	001200000010000010000000100001001000000010000000100000001000D15C0010407000001010020240024002500000404041010321000003504000000020415121000150200200420021014241004000404140021000410300100000000041424042400012432243010040431000214200404203111101004011204001
	12010102201001002102022301020201310300320100200003002002102001100000020000202000000020000100002021300000001001012100000000000100011000004B24000010000000402000001240004000402000210040001061400000200041010100000020400100114000201042003061000100001240201010
	40012102000020002132000102610000002010010001100200100000000020006110600000102102000011010000120100000000001000001000302102202000033000000201120020031001010100010120000031010000200100011000001000010130100020000000769610002100101020400000000000000202400000
	00004040000000200040206040000000010000022003000302000000000160323200104100001040400000001000000121024100104120102002202061400000110120200000002000400120400020300000200100000100020001200020010000000111102000000000000000210110000002101320001110310000000010
	00202000200001100000012000802131004C850100001000100000040200002040000220000100000020000100200001000300000010004100A2000000220002000040010002000100000000010001400000000300000000014000000000000001000000012000000000100000000000000000200000000300000010000200
	8000000000000000200020000000000000001000000040000000000120000000000000000000000000000020200000000000000000810026BC00000020000020000000000000000040000000400040000000000040000000200000000000100000000000000000002000000050004000100000000000000000000040000000
	001200000000004000000020400000000000002000000000110000001003002000020200000000000010000010000100000020000000000001000001010000001000000000000100200000000100001000000010000100000000000000CB441000000000004000000000400000000000000000000100010000000000000000
	00410001000000014000000000020040000000001000000000100120000020000000000000020000412200000000000000000000010000000000000000000000000000000000010011000120010000000200000001000000000002000000000000000200002000000100010000000000000000000100000020010000000000
	00000000CF2B00000040001000000000000040000000000020000000000000002000000000000010100000000000000000004000001000002100000000000000400000000000002001104000020000000000002200004002200000020000000000010000000000000000030000100000000002000110000022000020012000
	00000000011000200000000000001000000000000000000000000000000001000000001000000020000019FD0100000000000030000002000000000000000000000040200240000000402001000000000000200000000100000000012040000000000000400000000000000040002000000001000000200100003100000000
	00006000210000002000400030000000200000000000000200000000200001001100001000010010000000000000000000000000000000001030010100002000000000000010000000002001000080002047000000000000000000000002000000020040010000000000000000000000000000400000000000000200020000
	00000000001200020000000040000002001000004002000000201000000000400000000000200000000010010040006001220000010000000001200000000000020000300000000002000100000000020000000021000001020001000000000020200000100020001000000000010001000000000100C64D00002000000000
	40020040000200000000000000024000000000004000000040000020000000000000002010000000200000004000002010000000000000000000004000004000400000001000000000400010000000200000000010000000000000102000000000000000000000000000000020000000000000000000000000000010002000
	0000000000000000000000000000000000200000000000000000300000A206001000100000001000000000000000000000000000004100000000004000004000012000000012004001000140000001000100205200004110011000400000000001032003000100420000000300401002000100030000004100000000004001
	00000000000000000002000100000000000100000000100222002000002000020000100000010002000100200010010000000000002000000000000001002000001000DEF500004000000000000000001000005000004000400100001000001000200000000000000141000000020000000100000040000000000000000200
	400000000000000000000000000021001020000020010000001000000100000050200000000000030000001000000001000000002100000000000000000000000010000000000200000000000000200011000000000030000000010000010000000020100000000000CD4F0040000280404010122000000000000000000000
	00010000200000000000002000000200000000000000010000001000001000000010002000001000000010000010000100000000000000004000020040021000000010014000000000000001010000000100000000200000100000011200000000200010000000000000010200000000000000000000201000002000100000
	00000000100000000000000010000000B6CF00001040000000000000400000404210402200500000000040106002002000100020000041201002200000000000000042010000000000106001000020000000004000200000211060110002100020100001010000000040100000000010102000002000300000200000012000
	00002000000000001000000000001020100010001000000012001020000000000000102000201000100001011000102000000101000049000000000000400000003000004000000000021040000000000010400000000000000000000120001200000001000010000000000000000020000000002000000000000100000010
	0000000000400020004000000000004000000000000000000000000020000000000000000000000100000200000020000000000000100000000000000010000000200000200000002020000000000000000000000000000000000000A287004000100000001000020000000060004020000001000000402000020000201020
	00000010400000200000000000000050010000000000010040000000401000001000000000000000000002000000100201011020000010100000000000001001000000002100020000310000000020000000000010000000000000002100000000000000000010000000100000000000003000000000010100200000000001
	00000086940000004280004000000000400000021000000000000000000000002000200000000000021000000000000000000000000200000010001001012000100000000040002000000021001160000000100002000000002000010000400000100001200000000010002000002000000010000010000000000010000000
	00100001120110000000000200000000000000001000001000000010100010000010200000100100002E1A000020000020000000000000000000204020000020000000000000106000000000010020001000002040000000000000100000002000000010000000000012000100000001004000000000200100000000000001
	00000000200000400000000000000000010000000120004000000010102000111000000010200000001020101000100010000100003010000020112000100000000000000010001000000000100000A36200000000005200204000000040000000000010414012000000100000000020000000000000000000000020000000
	40200020200000001000002000200000000012204022000000100020401000000120100000000000015000013002300100602010300020002000000000002000000000002200000020100000003000000000000000000000000001002000000000000000000000100040000000003000000100000098430000000020022000
	00000000004000000020100100220000000010000040200001002000000000000000200000004020001020000020001000200020000000000221004200004010000020000001210000100100000001402001000010010040102000102001000000210040200000100000012200000000201000100000100000101000001000
	00011010202000300100100000000000001000000010000001001000084F00002000104000000040000000000000004040001040000010000000200000000000000000000000204000000000000020000000000000000010000000001200001000200100000020001040000000000000000000001000000032400020200000
	0020000000200000000000000000001020001010002010000020001000200000000000000001000020000000000000000000001000400000000010200000000000006DAD0040408000400000004000000000000000004002000040000000000000000010000040002000000004004200000000000000000000000000200000
	00000000006000000020000000000000000002004000000000000000000000000040001000010010004100000140200000000000000200000002200000002020000000000012202000020020000020200000200000000020000020000000000000000000020000009072200000003000400020001044000410601020000010
	20102040A0422001600000400302204110200000E0102000206210000020004010000300015200000102200001201010010000600020001021200010000000102000205000006030000020120000200000200200020010001200A0100000000010001000100010000100210000000100700000000000010000000000100000
	4000200000500011211010000011008DAA2000010020404000204010000000500000300000002070008020024041200000004040220160200000205000002002300000200000400002000102000001000200412010102100004000200000212000000000001000002050004020006010200200102000402000002200000010
	00201000000000320000001020000000000102102001221000000020000100200000001000200000000040100000102010800010004ECC0140C0000010000000004000000400000000004200100000004000200000001000010000000000004400022000004000000000001000000020000010000020000020000000000000
	00200000120040000010000000000000000000000010000001100000010001000040000000020000000200000000001000201000000000202000000000002000000020000000000000000000402000000000001100010200008100FE3800000000000000000400000020000000000000000000000000000000000002000000
	00000400800000000000000000000000000001000000000000004000000000000000000000000000000000000000000000000000000000000000000000000000000002000000100000008000000000000000000000000000010000000000000040000000000000000000000000400000000000000000200000000000000000
	00001A4280204402022000900620648004002092240040920401009206010180040002902601128034519300A04082042041920020418220214093002140C2002100D00061028000610280206012000161820020409220016192200140B2000101B2000001B2004002B0324101A010429120A0439020204390200043902001
	429120014290214102D0214102920041008201411002204110022061100200611002004110220000869E9024441210244092102040921400409224004092340140B2344141B2344140B02441028024411300245192042051920020519220205092200140922001109220411090204112802041120020419200204192000041
	922001409220014092204100922041009020410280204312002043920020439200004392200042922001429220010292204102922061028220411202204112022041120200411222004012220100E2C20120001010200000002000100000000222000100104000000400000010000000000002002001000020000000201001
	00200000000000002020000000200000000010022020001000000002600000102100121200000010000132220000003000000020000110000000200000102020001000200010000000100020001000000010000000100000001000000000002010000000100000011000000010000100100080007C4C024000000040000000
	00000010400000020001000200010400000000000001000000012400004004001201000002000020124000000240000000000000000001000000010000004100000200000010400000000000001000010000400000020000000000010000000000000000000000010000000000200000000000000020000000200000000000
	00010000000000000001200000010000000000000000000000000071E350145476401072720040567250507010604061636135545625042707617110314645242405843636D1453105111110111121222340602020606000400101733331310203220211715070515141516072031303031311110172720203737320330303
	111121212311012112832321B032010113132220301200213202222030122171023273210013212112122222202001213313313301211110230330033020333100B82A40140062400052120050565200006010604061416524555625042606616111314745242014041616C347300430203031010162006000012040400000
	21215203000002022303012150705353213142131313030223131010737351514141011122210101000022000121110103018103212101010200200220203000232021030131013153010113232300003030313113132000200201010302210131033020020100B16A24247050201042422020323652104220604021216555
	654625240707617100216667070697064644B4C11520213122221020232202226060404040002121636310100000426270607141315160706262030213123313312150400003505330233022000011113123200190111212A2A021200100121202000130201033322200701010007270312303230202313110301333331303
	21230102023333231132302022001BAC041424462404703000100000420002102000210125245554250421016141101164650404242436302641142220201213010162406240406060602020010130212020202043636161704023430001622203030312031331215000723360613123100230302121212122032323222232
	30131332322222121022322212222232101212120232301103113113132323333301013313131013111111030303111210303200661300001024000012200000120000001000000000000000100000000200000010000000200000002010010024100000201000000000000000000020000000200012002000000020000000
	2000000020000000010000000000002000000020000110200000102000000020000300200012002000120020001200000012000000120000001200000010000002100100120000001200000012000000120000001200000012006A2D1200500440500040400020100000024062000263025004040100140331300020430004
	02030411000241030111003112001040022040200000200000000002111000010100410100400110004001004122121000201120101150414200031201000000010000010000200201000000002001100120002022210002000000202100000001002001210002100000202000003021002101202100000101000020002200
	00F3C740000240000010201000400652101000004061003021336204212000000131012054010400110406400000300201000021210011420201004040001001000100012100104100000030000042110013100100020201021100020202014340000002000110200010000100000020000003000000000000100000202000
	0020110220202300000000100121010000100120200000000020010001120000030101010100008E970052211210024012005214400040601000020000440640112006002040400010040000010400625010121006001202011000226000200000000040400020100002100000220250500150011000324002100001111200
	0000400100102000000221030000000102020001000000011100010003000000000000000010000000000100003021002002200000002102000001020021021000000001000030200020003100F089010000020000004000000000220000000000010000000000000002004000020000041004000080404100000000100000
	10000000010000000000000040010000000100000020000000000010000240000000200100002000000000000000000000000000000000021000000080000000010000000000000001000100000000000000400000000000000100000000000000000000020000202100000002012000020000B98A00500000400000000000
	00000050000040002200002000000000000000000020000000000000000300000000000001002000000200400000000000000000010000000100400000500040000000501000002000000110001051000042000000000000000000000000000000000000000000000001000000200000000000000020000000000000000000
	0000000000000000200020010000000000000000000000000000881B100000000000000200001200000000000200000104000040040000002000000040000100000400000000000000000100002000200000000000000000000002000000000000000100010000010000020000030003000000000100000040010000000000
	000100000000010002000000000001000200000000000002000000200000000200000020012001000000220000000001000000000000010001000100000000002EA300000040001000000000040010000040200000000012002400200120001000200000100000101000000002000200100200000040000000000000400000
	000000100001000002000000100200200040010000000002000000000000000000000001000100000000000000000000000000002000000000100000000000002000000000000000200000020000000000000000000000000000000000000000200000200000BD230100100040001020100000400000100000002040400113
	00000100000100100100300000020100240010001100012000011000000000000040200000002000112000000001004000000000000100000010000000000001000200011000020003022000100000000000000001010001100000000000002000200000000000001120010001000100000000100100010021000100002000
	00010000000000000001001100881B02000400000040100000004000400020000000402004400020000004000000000004000000000000000000000000000000000120000000000000000000000000000010000000000000000000001010000000200010200010004242004000000000000000000002000000000000000000
	0000000000000000000001000000000000000020000000000000000000000000020000000020000002000000000000000000004D230040000000020000004200000000024040000000000010000002000000400000420004020000400002000000100000000000020020020000000000100000000003000000000010000010
	1000000000001000100000000000100001002200000002000000200001000000000000200000000010000020000000000000000000000000000000000000000000000010000000300020100100201000000000002000000000C2D8000040001000000000000010000000100000020010402001000420103000000100000001
	04001004000010040201020000000000002000010040000040001000000000000040000000014000000000000200020002000000000000000001000000000100000000100001000000000001000000000000000200000000000000020000310000000003000000000000000000000000000000002000000100000000000000
	366A0200300200000000401020040000000000020000020004020100000001001000010000000100020010422300000000100001005002402000000040000000000000100000000300004020000000010102000000100001000000000000000012000001000000000000200000000000020000000001000000002000201000
	000001002000000020300000200000200000200000010000000100000000000030000121000065A5000000000000000010000000040000000000000400000020000000200000000000000000000000000000100000000000000000000000002000000000000010000000000000000021001000000100000001020001000000
	000000000000000000000000000000000000000000020020000000000000000000002000001000010010000000002000000000010000000100000000000020000000000000100000000000003DAF40001040000000000000000040100000002000600020000010240000400010002000220000401060200040000020300060
	100200000000100140020000000000010001001000000060000000000010221000100000002140100000000010000000000120102000000000002000000000002000001040000000001000002000000220102000101100000000202000100010001001100000011000000000401000000000BB0D4000000000000000000000
	00000000000000000400000000000000000000001000200020000040000020000000000010000002000000200000000000000000000000010000000000000000000000000000000100000000000000000000000000000021000020000000000000000000200000000000000000200010002000010000021000000000000000
	0000200000110000100100000100000000001040001000000042F500000000000000000000040000402000002060000000000020100000000000000002020010400000000040100000000020000000000000110100000200401000010000001000012010400000000010220001001020002140000000001000000000000000
	100000020000100000000000000000000000000000000000001100000000000000200000000000000000000000000000001000000010200000000000000000FB720000104000000000001000000014000000000000200020000004200040000000000000001000003000000000002020001040000000000001004000000000
	000000000000000000000020000000010000120000002000000010000000000000000000000000000000000000200002000000200000500000000000000000010000300000201000011000000021000000001000000020000000000000000000000000000023C5000000000240000000000000000000000040000022000000
	20000060000010400000002002110021000000000000004000004000000000200002000000120000200000000000400000000000001000000000000000000040001240000000000000010000000000000000200001000000000000201000000000000200000000200000011200000010000000000000100000000000000000
	000000000000102000000000D58D4002000000000000400000000000000000020001000020004000000000200004000000400020000002100000020000000230000000100000003000000000000000000100000000100120010000000010100000000000001000011002200000000000000000000000000000000000000000
	11000000000020000020100000000030000000110000000012100000002000000000000000000010000010000000010010002F2D420000000200000000000000000000000200000100222000402020002000441000002040210000011000000000004000122000400010200010200000000200000020000100001040000001
	001000100000000000000010401201004200000000000000000000000000000000010000000000000010000020000020120000002000300003000000101200001000002000000000000000000010000010000000010010005B1C00000000004000000040000000000000004000000000000000004000000000000000000000
	02002000020000000200000000000000000000000200000010000000000000000000002100000000000000001000000000000000001000002000000100000000000000000020000000000011002000000000000000000000000000000000101001000000000000000000100000000000000000000000001000002000000050
	21000000000000000000000000000000000040000000400020000000202000400000000000000000000000000020000000000000002000000020000000200000002100000020000000201000400000100000101001010010000000100100200040002000000020000000000000000000000000000000000000000000000000
	00001000001000000100002000000000000000000000000100000000000000010000000000C4836002409020400010221000045000022000200004002000000060004000000010102200020030200000A040000000004010202000000000011000000000000041000040000001200000000100012020000001000000200020
	3000000000000020000001001000000220002010601001800010002020100000001000003001002100000021017000000010002141001000200010000000300000001000000010000000005D5C2040010060001000300200000050020000200004200000202000002000004000200000020020200000200000002040002010
	20000000000030000000200000002100004001002000201001000100300000010001000110201000000100202040002001001020000000000020205001000010002020100000001000001000000100100031201000000010200140001000000010000000100000001000000010800000002F49030040900000000000000000
	00000000004000004000000000404000002010000000000000000000000000400000000000000000200000000000000000000001000000002000000000004000200000001000001000000000002000100000000000000000000000000020000000000000000000000000000000000000002000200000000001000100002000
	000001000020000000000100000000000000010000008000F0220000000000000000040000002000000000000000000000000000000000000200000010000000800000000000000000000000000001000020000000004000000000000000000020000000000000000000000000000000000000000000000000000000000002
	000000100000008000000000000000000000000000000000000000000040000000000000000000000000000000000000000000200000000000000000000053CA80244012022440900620449026006090260040902601009026010090244102903641018034439000A4439000204391002043900001429120214290014102D0
	2040028021400280216112000061920000419220016092000140B2000140B22001009220410390024113A030409300A0409300204092000041922001409320004092214100D2204100902041028020411200204112002061120001601220014012200100B83080244012022440920220409206004092260040922601409226
	41009224410090244102802443120024439200204392002043922000429220214292200102922041029021411280216112002061920020419200004192200140B2200140B220010092204100902041038020411300204193002041920000419220004092200140922101009220410090204102802041120020411200204112
	0000411220014012200100985B032000000020000000200000004000002000010020000000200000002000000000004000000000002000000020000000200000000000000020000000000000000000000000000020201000012000100000000000000000000130200000300000001000000010000000000000100000000100
	20001000200000000000000000000000001000010100100000000001001000010000000000000000001000000110008000798600000000000000000000000000000000000001000000012000000100100001000000002000000120000001000000000000000000000000000000000000000001000000000000000000001000
	000000010000100000000000000000000000000001000000000000000100000001000000000000100000000000000010000000100001000000000010000000000000200010002000100000000000000000000000000000A50820020000200022260002042040402202202200002220616222220000302131202330636331A1
	22228120002002020201212300200202020021232060020343010103111131310101302130312120303011010111311121212121311130301010111111131011021121211081101191011101110130302000301000001010110011500101501010100000101011111010100011211030113011003000101010101011001F14
	00002000220220200002040042422000202201012321416221200000300021002220626330212000830201202020222121230020000003002123010101014301010301012121011131311111202000100101001031110111212021002020100011010101000102012121110111119101111111013030200030101010111011
	001110010150001101010110101000313131211020013101101100200010001010001000D1D0200000202020262202002604424222222220232121236262202000003032303010026040B3332222A2A22020000022030301002000000202030060200101434303011010313110001101312100003030111001103131303010
	1030011010001010111201101012022121901110119181110110013030000010100000111011005110000051511101010111110000012111111131303030101010303000000000101000D3E1200020202222202002200200404002022200230101034242022202023010001000006040020302022100232223222222020002
	22020202020300030203030303030101012121111111111101000000000100000011111111101020010000000010000000000100012121000010100101111111013030100010100000101000000110000011011101100010100101212130301030212100101010001000000000101000725300000000000000000002000000
	02000000020000000200000002000000000000000000000300000002000000020000000300200002000000020120000200000002000000000000000000200000002000000100000000002000000020000000000000000000000100000001000000010000000100000000000000000000000001000000000100000001000000
	01000000010000000000000000000000000000000000007A18000002020000002000000000000000000000000003004060000221002030001030200200200000202000000120202000000200000200000000000101000000010100001001011020102010000100200100000000011100101100011110101000000000001000
	200000000001100010010100200100001000200000001000010000001000100000100000100001102020000020000120201000001000001000000000009C5D20022020002000002020000000020000220020200000010120010000000001200213000100200101032021200001000020012100000001010122000002000000
	000101000000011000002000103000001010011100001100001110200020000011001110010000000001000000110000100111100010201011001000001010010101011000101000101000100000001031201000300000001011000000001000111100901A0220010020022000020040000000000000200001202020000120
	00211101300101000120004120000001000003000121000000200000000000002020010101000002000010000000001101210001113001001000102020202000200000000010001100000011000001000100010001100000000010000000001000000100001010100000000000000100000010001000000000000010102100
	000011100001910000003A9501000200000000000600000020000000020020000200004000000000000002100000300001008000200000000000000000000000010000010000000140000000000000000000001000000000000000000000200100300010000000102000001000000010020020001100000090000000000000
	00000010000000010010000000001150000000100000001000000000000000002000000000200000000000010001800000C70000200000000000000040000000000020000000000000000000000000100000100000004000002000000020200000000000000000000000000000000000000000000000000000000000000010
	001000001010000000000000000000000000000000000000000000000000000000001000000030000000000010000000000010000001000010000000000000000000000000000000202000100000000000001010000053D6000200002000000000000000000000000000012000002100000001000000000000001002000000
	00000200200002200100000000020000000000000002000001000000000000000000000000000000010000000000000000000001100000000000000010000000000000000000000000000000001000000000000000000000000000000000000000001000000000000000000000000000001000000000000000100000C62E00
	00000000000000000000000000000000000000000000002000000000000200000000000000000000000100000000000000200001000000000020010000000000000000000000000010200000002000000020000000002000000020000000000010000000000000000000000000000010000000000000000000000000000010
	0000000000000000000000000000000000200000000000000000100000000000000000B5E4012000000000000020000000000000000000000000200000000100002001000022010001200000010001000000010000000100000000000001200000010000000001010000012110000001002100000001000100000101001000
	000000100010000000001000000001000001010000110100000100000000000000000000010000010000000000000001000000000010000100000100001000000000000000000080003F6D00000220020000000000000002000000200000000000000002000000000021002000000000002000000000000000000000000000
	010000000000000000000000000100101001000000000020000000100000000000002010010000000010000000000000001000000000000000000000000000000000100000000100010000000000100000001000000010000000300000000000001000000000000000000100010000851D0000000000202000200000000000
	00000000000000000000002000201000001010020000000000002000000000200000000000000000000000000000000000000000000000000000002000000010000000100010000000002000002100000000000100000001000000000001100000010000100000100000100010001000000000000000100000000000000011
	00000000000000002021000000011010000000000000665102000000000000000000000000000000000000000100200101000100010000010001000100000001010000010000010000220000000000000002000001000001000200000000000000110100000100210000000000100000100100000000000000110000000100
	0000000000010000000001000100000000002000000000010000000000000000000000000000000020000000100000001021000000000010000000001F010020000000002000000000000000000000000000200040000000002000200020000000000020000000000000000100200000002100000001000000200000000000
	00000000000000000010000000000000000000000100000000000000000000000000010000000000000000000000000000000000000020000100000000000010000000000000001000000010000000102000001000000000000000100000000000004F4A000000000000400000000000004000000040002000000020000000
	00000000000000000000000000000000000000000020000000000000200000000000000000010000000010000000000000401000000100004000000000001000000010000000000000000000000000000000000000000020000000200000000000000000000000000000000010000000101000001010000010000000000000
	0000200000000000001F1D2000000000001000200000000000000020000000200000000030000010000010200000000000002000200000002000000000000020000000000000002000002020100000000001000110000000001020000000100000002000000000004000200000000010000000000020000030000020000000
	100000000000000010000021001000100010012000100000000000000000000000200000100010000000001010000083B9200000000000000020000000000000000000002000000000200000000000000000000000000020000000000000000000000000000000000000000000000000000100000000000100000000004000
	10000001000000000000000000004000200000000000100000000000000000000000002020000000000000000000000001000000000000000100000000100000000000000000000000000000000000000000000000097900000000000000500000000040000000402000000000000000000000000010000022000010000000
	0000000000200000200000002000002100000000200000001000000010000000100100000000200000000050200000200000000000000000000000000000000000000000001000000000000000000020000000000011002010000000000010201000000000101000100000102000000010003000000010000010001CDF0000
	00000000000000000000000000000000000000202000100000001000000000000000000000002000000000000000000000000000000100000000000000200020000000000000000000000010000000000000000000000010000010000000000000000000000000000020002000000000000000100000000000000001000000
	00100010000000000000000000000000000000000000000000000000200000000000656300000020000000000000000000000000200000200010002000000000400020000000000000000000000000002000000000000000000000000000000000000000000000000060000010000010000000000000000010000000000000
	002000000000001000000000000000000000000000000000000000000000000000000010000000200000000000001000200000100000000000000000000000001000100000000000586F0000000000002000500000000000000000000000000000002000000000200040004000000000002000000000000001000000000000
	00000000000000000000000000000000000000200000002000000000000000000010010010100000000000000000001000000000000000000000000000000020002000000010000000000000000000000010000000001000000000000000001000000000000000000000001000002310000000000000000000100000000000
	00002000200000002000000000200020000000000000002000000000000000000100000000000000000000000000000000000000004020000020001000000000000000000000100011000010000000000000000000100000000000000000000000000000000020002000000000000000100000200000001000000000300000
	00000000000010000000000010000000000000000091D40000200000002000004000000000000000000000100000002000000000404000004000000000000000000000200000000000000000000000000000000000000000000000000000000010000020000000000000000000000000100000002000000000100000000000
	00000000000000000000000000000000000000100000000000000000000000001000000000000010000000000000000000000000100000001000004E65004000000000000000004000000040000000000000000020000000001040000000000000000000002000002000004000000000000002000000020000000000004000
	00002000000000000000001000000000100000001000000000004020100000000000000000000000000000000000000000000000000000000010000000000020000000000000000100000000000000000000100000000000001000000000000000D9E820004000600000202000200400800020200000000000400000202000
	20002000000200002010000000800000006000000030000000000001002000000000004000004000000000001020001000000000001000000020400010004000100000003000001030001002000000100010108010000000003000001020000000010020001000000050100000101000000010000010001020000000000000
	2000001000201000E421200001402000000020004000000040000000000000000060002020000070000000000000000000000020000000600000002000000002000020020000000000004000000020000000300000100000000000000010000000001000000010200000300000003000000000000000001000001000000000
	300000201000000000000010000000100000000011100000001000000000100000000000000010000010800000006E8D01400000004020000000000000800000200000000000000000000000000000200000000020000000000000200000400010000000000000000000000000000000000000400000000000000000001000
	00001000000000104000000040004010000000100000000000000000000000001000000000000000000000001000000020200000000000001000000000000000001000000010200000000000000000000010A00079F30000000000000000040000002000000000000000000000000000000000000200000010000000800000
	0000000000000000000000010000000000000040000000000000000000000000000000100000000000200000000000000000000000000000000000020000001000000080000000000000000000000000000100000000000000400000000000000000000000000000000000000000002000000000000000000000BE35800440
	1200044092040064920400609224004092240140922401009224410290064112801441920084419200204192000041922001409320014082204110D22041009020410280204102002041820020419220006192200040922001408220010092204102803241028030418200A041820020418200004192200140832001409220
	4100C220410080204102802041120020410200204102200061022000400220010072668024601200246092002040920400409224004092240140922401009224410090244102A02441122024419220204192000041922000409220014092200100922041009020410290204112102041920020419200004192200040923001
	4092200100923041009020410280204112002051920020519200005192200040922001509220010092204110902041128020411210204112102041121000411230004012300100BBE1014000000040000000400000004040000000000000000000200000000040402000000000000000000040000000400020004040000000
	00000040000000000000000000400000000000000000000000000000000000100040000000404000000000000000000000000000000000000000000000000000000000200000000020000000001000200000000000000000000000000000002000000000000000000020008000001300000000000000000000000000000000
	00000000004000000040000000000000000040000000000000000000000000000000000000000000000000000000000000000000000000000000000000001000000000000000100000000000000010000000000000000000000000000000000000000000000000000000001000000000000000000000000000000000100020
	0000000000000000000000000000000000000000C28200004020004000040000442000402000404000004000000000200060000260602230000030A060208040404000002020404000010000010040400040101040000000000000000010001000001010101010300010201000104040001000105010000000020000021000
	0010800000800000001010000020300001101001002030004010105010000000001010203010001000201010300020100020003030000010000005C840404020004060604040440000402000000000004000404040400040200020002220404070606020804020202020404000004040404041400000000010104000000000
	0000000010001000001010000000000000200000100000405000104000000010100000020000001000000090100000000000002030000000000100203010100000400010100000202000103020302020100020000010002000000030303020003E504060604060006460606064444000202000004000004040406060402062
	00200072624040D0500040E0E0202020204040404041404040414140404000101040404040404000000010001000001010100030101010707040504040405000500040000012101010120200009010101090900000000010003020010000001101302050102020707010100000000030203030203010302020200000102030
	20203030203000A33000206040600040400000404040004040404040000040404020204000600060402020000040400040404040406060202040400000404000004040000010100000404040400000001000100000101000000000100050504050404000100050105010100000000000000000000000000000101010101000
	30201010101010003020101030303030000010103030100010102030103030301010001000103030101020300092834000002040000020400000004000000040000000400000004000004000000040000000400000204000002040000020400000004000000040000000000000000000000000000000000000000000000000
	00000000000040000000400000004010000000100000000000000000000010000000100000001000000010000000100000001000000010000000100000100020001000200010000000100000001020000010006DB4000020000000000000002000000000000000000000000000600000000000004020000000000000000020
	20000000204000000000000000000000000000000000000000000000100010000000001010001010100010001000001000000000000000000000000000100000000000000000000000000000000000000000000000000020000000000000000010000000000010000000001010000000000000001000000000A15020000100
	20400020600000000000000040000000004000000000202000002000000000400000400000000000000000000000000000000040000010000000000000000000000000000000000000000010000000100010000000004000100000000000001010000000000000000010000000100000000000000020100000000010000000
	0000000000001000000000000000003000000000001000000000000000100000B2E9400001000000000000000020004000000000000000000000002040002020002000200000002000000000004000000000000000400000000000000000000000000040000000000000000000001000000000000000000000000000100000
	00005000000000000010000000000000001000000010000010001000000000001000000000100020101000000000201000002000000000000000000000100000102080000000430601000000000000000400000020000000000000000000000000000000000002000000100000008000000000000000000000000000010000
	000000000040000000000000000000000000000000100000100000200000100010000000000000000000000000020000001000000080000000000000000000000000000100000000002000400000000000000000000000000000000000000000002000000000000000008000DDB30000210040000000000000000000000000
	00000000400000000000000000000000000000000040000000000000000000000000000000000000000000000000000000000000000000000000000000000010000000000000001000100000000000000000000000000000000000000000000000000000001000000000000000100000000000000000000000000000100000
	0010000000000000100000000000000000000019D600000000000000000000000020000000000000000000000000000000000000000000000000000000000000000000000000000000000000000000000000000000000000000000000000000000000000000000000000000000000000000000000000000000000000000000
	0000000000000000000000000000002000000000000000000000000000000000000000000000000000000000000000000000000000000000001DA90000000000000000000000000000000000000000000000000000000000200000002000000000000000000040000000000000000000004000000000100000000000000000
	0000000000000000000000000000000000000000000000000000100000001000000000000000000000000000000000000000000000000000000000000000100000000000000010000000000000000000001000000000000000102000000000F13B000000000000002140000020000000000000000000000000200000200000
	00200000000000000000000000000000002000000000000000000000000000000000000000000000000000000000000010000000000000000000000000400000000000000000000000100000000000001000000000000000000000001000000000000000000000000010000000000000200000000000000000000000000000
	0000000080000A970020000000000000000000000000000000000000000000002000000000000000000000000000000000002000000000400000000000000000000000000000000000400000000000000000000010000000001010000000000000000000001000000000000000000000000000000000000000001000000000
	00000000000000000000000000000000000000002000000000000000000000000000000000000000000000005A57410000000000000020000000000000000040000000000000004000000000400000200040200000002000000000000000000000400000000000000000000000000000000000000000001000000000000000
	00000000000000000000000000000000000000000000000000000010000000001000000000000000000000100000000000000000100000000000000000000000000010000000000000000000000000000000A48000000000000000000000000000000000000000000000000000002000200000000000000000000000000000
	00000000000000000000000000000000000000000000000000000010000000000000000000000000000010000000000000000000000000000000000000100000000000000000000000000000000000000000000000000000002000000010000000000000000000000000000010000000000000000000000048F60000000000
	20000000000020400000000000000000000000000000400000002000000000000000000000000000000000000000000000000000000000000000000000000000000000000000000000000000001000000000000000000000000040000000000010100000000000000000000000000010000000000000000000000000000000
	00000000000000000000000000000020000000000000001000001000100000C0EC01000000000000000000000000000000000000100000000000000000000000000000000000000000000000000000000020000000000000000000000000000000000000000000000000001000000000000000100000000000000000000010
	0000000000000000000000000000000000000000000000200010000000000000000000000000000020000000000000000000000000000000000000000000100100000000006E5B2040000000000000100000000040100000200000000000000020000010000000002004400000000020000040000000000040002000200000
	0000001000002000000000001000004010000020001000100000000000000040000000020000001000000000100000000000210000300000000000000010000000002000002000000010000000100010000000000000001010000010000000000010000000000000000000F9F3200000000000000000000000400000000000
	10000000000020000000000000002000000000000000000000000000000000000000200000000000000000000000000000000010000000000010000000000000000000000000000000020000001000000000001000000000002000000000000000001020000000000000200000000000000000002000000000000000001000
	000000000000000010000000000000000000A4DD0000000000000000000000000000200000000000000000000000000010000000000040001000000000204000000000002040000000000000000000000000000000000000000000000000000010001000000000000000000000000000001000000000000000000000000010
	00200000000000000000000000000000000000000010000000000000100000000000000000100010000000000000000000001100000000001F94004000000000000010000000000010002000000000000000000000000000000000000400000000000000000000000000000020000000000000000010000000200000000000
	00004010002000000000000000001000000040000000000000000000000000000000000000000110000000000000000000100000002000000000000000000000100000000000000000000000000000000000000000000000000000000000E51000000000000000000000000000000000000020000000002000002000000000
	00000000400000000000000020000020000000000000000000000000000000000000000000000000000000000000000000000000000000004000000050000000000000100000000000000000000000000000000010000000100000000000002010000010000000201000000000000000000000000000000000000000000000
	0000100000AF30000000000000000000000000000000000000000000400000000000000000000000000000000000200000400000000000000000000000000010000000000000000000000000000000000010000000000000004000000000000000000000000000000000000000000000000000000000000000000000000000
	00000000000000000000000000000000000000001000000000000000000000000000000000100000000000438600000000000000000000000000000000000000000000200000000000000000000000400000000000000000400000200000000000000000000000000000000000000000000000000000000000000000000000
	00000000000000000040000000000000001000000000000000000000000000001000000000100000000000000030000000100000002000000000100000000000000000000000000000001000000000000025C80000000000000000000000000000000000000020004000000000002000000000000000000000002000000020
	00000000000000000000000000100000000000000000000000000000000010000000000000000040000000400000100000000000000000000000000000000000000000000000000000000000000000000000000000000000000000100000000000000000000000000000000000000000000000001000006F2B000020000040
	00000000000000000000004000200000000000004020000000000000002000004020000040200000400000000000000040000000000000000000000000000000000000001000000000000000000000000000000000000000104000000000000000000000000000000000000000000000201000000000000000100000200000
	00001000000010000000000000200010000000100000001000000000000099B90000000020001000000000000000000000100000000020000000000000000000000000000000000000000000000000000000000000000000000000100000000000000000000000000000000000000000000000000000000000000000000000
	00000000000000000000000000000000000000000000000000000000000000000000000000000100000000000000000000000000010000000000000000000000000000002847000020000000000000000000000000000050200000002000000040200000000000000020000040200000402000004000000000000000400000
	00001000000000000000000000000000001000000000000000000000000000000000000000004000000000000000000000000000000000000000000000300000000000000000100000200000010010000000100000000000002000100000000010000010000000000000BC3000000000600000100000000000000000000000
	00000000000000000000000000000000000000000000000000000000000000000000000000000000000000000000000000000000000000000000000000000000000000000000000000000000100000000000000000000000000000000000000000000000000000000000000000000000000000000000000000000000000000
	0001000000000000000000000000000000DE51000000000400001000000000000000000000000000000000000000000000000000000000000000000000000000000000000000000000000000000000000000000000000000000000000000000000000000000000000000000000000000000000000000000000000000000000
	0000000000000000000001000000000000000000000000000000000000000000000000000000000000000000000000000000000000000008FA00000000000000000000000000000000000000000000400000000000000000000000004000000000000000000000000000000000000000000000000000000000000000000000
	000000000000000000000000000000000000000000000000000000000000000000000000000000000000000000000000000000000000000000000000000000000000000020000000000000000000000000000000000000000000000000138E8000000000000000001000000000000000000000800000000000000020000000
	00002000000000000000000000000000000000000000000000000000000000000000000000000000000000000000000000000000000000000000000000000000000000000000000000000000000000000000000000000000000000000000000000000000000000000000000000000000000000000000000000000000000000
	000000009AF900000000000000000000000000000000000000000000000000000000000000000000000000000000000000000000000000000000000000000000000000000000000000000000000000000000000000000000000000000000000000000000002000000040000000000000000000000000000000000000000000
	00001000000000000000000000000000000000000000000000000000000000000000400000000000000024830080000000000000001000000000000000000000008000000000000020000000000000000000000000000000000000000000000000000000000000000000000000000000000000000000000000000000000000
	0000000000000000000000000000004000000000000000000000000000000000000000000000000000000000000000000000000000000000000000000000000000000000000000000000000000000000AB1C000000000000000000000000000000000000000000000000000000000000000000000020000000000000000000
	00000000000000000000000000000000000000000000000000000000000000000000000000000000000000000000000000200000000000000000000000000000000000000000000000000000000010000000000000000000000000000000000000000000000000000000000000400000000000000000D19900002000000000
	00000000000000000000000000000000000000000000000000000000000000000000000000000000000000000000000000000000000000000000000000000000000000000000000000000000000000000000000000000000000000000000000000000000400000000000000000000000004000000000000000000000000000
	4000000000000000000000000000000000000000000000000000000000966E000000000000000000000000000000000000000000000000000000000000000000000000000000000000000000000000000000000000000000002000000000000000000000000000000000000000000000000000000000000000000000000010
	0000000000000000000000000000000000000000000000000000000000000000000000000000000000000000000000000000000000100000000000000000000000000013B000000000000000000000000000000000000000000000000000000000000000000000000000000000000000000000000000000000000000000000
	000000000000000000000000000000000000000000000000000000000000000000000000000000000000000000000000000000000000000000000000000000000000000000000000000000000000000000000000000000000000000000000000000000000000000000BF1C0000000000000000000000000000008000000000
	00001000000000000000000000000000000000000000000000000000000000000000000000000000000000000000000000000000000000000000000000000000000000000000000000000000000000000000000000000000000000000000000000000000000000000000000000000000000000000000000000000000000000
	000000000000000000000000000000000CDF00000000000000000000000000000000000000000000000000000000000000000000000000000000000000000000000000000000000000000000000000000000000000000000000000000000000000000000000000000000000000000000000000000000000000000040000000
	0000000000000000000000000000000000000000000000000000000000000000000000000000000000000000000000000000000000004F7C0000000000000000000000000000000000000000000000000000000000100000000000000000000000000000000000000000000000000000000000000000000000000000000000
	000000000000000000000000000000000000000000000000000000000000000000000000000000000000000000000000000000000000000000000000000000000000000000000100000000000000000000000000000000000000000076B9000000000000000000000000000000000000000000000000000000000000000000
	00000000000000000000000000000000000000000000000000000010000000000000000000000000000000000000000000000000000000000000000000000000000000000000000000000000000000000000000000000000000000000000000000000000000000000000000000000000000000000000100000000000000000
	000000FA790000200000000000000000000000008000000000000000000000000010000000000000000000000000000000000000000000000000000000000000000000000000000000000000000000000000000000000000000000000000000000000000000000000000000000000000400000000000000000000000000000
	0000000000000000000000000000000000000100000000000000100000100000000000000000000000279B000000000000000000000000000000000000000000001000000000000000000000000000000000000000000000000000000000000000000000002000100000000000000000000000000000000000000000000000
	0000000000000000000010000000000000000000400000000000000000000000000000004000000000000000000000000000400000000000000000000000000000000000000000000000000000000013B000000000000000000000000000000000000000000000000000000000000000000000000000000000000000000000
	0000000000000000000000000000000000000000000000000000000000000000000000000000000000000000000000000000000000000000000000000000000000000000000000000000000000000000000000000000000000000000000000000000000000000000000000000000000000000000008C480000200000000000
	00000000040080000000000002000000000004008100000000000200400000000000010000000000000000000000000001002000000000000000000000000000000000000000000000000000000000000000000000001000000001000000000000004000000000000100000000000000400000000000010000000000000040
	00000000000100200000000000000010000000000020000000000000F3A400002000000002000000000004009010200000000200000000000400810000000000020040000000101081000000000002105010000000000100200000101000400000000000010020000000020000001000000000002000000002000000100000
	00010000000000020040001000000001000000000002004000100000000100200000000000400000000000010020000000020000001000000000002000000002000088420200000000000000000000000010000000000000000001000000000000004000000000008100001000000000000000000000100000000000000000
	00100000000100000000000000000010000000000000000000000000000000000001000000000000004000000000000100000000000000000010000000010000000000000000000000000000002000000000000000000000000000200000000000000000000000002E3F000020000000040000000000040082000000000006
	00000000000400830000000000020040000000000001000000000000000100000000000100200000000000000000000000000000000000000000000000000000000000000000000000100000000100000000000000400000000000010040000000000040000000000001004000000000004000000000000100200000000000
	00001000000000002000000000000013B00000000000000000000000000000000000000000000000000000000000000000000000000000000000000000000000000000000000000000000000000000000000000000000000000000000000000000000000000000000000000000000000000000000000000000000000000000
	000000000000000000000000000000000000000000000000000000000000000000000000000000000000000000000000000000000013B0000000000000000000000000000000000000000000000000000000000000000000000000000000000000000000000000000000000000000000000000000000000000000000000000
	00000000000000000000000000000000000000000000000000000000000000000000000000000000000000000000000000000000000000000000000000000000000000000000000000000000000000000000000000000000000000EA1B02000000000000000000200000000000000000000000000000000000000000000000
	00008000000000000200400000000000000000000000000040000000000001002000000002000000100000000000200000000200000000000000000000000000020000001000000000000000000002000000100000000000200000000000000000000000000000000000020000000000000000000000000002000000000000
	000013B0000000000000000000000000000000000000000000000000000000000000000000000000000000000000000000000000000000000000000000000000000000000000000000000000000000000000000000000000000000000000000000000000000000000000000000000000000000000000000000000000000000
	000000000000000000000000000000000000000000000000000000000000000000000000000000005D4F00000000000000000000000000000000000000000000000000000000000000000000000040000000000000000000000000000000000000000000000000000000000000000000000000000000000000000000000000
	00000000000000000000000000000000000000000000000000000000000000000000000000000000000000000000000000000000000000000020001000000000000000000000002000000000000013B00000000000000000000000000000000000000000000000000000000000000000000000000000000000000000000000
	0000000000000000000000000000000000000000000000000000000000000000000000000000000000000000000000000000000000000000000000000000000000000000000000000000000000000000000000000000000000000000000000000000000000000000000000000000000000000000CEDB000000000000000000
	00000000000000000000000000000000000000000000000000000040000000000000000000000000000000000000000000000000000000000000000000000000000000000000000000000000000000000000000000000000000000000000000000000000000000000000000000000000000000000000000000000000000000
	00000000000020000000000000000000000000002000000000000080240000000000000000000000000000000000000000000000000000000000000000000000000000000000000000000000000000000000000000000000000000000000000000000000000000000000000000000000000000000000000000000000000000
	0000000000000000000000000000000000000000000000000000000000000000000000000000000000000000000010000000000000000000000000000000000000E3E3E3E347474747000000000000000000000000000000000000000000000000000000000000000000000000000000000000000000000000000000000000
	000000000000000000000000000000000000E0E0E0E0E0E0E0E0E0E0E0E0000000000000000020202020E0E0E0E0C0C0C0C000000000010101010000000020202020ECECECECCCCCCCCC00000000000000000000000030303030707070704040404000000000000000000000000000000000E0E0E0E0E0E0E0E0E0E0E0E000
	0000000000000020202020E0E0E0E0C0C0C0C000000000010101010000000022222222EEEEEEEECCCCCCCC00000000000000000000000030303030F0F0F0F0C0C0C0C000000000000000000000000000000000F1F1F1F1F1F1F1F1F1F1F1F1000000000000000031313131F1F1F1F1C0C0C0C0000000000000000000000000
	33333333FFFFFFFFCCCCCCCC00000000000000000000000021212121E1E1E1E1C0C0C0C000000000000000000000000000000000B0B0B0B0B0B0B0B0B0B0B0B0000000000000000030303030B0B0B0B08080808000000000000000000000000033333333FFFFFFFFCCCCCCCC00000000000000000000000020202020A0A0A0
	A08080808000000000000000000000000000000000BABABABABABABABABABABABA000000000000000032323232BABABABA8888888800000000000000000000000032323232BEBEBEBE9C9C9C9C00000000000000000000000033333333F3F3F3F3C0C0C0C000000000000000000000000000000000BABABABABABABABABABA
	BABA000000000000000032323232BABABABA8888888800000000000000000000000032323232BEBEBEBE8C8C8C8C00000000000000000000000011111111D1D1D1D1C0C0C0C00000000000000000000000000000000000000000D6D6D6D6D4D4D4D4A4A4A4A4A4A4A4A4A4A4A4A4000000000000000020202020A4A4A4A484
	84848400000000000000000000000022222222AEAEAEAE8C8C8C8C00000000000000000000000011111111D5D5D5D5C4C4C4C400000000000000000000000000000000B3B3B3B3B3B3B3B3B3B3B3B3000000000000000033333333B3B3B3B38080808000000000000000000000000031313131BDBDBDBD8C8C8C8C00000000
	000000000000000033333333F3F3F3F3C0C0C0C000000000000000000000000000000000BEBEBEBEBEBEBEBEBEBEBEBE000000000000000032323232BEBEBEBE8C8C8C8C00000000000000000000000033333333BFBFBFBF8C8C8C8C00000000000000000000000032323232FAFAFAFAC8C8C8C80000000000000000000000
	0000000000979797979797979797979797000000000000000013131313979797978484848400000000000000000000000013131313DFDFDFDFCCCCCCCC00000000000000000000000031313131313131310000000000000000000000000000000000000000B7B7B7B7B7B7B7B7B7B7B7B7000000000000000033333333B7B7
	B7B78484848400000000000000000000000033333333FFFFFFFFCCCCCCCC00000000000000000000000003030303030303030000000000000000000000000000000000000000F7F7F7F7F7F7F7F7F7F7F7F7000000000000000033333333F7F7F7F7C4C4C4C400000000000000000000000033333333FFFFFFFFCCCCCCCC00
	000000000000000000000010101010101010100000000000000000000000000000000000000000777777777777777777777777000000000000000033333333777777774444444400000000000000000000000033333333FFFFFFFFCCCCCCCC0000000000000000000000001010101000000000C0C0C0C0E5E5E5E510101010
	0000000000000000000000000000000000000000272727272727272727272727000000000000000023232323272727270404040400000000000000000000000033333333F7F7F7F7C4C4C4C400000000000000000000000000000000080808080808080800000000000000000000000000000000B5B5B5B5B5B5B5B5B5B5B5
	B5000000000000000031313131B5B5B5B58484848400000000000000000000000031313131FDFDFDFDCCCCCCCC00000000000000000000000002020202020202020000000000000000000000000000000000000000D1D1D1D1D1D1D1D1D1D1D1D1000000000000000011111111D1D1D1D1C0C0C0C000000000000000000000
	000011111111DDDDDDDDCCCCCCCC00000000000000000000000022222222222222220000000000000000000000000000000000000000494949494949494949494949000000000000000001010101494949494848484800000000000000000000000001010101CDCDCDCDCCCCCCCC000000000000000000000000323232323A
	3A3A3A08080808000000000000000000000000000000005B5B5B5B5B5B5B5B5B5B5B5B0000000000000000131313135B5B5B5B4848484800000000000000000000000013131313DFDFDFDFCCCCCCCC000000000000000000000000202020202828282808080808000000000000000000000000000000001F1F1F1F1F1F1F1F
	1F1F1F1F0000000000000000131313131F1F1F1F0C0C0C0C00000000000000000000000013131313DFDFDFDFCCCCCCCC000000000000000000000000212121212929292908080808000000000000000000000000000000003F3F3F3F3F3F3F3F3F3F3F3F0000000000000000333333333F3F3F3F0C0C0C0C00000000000000
	000000000033333333000000003B3B3B3BF4F4F4F4FFFFFFFFCCCCCCCC000000000000000000000000232323232B2B2B2B08080808000000000000000000000000000000002A2A2A2A2A2A2A2A2A2A2A2A0000000000000000222222222A2A2A2A0808080800000000000000000000000022222222EEEEEEEECCCCCCCC0000
	00000000000000000000222222222A2A2A2A08080808000000000000000000000000000000002A2A2A2A2A2A2A2A0A0A0A0A0000000000000000020202020A0A0A0A0808080800000000000000000000000002020202CECECECECCCCCCCC000000000000000000000000020202020A0A0A0A08080808000000000000000000
	00000000000000424242426262626242424242202020202020202022222222626262626060606020202020202020202020202022222222CACACACAC8C8C8C820202020202020200000000002020202020202020000000020202020000000000000000000000000424242424242424242424242000000000000000002020202
	4242424240404040000000000000000000000000020202024242424240404040000000000000000000000000020202028A8A8A8A888888880000000000000000000000000000000000000000000000000000000020202020000000000000000000000000000000000000000020202020202020200202020202020202000000
	00000000002020202000000000101010101818181828282828202020202020202020202020202020202020202020202020202020200000000000000000202020200000000000000000000000002020202020202020000000000000000020202020202020200000000000000000101010101010101020202020000000000000
	0000000000002020202000000000202020200000000020202020000000002020202000000000141414142A2A2A2A000000002020202020202020000000000000000000000000000000002020202020202020202020202020202020202020202020202020202020202020000000000000000000000000000000000000000000
	00000000000000000000000000000000000000000000000000000000000000000000001111111111111111000000000000000020202020000000000000000000000000000000000000000000000000000000000000000020202020202020200000000020202020202020202020202000000000000000000000000000000000
	00000000010101010101010100000000000000000000000000000000000000000000000000000000000000000000000000000000000000000000000000000000000000000000000000000000000000000000000000000000000000000000000000000000101010101010101000000000000000000000000000000000000000
	00000000000000000000000000000000000000000000000000000000000000000000000000000000000000000000000000000000000000000000000000000000000000000000000000000000000000000000000000000000000000000010101010101010100000000000000000000000000000000000000000000000000000
	00000000000000000000000000000000000000000000000000000000000000000000000000000000000000000000000000000000000000000000000000001010101010101010000000000000000000000000000000000000000010101010101010101010101000000000000000001010101010101010000000000000000000
	00000000000000101010101010101000000000000000000000000000000000101010101010101000000000000000000000000000000000000000000000000001010101010101010101010101010101010101010101010101010101010101010101010101010101010101010101010101010101010101010101010101010101
	010101010101010101010101010101010101010101010101010101010101010101010101010101010101010101010101010101010101010101018F730302030100000100000200000000020101070003060600030705070300010307060505000400050400FFFFFFFFFFFFFFFFFFFFFFFFFFFFFFFFFFFFFFFFFFFFFFFFFFFF
	FFFFFFFFFFFFFFFFFFFFFFFFFFFFFFFFFFFFFFFFFFFFFFFFFFFFFFFF);
SIR 10 TDI (004);
RUNTEST 125 TCK;
SDR 597 TDI (000000000000000000000000000000000000000000000000000000000000000000000000000000000000000000000000000000000000000000000000000000000000000000000000000000) TDO (00000000000000000000000000000000000000000000000000000000000000000000000000000000000000
	0000002000000000000000000000000000000000000000000000000000000000) MASK (000000000000000000000000000000000000000000000000000000000000000000000000000000000000000000002000000000000000000000000000000000000000000000000000000000);
SIR 10 TDI (003);
RUNTEST 125 TCK;
RUNTEST 512 TCK;
SIR 10 TDI (3FF);
RUNTEST 25000 TCK;
STATE IDLE;
